TYPE,MAN ID,CAT,S/N,EFL,DIA 100%,RD 1,GL 1,TH 1,RD 2,GL 2,TH 2,RD 3,GL 3,TH 3,RD 4,GL 4,TH 4,RD 5,GL 5,TH 5,RD 6
LEN,CV,UV,AMPQ-200-40,132,40,124.19,SILUV,7,222.939,AIR,,-129.955,SILUV,7.7,200.04,AIR,7.7,75,SILUV,7,125.019
LEN,CV,UV,AMPQ-50-10,33,10,28.9,SILUV,2.5,63.684,AIR,,-33.722,SILUV,2,52.357,AIR,6.09,16.57,SILUV,2.5,25.002
LEN,CV,UV,AMPQ-75-15,49.5,15,46.51,SILUV,3,76.277,AIR,,-49.317,SILUV,3,82.404,AIR,5,27.28,SILUV,3.5,41.207
LEN,CV,UV,APMQ-100-20,66,20,62.38,SILUV,3.5,110.211,AIR,,-65.107,SILUV,2.5,100,AIR,10.26,34.31,SILUV,4,52.357
LEN,CV,UV,APMQ-125-25,82.5,25,74.5,SILUV,5,148.234,AIR,,-60.8,SILUV,3.5,72.159,AIR,8,43.82,SILUV,4.5,60.037
LEN,CV,UV,APMQ-150-30,99,30,93.25,SILUV,5,162.043,AIR,,-97.54,SILUV,4,152.658,AIR,4,60.83,SILUV,5,96.004
LEN,CV,UV,APMQ-250-50,165,50,154.32,SILUV,9,279.55,AIR,,-162.043,SILUV,7,247.005,AIR,11.08,90.8,SILUV,8.5,151.351
LEN,CV,UV,APMQ-300-60,198,60,183.41,SILUV,9,344.993,AIR,,-192.21,SILUV,7.5,292.794,AIR,22.5,122.63,SILUV,9,242.126
LEN,CV,UV,APMQ-500-100,330,100,548,SILUV,12,309.325,AIR,,-316.7,SILUV,10,491.976,AIR,10,189.93,SILUV,10,341.52
LEN,CV,VIS,BCB-10.0-10.3-C,-10,10,-10.3,N-BK7,2,10.3,,,,,,,,,,,,
LEN,CV,VIS,BCB-10.0-15.5-C,-15,10,-15.5,N-BK7,2,15.5,,,,,,,,,,,,
LEN,CV,VIS,BCB-10.0-20.9-C,-20.3,10,-20.9,N-BK7,2,20.9,,,,,,,,,,,,
LEN,CV,VIS,BCB-10.0-25.8-C,-25,10,-25.8,N-BK7,2,25.8,,,,,,,,,,,,
LEN,CV,VIS,BCB-12.7-10.3-C,-10,12.7,-10.3,N-BK7,2,10.3,,,,,,,,,,,,
LEN,CV,VIS,BCB-12.7-103.4-C,-100.4,12.7,-103.4,N-BK7,2.5,103.4,,,,,,,,,,,,
LEN,CV,VIS,BCB-12.7-13.1-C,-12.7,12.7,-13.1,N-BK7,2.5,13.1
LEN,CV,VIS,BCB-12.7-15.5-C,-15,12.7,-15.5,N-BK7,2,15.5
LEN,CV,VIS,BCB-12.7-20.9-C,-20.3,12.7,-20.9,N-BK7,2,20.9
LEN,CV,VIS,BCB-12.7-25.8-C,-25,12.7,-25.8,N-BK7,2.5,25.8
LEN,CV,VIS,BCB-12.7-51.7-C,-50.2,12.7,-51.7,N-BK7,2.5,51.7
LEN,CV,VIS,BCB-12.7-75.0-C,-72.8,12.7,-75,N-BK7,2.5,75
LEN,CV,VIS,BCB-15.0-15.5-C,-15,15,-15.5,N-BK7,2,15.5
LEN,CV,VIS,BCB-15.0-20.9-C,-20.3,15,-20.9,N-BK7,2,20.9
LEN,CV,VIS,BCB-20.0-20.9-C,-20.3,20,-20.9,N-BK7,2,20.9
LEN,CV,VIS,BCB-20.0-25.8-C,-25,20,-25.8,N-BK7,2,25.8
LEN,CV,VIS,BCB-20.0-51.7-C,-50.2,20,-51.7,N-BK7,2,51.7
LEN,CV,VIS,BCB-25.4-103.4-C,-100.4,25.4,-103.4,N-BK7,2.1,103.4
LEN,CV,VIS,BCB-25.4-130.0-C,-126.2,25.4,-130,N-BK7,2.9,130
LEN,CV,VIS,BCB-25.4-156.3-C,-151.7,25.4,-156.3,N-BK7,3.2,156.3
LEN,CV,VIS,BCB-25.4-206.6-C,-200.5,25.4,-206.6,N-BK7,3.4,206.6
LEN,CV,VIS,BCB-25.4-25.8-C,-25,25.4,-25.8,N-BK7,3,25.8
LEN,CV,VIS,BCB-25.4-258.4-C,-250.8,25.4,-258.4,N-BK7,3.6,258.4
LEN,CV,VIS,BCB-25.4-30.9-C,-30,25.4,-30.9,N-BK7,3,30.9
LEN,CV,VIS,BCB-25.4-312.0-C,-302.9,25.4,-312,N-BK7,3.7,312
LEN,CV,VIS,BCB-25.4-36.4-C,-35.3,25.4,-36.4,N-BK7,3,36.4
LEN,CV,VIS,BCB-25.4-40.6-C,-39.4,25.4,-40.6,N-BK7,3,40.6
LEN,CV,VIS,BCB-25.4-41.5-C,-40.3,25.4,-41.5,N-BK7,3,41.5
LEN,CV,VIS,BCB-25.4-51.7-C,-50.2,25.4,-51.7,N-BK7,3,51.7
LEN,CV,VIS,BCB-25.4-516.8-C,-501.7,25.4,-516.8,N-BK7,3.9,516.8
LEN,CV,VIS,BCB-25.4-75.0-C,-72.8,25.4,-75,N-BK7,3,75
LEN,CV,VIS,BCB-5.0-5.5-C,-5.3,5,-5.5,N-BK7,2,5.5
LEN,CV,VIS,BCB-50.8-103.4-C,-100.4,50.8,-103.4,N-BK7,3,103.4
LEN,CV,VIS,BCB-50.8-156.3-C,-151.7,50.8,-156.3,N-BK7,4.6,156.3
LEN,CV,VIS,BCB-50.8-258.4-C,-250.8,50.8,-258.4,N-BK7,6,258.4
LEN,CV,VIS,BCB-50.8-312.0-C,-302.9,50.8,-312,N-BK7,5.9,312
LEN,CV,VIS,BCB-50.8-516.8-C,-501.7,50.8,-516.8,N-BK7,7,516.8
LEN,CV,VIS,BCB-50.8-75.0-C,-72.8,50.8,-75,N-BK7,3,75
LEN,CV,VIS,BCB-6.0-8.6-C,-8.3,6,-8.6,N-BK7,2.4,8.6
LEN,CV,VIS,BCB-6.4-13.1-C,-12.7,6.4,-13.1,N-BK7,2.5,13.1
LEN,CV,VIS,BCB-8.0-25.9-C,-25.1,8,-25.9,N-BK7,2,25.9
LEN,CV,UV,BCF-10.0-10.3-UV,-10.8,10,-10.3,SILUV,2,10.3
LEN,CV,UV,BCF-10.0-20.9-UV,-21.9,10,-20.9,SILUV,2,20.9
LEN,CV,UV,BCF-10.0-25.8-UV,-27.1,10,-25.8,SILUV,2,25.8
LEN,CV,UV,BCF-12.7-25.8-UV,-27.1,12.7,-25.8,SILUV,2.5,25.8
LEN,CV,UV,BCF-20.0-20.9-UV,-21.9,20,-20.9,SILUV,2,20.9
LEN,CV,UV,BCF-20.0-25.8-UV,-27.1,20,-25.8,SILUV,2,25.8
LEN,CV,UV,BCF-25.4-103.4-UV,-108.6,25.4,-103.4,SILUV,2.6,103.4
LEN,CV,UV,BCF-25.4-1030.0-UV,-1081.7,25.4,-1030,SILUV,4.1,1030
LEN,CV,UV,BCF-25.4-156.3-UV,-164.1,25.4,-156.3,SILUV,3.3,156.3
LEN,CV,UV,BCF-25.4-206.6-UV,-217,25.4,-206.6,SILUV,3.4,206.6
LEN,CV,UV,BCF-25.4-25.8-UV,-27.1,25.4,-25.8,SILUV,3,25.8
LEN,CV,UV,BCF-25.4-258.4-UV,-271.4,25.4,-258.4,SILUV,3.6,258.4
LEN,CV,UV,BCF-25.4-31.4-UV,-33,25.4,-31.4,SILUV,3,31.4
LEN,CV,UV,BCF-25.4-417.7-UV,-438.6,25.4,-417.7,SILUV,3.8,417.7
LEN,CV,UV,BCF-25.4-51.7-UV,-54.3,25.4,-51.7,SILUV,3,51.7
LEN,CV,UV,BCF-25.4-516.8-UV,-542.7,25.4,-516.8,SILUV,3.9,516.8
LEN,CV,UV,BCF-25.4-78.2-UV,-82.1,25.4,-78.2,SILUV,3,78.2
LEN,CV,UV,BCF-25.4-82.4-UV,-86.5,25.4,-82.4,SILUV,3,82.4
LEN,CV,UV,BCF-38.1-51.7-UV,-54.3,38.1,-51.7,SILUV,3,51.7
LEN,CV,UV,BCF-50.8-103.4-UV,-108.6,50.8,-103.4,SILUV,3,103.4
LEN,CV,UV,BCF-50.8-1030.0-UV,-1081.7,50.8,-1030,SILUV,7.4,1030
LEN,CV,UV,BCF-50.8-156.3-UV,-164.1,50.8,-156.3,SILUV,4.2,156.3
LEN,CV,UV,BCF-50.8-206.6-UV,-217,50.8,-206.6,SILUV,3.2,206.6
LEN,CV,UV,BCF-50.8-258.4-UV,-271.4,50.8,-258.4,SILUV,5.7,258.4
LEN,CV,UV,BCF-50.8-417.7-UV,-438.6,50.8,-417.7,SILUV,6.3,417.7
LEN,CV,UV,BCF-50.8-516.8-UV,-542.7,50.8,-516.8,SILUV,6.9,516.8
LEN,CV,UV,BCF-6.4-13.1-UV,-13.8,6.4,-13.1,SILUV,2.5,13.1
LEN,CV,UV,BCF-7.0-25.8-UV,-27.1,7,-25.8,SILUV,2,25.8
LEN,CV,VIS,BFPL-12.7-25.0-C,24.6,12.7,14.399,N-BK7,4,-96.004
LEN,CV,UV,BFPL-12.7-25.0-UV,26.6,12.7,14.399,SILUV,4,-96.004
LEN,CV,VIS,BFPL-12.7-38.1-C,38.6,12.7,22.768,N-BK7,4,-147.34
LEN,CV,UV,BFPL-12.7-38.1-UV,41.7,12.7,22.768,SILUV,4,-147.34
LEN,CV,VIS,BFPL-25.4-100.0-C,101.6,25.4,60.037,N-BK7,4,-400.056
LEN,CV,UV,BFPL-25.4-100.0-UV,110,25.4,60.037,SILUV,4,-400.056
LEN,CV,VIS,BFPL-25.4-125.0-C,124.7,25.4,73.661,N-BK7,4,-491.976
LEN,CV,UV,BFPL-25.4-125.0-UV,134.9,25.4,73.661,SILUV,4,-491.976
LEN,CV,VIS,BFPL-25.4-150.0-C,148.5,25.4,87.574,N-BK7,4,-594.354
LEN,CV,UV,BFPL-25.4-150.0-UV,160.6,25.4,87.574,SILUV,4,-594.354
LEN,CV,VIS,BFPL-25.4-200.0-C,200,25.4,118.506,N-BK7,4,-779.902
LEN,CV,UV,BFPL-25.4-200.0-UV,216.4,25.4,118.506,SILUV,4,-779.902
LEN,CV,VIS,BFPL-25.4-50.0-C,50.7,25.4,29.802,N-BK7,4,-200.04
LEN,CV,UV,BFPL-25.4-50.0-UV,54.8,25.4,29.802,SILUV,4,-200.04
LEN,CV,VIS,BFPL-25.4-75.0-C,74.7,25.4,44.117,N-BK7,4,-292.794
LEN,CV,UV,BFPL-25.4-75.0-UV,80.8,25.4,44.117,SILUV,4,-292.794
LEN,CV,VIS,BICC-10.0-23.4-C,-22.5,10,-23.4,N-BK7,1.1,23.4
LEN,CV,VIS,BICC-12.0-12.7-C,-12,12,-12.7,N-BK7,2,12.7
LEN,CV,VIS,BICC-12.7-10.8-C,-10.2,12.7,-10.8,N-BK7,2,10.8
LEN,CV,VIS,BICC-15.0-103.4-C,-100,15,-103.4,N-BK7,2,103.4
LEN,CV,VIS,BICC-15.0-26.1-C,-25,15,-26.1,N-BK7,2,26.1
LEN,CV,VIS,BICC-19.1-20.9-C,-20,19.1,-20.9,N-BK7,2,20.9
LEN,CV,UV,BICC-19.1-20.9-UV,-21.6,19.1,-20.9,SILUV,2,20.9
LEN,CV,UV,BICC-19.1-36.4-UV,-37.9,19.1,-36.4,SILUV,2,36.4
LEN,CV,UV,BICC-19.1-72.5-UV,-75.8,19.1,-72.5,SILUV,2,72.5
LEN,CV,VIS,BICC-25.0-26.1-C,-25,25,-26.1,N-BK7,2,26.1
LEN,CV,VIS,BICC-25.0-26.4-C,-25.3,25,-26.4,N-BK7,2.1,26.4
LEN,CV,VIS,BICC-25.4-103.4-C,-99.9,25.4,-103.4,N-BK7,2.6,103.4
LEN,CV,UV,BICC-25.4-103.4-UV,-108.1,25.4,-103.4,SILUV,2.6,103.4
LEN,CV,UV,BICC-25.4-1030.5-UV,-1082.3,25.4,-1030.5,SILUV,3.5,1030.5
LEN,CV,VIS,BICC-25.4-129.1-C,-125,25.4,-129.1,N-BK7,2.9,129.1
LEN,CV,VIS,BICC-25.4-154.9-C,-149.8,25.4,-154.9,N-BK7,3.2,154.9
LEN,CV,UV,BICC-25.4-154.9-UV,-162.1,25.4,-154.9,SILUV,3.2,154.9
LEN,CV,VIS,BICC-25.4-206.4-C,-200,25.4,-206.4,N-BK7,3.4,206.4
LEN,CV,UV,BICC-25.4-206.4-UV,-216.4,25.4,-206.4,SILUV,3.4,206.4
LEN,CV,UV,BICC-25.4-257.9-UV,-270.9,25.4,-257.9,SILUV,2,257.9
LEN,CV,UV,BICC-25.4-26.1-UV,-27.1,25.4,-26.1,SILUV,2,26.1
LEN,CV,VIS,BICC-25.4-309.4-C,-300.3,25.4,-309.4,N-BK7,2,309.4
LEN,CV,VIS,BICC-25.4-412.4-C,-400.3,25.4,-412.4,N-BK7,2,412.4
LEN,CV,UV,BICC-25.4-412.4-UV,-432.8,25.4,-412.4,SILUV,3.8,412.4
LEN,CV,UV,BICC-25.4-51.8-UV,-54.1,25.4,-51.8,SILUV,2,51.8
LEN,CV,VIS,BICC-25.4-515.8-C,-500.7,25.4,-515.8,N-BK7,2,515.8
LEN,CV,UV,BICC-25.4-515.8-UV,-541.7,25.4,-515.8,SILUV,3.5,515.8
LEN,CV,VIS,BICC-25.4-618.4-C,-600.3,25.4,-618.4,N-BK7,2,618.4
LEN,CV,VIS,BICC-25.4-77.6-C,-75,25.4,-77.6,N-BK7,2,77.6
LEN,CV,UV,BICC-25.4-77.6-UV,-81.2,25.4,-77.6,SILUV,2,77.6
LEN,CV,UV,BICC-38.1-257.9-UV,-270.5,38.1,-257.9,SILUV,5.3,257.9
LEN,CV,VIS,BICC-38.1-309.4-C,-300,38.1,-309.4,N-BK7,2,309.4
LEN,CV,VIS,BICC-38.1-412.4-C,-400,38.1,-412.4,N-BK7,6,412.4
LEN,CV,UV,BICC-38.1-412.4-UV,-432.8,38.1,-412.4,SILUV,5.3,412.4
LEN,CV,VIS,BICC-38.1-51.8-C,-50,38.1,-51.8,N-BK7,2,51.8
LEN,CV,UV,BICC-38.1-51.8-UV,-54.1,38.1,-51.8,SILUV,2,51.8
LEN,CV,VIS,BICC-38.1-618.4-C,-600,38.1,-618.4,N-BK7,6,618.4
LEN,CV,UV,BICC-38.1-618.4-UV,-649.1,38.1,-618.4,SILUV,6.3,618.4
LEN,CV,VIS,BICC-42.0-51.8-C,-50,42,-51.8,N-BK7,2,51.8
LEN,CV,VIS,BICC-5.0-5.5-C,-5,5,-5.5,N-BK7,2,5.5
LEN,CV,UV,BICC-50.0-1030.5-UV,-1081.9,50,-1030.5,SILUV,7.7,1030.5
LEN,CV,VIS,BICC-50.0-206.4-C,-200,50,-206.4,N-BK7,5.3,206.4
LEN,CV,UV,BICC-50.0-51.8-UV,-54.1,50,-51.8,SILUV,2,51.8
LEN,CV,UV,BICC-50.0-515.8-UV,-541.4,50,-515.8,SILUV,7.1,515.8
LEN,CV,VIS,BICC-50.8-103.4-C,-100,50.8,-103.4,N-BK7,2.2,103.4
LEN,CV,UV,BICC-50.8-103.4-UV,-108.2,50.8,-103.4,SILUV,2.2,103.4
LEN,CV,UV,BICC-50.8-1030.5-UV,-1082.3,50.8,-1030.5,SILUV,7.7,1030.5
LEN,CV,UV,BICC-50.8-154.9-UV,-162.7,50.8,-154.9,SILUV,2,154.9
LEN,CV,VIS,BICC-50.8-206.4-C,-200,50.8,-206.4,N-BK7,5.4,206.4
LEN,CV,UV,BICC-50.8-206.4-UV,-216.8,50.8,-206.4,SILUV,3.4,206.4
LEN,CV,UV,BICC-50.8-257.9-UV,-270.9,50.8,-257.9,SILUV,5.3,257.9
LEN,CV,VIS,BICC-50.8-309.4-C,-300.3,50.8,-309.4,N-BK7,6.3,309.4
LEN,CV,VIS,BICC-50.8-412.4-C,-400.3,50.8,-412.4,N-BK7,6,412.4
LEN,CV,VIS,BICC-50.8-515.8-C,-500.4,50.8,-515.8,N-BK7,2.3,515.8
LEN,CV,UV,BICC-50.8-515.8-UV,-541.7,50.8,-515.8,SILUV,7.1,515.8
LEN,CV,VIS,BICC-50.8-618.4-C,-600.3,50.8,-618.4,N-BK7,6.3,618.4
LEN,CV,VIS,BICC-6.0-8.6-C,-8,6,-8.6,N-BK7,2,8.6
LEN,CV,VIS,BICC-8.0-26.1-C,-25,8,-26.1,N-BK7,2,26.1
LEN,CV,VIS,BICX-10.0-102.7-C,100,10,102.7,N-BK7,2,-102.7
LEN,CV,UV,BICX-10.0-102.7-UV,108.2,10,102.7,SILUV,2,-102.7
LEN,CV,VIS,BICX-10.0-128.4-C,125,10,128.4,N-BK7,2,-128.4
LEN,CV,VIS,BICX-10.0-205.7-C,200,10,205.7,N-BK7,2,-205.7
LEN,CV,VIS,BICX-10.0-25.2-C,25,10,25.2,N-BK7,3,-25.2
LEN,CV,UV,BICX-10.0-35.6-UV,37.8,10,35.6,SILUV,2.4,-35.6
LEN,CV,VIS,BICX-10.0-51.0-C,49.9,10,51,N-BK7,2.4,-51
LEN,CV,UV,BICX-10.0-51.1-UV,54.1,10,51.1,SILUV,2.4,-51.1
LEN,CV,UV,BICX-10.0-61.4-UV,64.9,10,61.4,SILUV,2.4,-61.4
LEN,CV,VIS,BICX-10.0-76.9-C,80.4,10,76.9,N-BK7,4,-76.9
LEN,CV,UV,BICX-10.0-76.9-UV,81.2,10,76.9,SILUV,2.4,-76.9
LEN,CV,VIS,BICX-10.0-9.4-C,10,10,9.4,N-BK7,4.8,-9.4
LEN,CV,VIS,BICX-12.7-12.5-C,13,12.7,12.5,N-BK7,5,-12.5
LEN,CV,VIS,BICX-12.7-14.4-C,15,12.7,14.4,N-BK7,5.9,-14.4
LEN,CV,UV,BICX-12.7-14.4-UV,16.2,12.7,14.4,SILUV,5.9,-14.4
LEN,CV,VIS,BICX-12.7-25.2-C,25,12.7,25.2,N-BK7,3.3,-25.2
LEN,CV,UV,BICX-12.7-25.2-UV,27,12.7,25.2,SILUV,3.3,-25.2
LEN,CV,VIS,BICX-12.7-25.5-C,25.4,12.7,25.5,N-BK7,3.6,-25.5
LEN,CV,UV,BICX-12.7-25.5-UV,27.4,12.7,25.5,SILUV,3.6,-25.5
LEN,CV,UV,BICX-15.0-102.4-UV,108,15,102.4,SILUV,2.7,-102.4
LEN,CV,VIS,BICX-15.0-102.6-C,100,15,102.6,N-BK7,2.7,-102.6
LEN,CV,UV,BICX-15.0-128.4-UV,135.3,15,128.4,SILUV,2.4,-128.4
LEN,CV,VIS,BICX-15.0-128.8-C,125.4,15,128.8,N-BK7,2.4,-128.8
LEN,CV,VIS,BICX-15.0-17.4-C,18,15,17.4,N-BK7,6.1,-17.4
LEN,CV,UV,BICX-15.0-17.4-UV,19.4,15,17.4,SILUV,6.1,-17.4
LEN,CV,VIS,BICX-15.0-18.8-C,19,15,18.8,N-BK7,4.1,-18.8
LEN,CV,VIS,BICX-15.0-19.7-C,20,15,19.7,N-BK7,4.9,-19.7
LEN,CV,UV,BICX-15.0-19.7-UV,21.6,15,19.7,SILUV,4.9,-19.7
LEN,CV,VIS,BICX-15.0-205.7-C,200,15,205.7,N-BK7,2.2,-205.7
LEN,CV,UV,BICX-15.0-205.7-UV,216.4,15,205.7,SILUV,2.2,-205.7
LEN,CV,VIS,BICX-15.0-25.0-C,25,15,25,N-BK7,4.5,-25
LEN,CV,UV,BICX-15.0-25.0-UV,27,15,25,SILUV,4.5,-25
LEN,CV,UV,BICX-15.0-35.4-UV,37.8,15,35.4,SILUV,3.6,-35.4
LEN,CV,VIS,BICX-15.0-51.0-C,50,15,51,N-BK7,2.9,-51
LEN,CV,UV,BICX-15.0-51.0-UV,54.1,15,51,SILUV,2.9,-51
LEN,CV,VIS,BICX-15.0-61.3-C,60,15,61.3,N-BK7,2.7,-61.3
LEN,CV,VIS,BICX-15.0-76.8-C,75,15,76.8,N-BK7,2.7,-76.8
LEN,CV,UV,BICX-15.0-76.8-UV,81.1,15,76.8,SILUV,2.7,-76.8
LEN,CV,UV,BICX-19.1-102.5-UV,108.2,19.1,102.5,SILUV,3.2,-102.5
LEN,CV,UV,BICX-19.1-19.1-UV,21.6,19.1,19.1,SILUV,8.2,-19.1
LEN,CV,VIS,BICX-19.1-205.6-C,200.2,19.1,205.6,N-BK7,3.7,-205.6
LEN,CV,UV,BICX-19.1-205.6-UV,216.4,19.1,205.6,SILUV,3.7,-205.6
LEN,CV,VIS,BICX-19.1-21.4-C,22,19.1,21.4,N-BK7,6.9,-21.4
LEN,CV,UV,BICX-19.1-21.4-UV,23.7,19.1,21.4,SILUV,6.9,-21.4
LEN,CV,VIS,BICX-19.1-25.1-C,25.4,19.1,25.1,N-BK7,6.1,-25.1
LEN,CV,VIS,BICX-19.1-29.8-C,30,19.1,29.8,N-BK7,6.3,-29.8
LEN,CV,UV,BICX-19.1-29.8-UV,32.4,19.1,29.8,SILUV,6.3,-29.8
LEN,CV,UV,BICX-19.1-35.2-UV,37.8,19.1,35.2,SILUV,4.7,-35.2
LEN,CV,VIS,BICX-19.1-50.7-C,50,19.1,50.7,N-BK7,4.5,-50.7
LEN,CV,VIS,BICX-25.0-128.2-C,125.1,25,128.2,N-BK7,4.2,-128.2
LEN,CV,VIS,BICX-25.0-24.2-C,25,25,24.2,N-BK7,8.5,-24.2
LEN,CV,VIS,BICX-25.0-40.2-C,40,25,40.2,N-BK7,5.9,-40.2
LEN,CV,VIS,BICX-25.0-50.6-C,50,25,50.6,N-BK7,5.1,-50.6
LEN,CV,VIS,BICX-25.0-76.6-C,75,25,76.6,N-BK7,4,-76.6
LEN,CV,VIS,BICX-25.4-102.4-C,100.1,25.4,102.4,N-BK7,4.2,-102.4
LEN,CV,UV,BICX-25.4-102.4-MF,127.6,25.4,102.4,MGF2_O,3.5,-102.4
LEN,CV,UV,BICX-25.4-102.4-UV,108.1,25.4,102.4,SILUV,4.2,-102.4
LEN,CV,VIS,BICX-25.4-1029.8-C,1000,25.4,1029.8,N-BK7,2.2,-1029.8
LEN,CV,UV,BICX-25.4-1029.8-UV,1082,25.4,1029.8,SILUV,2.4,-1029.8
LEN,CV,UV,BICX-25.4-103.4-UV,109,25.4,103.4,SILUV,4.2,-103.4
LEN,CV,VIS,BICX-25.4-128.2-C,125.1,25.4,128.2,N-BK7,4.2,-128.2
LEN,CV,UV,BICX-25.4-128.2-UV,135.2,25.4,128.2,SILUV,4.2,-128.2
LEN,CV,VIS,BICX-25.4-154.0-C,150.2,25.4,154,N-BK7,4.2,-154
LEN,CV,UV,BICX-25.4-154.0-MF,191.4,25.4,154,MGF2_O,2.8,-154
LEN,CV,UV,BICX-25.4-154.0-UV,162.2,25.4,154,SILUV,4.2,-154
LEN,CV,VIS,BICX-25.4-205.6-C,200.2,25.4,205.6,N-BK7,4.2,-205.6
LEN,CV,UV,BICX-25.4-205.6-UV,216.4,25.4,205.6,SILUV,4.2,-205.6
LEN,CV,VIS,BICX-25.4-2060.0-C,2000,25.4,2060,N-BK7,2.1,-2060
LEN,CV,UV,BICX-25.4-2060.0-UV,2163.9,25.4,2060,SILUV,2.2,-2060
LEN,CV,VIS,BICX-25.4-23.9-C,25,25.4,23.9,N-BK7,10,-23.9
LEN,CV,UV,BICX-25.4-23.9-UV,26.9,25.4,23.9,SILUV,10,-23.9
LEN,CV,VIS,BICX-25.4-24.5-C,25.4,25.4,24.5,N-BK7,9,-24.5
LEN,CV,VIS,BICX-25.4-257.1-C,250,25.4,257.1,N-BK7,4.2,-257.1
LEN,CV,VIS,BICX-25.4-308.5-C,299.8,25.4,308.5,N-BK7,4,-308.5
LEN,CV,VIS,BICX-25.4-34.9-C,35,25.4,34.9,N-BK7,6.7,-34.9
LEN,CV,VIS,BICX-25.4-360.0-C,350,25.4,360,N-BK7,4.2,-360
LEN,CV,VIS,BICX-25.4-38.1-C,38.1,25.4,38.1,N-BK7,6.3,-38.1
LEN,CV,UV,BICX-25.4-38.1-UV,41.1,25.4,38.1,SILUV,6.3,-38.1
LEN,CV,VIS,BICX-25.4-411.5-C,399.8,25.4,411.5,N-BK7,2.4,-411.5
LEN,CV,VIS,BICX-25.4-50.6-C,50,25.4,50.6,N-BK7,5.1,-50.6
LEN,CV,UV,BICX-25.4-50.6-MF,63.6,25.4,50.6,MGF2_O,5.1,-50.6
LEN,CV,UV,BICX-25.4-50.6-UV,54,25.4,50.6,SILUV,5.1,-50.6
LEN,CV,VIS,BICX-25.4-514.6-C,499.9,25.4,514.6,N-BK7,4.2,-514.6
LEN,CV,UV,BICX-25.4-572.7-UV,601.9,25.4,572.7,SILUV,2.4,-572.7
LEN,CV,VIS,BICX-25.4-61.0-C,60,25.4,61,N-BK7,4.5,-61
LEN,CV,UV,BICX-25.4-61.0-UV,64.8,25.4,61,SILUV,4.5,-61
LEN,CV,UV,BICX-25.4-64.4-UV,68.7,25.4,64.4,SILUV,6,-64.4
LEN,CV,VIS,BICX-25.4-76.6-C,75,25.4,76.6,N-BK7,4.1,-76.6
LEN,CV,UV,BICX-25.4-76.6-UV,81.2,25.4,76.6,SILUV,4.1,-76.6
LEN,CV,VIS,BICX-25.4-77.3-C,75.7,25.4,77.3,N-BK7,4.1,-77.3
LEN,CV,VIS,BICX-25.4-81.8-C,80,25.4,81.8,N-BK7,3.5,-81.8
LEN,CV,VIS,BICX-25.4-92.0-C,90,25.4,92,N-BK7,4.4,-92
LEN,CV,VIS,BICX-38.1-102.1-C,100,38.1,102.1,N-BK7,6.6,-102.1
LEN,CV,UV,BICX-38.1-102.1-UV,108.2,38.1,102.1,SILUV,5.5,-102.1
LEN,CV,VIS,BICX-38.1-1029.8-C,1000,38.1,1029.8,N-BK7,4,-1029.8
LEN,CV,UV,BICX-38.1-1029.8-UV,1082,38.1,1029.8,SILUV,6,-1029.8
LEN,CV,UV,BICX-38.1-127.9-UV,135.2,38.1,127.9,SILUV,5.1,-127.9
LEN,CV,VIS,BICX-38.1-128.0-C,125,38.1,128,N-BK7,6.3,-128
LEN,CV,UV,BICX-38.1-128.0-UV,135.2,38.1,128,SILUV,5.5,-128
LEN,CV,VIS,BICX-38.1-153.7-C,150.2,38.1,153.7,N-BK7,6.3,-153.7
LEN,CV,UV,BICX-38.1-153.7-UV,162.2,38.1,153.7,SILUV,6.3,-153.7
LEN,CV,VIS,BICX-38.1-205.4-C,200.1,38.1,205.4,N-BK7,6.3,-205.4
LEN,CV,UV,BICX-38.1-205.4-UV,216.4,38.1,205.4,SILUV,6.3,-205.4
LEN,CV,VIS,BICX-38.1-2060.0-C,2000,38.1,2060,N-BK7,4,-2060
LEN,CV,VIS,BICX-38.1-37.0-C,38.1,38.1,37,N-BK7,12.4,-37
LEN,CV,VIS,BICX-38.1-49.3-C,50,38.1,49.3,N-BK7,12.7,-49.3
LEN,CV,UV,BICX-38.1-49.3-UV,54,38.1,49.3,SILUV,12.7,-49.3
LEN,CV,VIS,BICX-38.1-514.6-C,500,38.1,514.6,N-BK7,4.2,-514.6
LEN,CV,VIS,BICX-38.1-60.4-C,60,38.1,60.4,N-BK7,8,-60.4
LEN,CV,VIS,BICX-38.1-617.6-C,600,38.1,617.6,N-BK7,4.2,-617.6
LEN,CV,VIS,BICX-38.1-76.1-C,75,38.1,76.1,N-BK7,6.7,-76.1
LEN,CV,UV,BICX-38.1-76.1-UV,81.1,38.1,76.1,SILUV,6.7,-76.1
LEN,CV,VIS,BICX-38.1-77.3-C,76.2,38.1,77.3,N-BK7,6.7,-77.3
LEN,CV,VIS,BICX-40.0-102.1-C,100,40,102.1,N-BK7,7,-102.1
LEN,CV,VIS,BICX-40.0-76.0-C,75,40,76,N-BK7,7.4,-76
LEN,CV,VIS,BICX-5.0-9.8-C,10,5,9.8,N-BK7,2.6,-9.8
LEN,CV,VIS,BICX-50.0-101.6-C,100,50,101.6,N-BK7,8.2,-101.6
LEN,CV,VIS,BICX-50.0-127.7-C,125,50,127.7,N-BK7,8.3,-127.7
LEN,CV,UV,BICX-50.0-153.4-UV,162.3,50,153.4,SILUV,6.8,-153.4
LEN,CV,VIS,BICX-50.0-205.2-C,200.2,50,205.2,N-BK7,8.3,-205.2
LEN,CV,VIS,BICX-50.0-256.8-C,250,50,256.8,N-BK7,8.3,-256.8
LEN,CV,UV,BICX-50.0-256.8-UV,270.5,50,256.8,SILUV,8.3,-256.8
LEN,CV,VIS,BICX-50.0-308.5-C,299.8,50,308.5,N-BK7,8.3,-308.5
LEN,CV,UV,BICX-50.0-308.5-UV,324.7,50,308.5,SILUV,8.3,-308.5
LEN,CV,VIS,BICX-50.0-48.9-C,50,50,48.9,N-BK7,14.6,-48.9
LEN,CV,VIS,BICX-50.0-63.4-C,63.5,50,63.4,N-BK7,11.5,-63.4
LEN,CV,UV,BICX-50.0-75.5-UV,81.1,50,75.5,SILUV,10.4,-75.5
LEN,CV,UV,BICX-50.0-91.2-UV,97.3,50,91.2,SILUV,8.6,-91.2
LEN,CV,VIS,BICX-50.8-101.6-C,100,50.8,101.6,N-BK7,8.2,-101.6
LEN,CV,UV,BICX-50.8-101.6-UV,108.1,50.8,101.6,SILUV,8.2,-101.6
LEN,CV,UV,BICX-50.8-102.4-MF,128.4,50.8,102.4,MGF2_O,8.2,-102.4
LEN,CV,VIS,BICX-50.8-1029.8-C,1000.1,50.8,1029.8,N-BK7,2.6,-1029.8
LEN,CV,UV,BICX-50.8-1029.8-UV,1082,50.8,1029.8,SILUV,6,-1029.8
LEN,CV,UV,BICX-50.8-103.1-UV,109.9,50.8,103.1,SILUV,9.3,-103.1
LEN,CV,VIS,BICX-50.8-127.5-C,125,50.8,127.5,N-BK7,8.4,-127.5
LEN,CV,UV,BICX-50.8-127.5-UV,135.1,50.8,127.5,SILUV,7.2,-127.5
LEN,CV,UV,BICX-50.8-128.7-UV,136.4,50.8,128.7,SILUV,7,-128.7
LEN,CV,VIS,BICX-50.8-150.0-C,147.3,50.8,150,N-BK7,10,-150
LEN,CV,VIS,BICX-50.8-153.4-C,150,50.8,153.4,N-BK7,8.3,-153.4
LEN,CV,UV,BICX-50.8-154.0-MF,192.1,50.8,154,MGF2_O,6.8,-154
LEN,CV,VIS,BICX-50.8-190.0-C,185.7,50.8,190,N-BK7,8.4,-190
LEN,CV,VIS,BICX-50.8-2006.6-C,1949,50.8,2006.6,N-BK7,7.4,-2006.6
LEN,CV,VIS,BICX-50.8-205.2-C,200,50.8,205.2,N-BK7,8.3,-205.2
LEN,CV,UV,BICX-50.8-205.2-UV,216.4,50.8,205.2,SILUV,8.4,-205.2
LEN,CV,VIS,BICX-50.8-2060.0-C,2000,50.8,2060,N-BK7,4,-2060
LEN,CV,UV,BICX-50.8-2060.0-UV,2163.9,50.8,2060,SILUV,6,-2060
LEN,CV,VIS,BICX-50.8-308.5-C,300.2,50.8,308.5,N-BK7,8.3,-308.5
LEN,CV,VIS,BICX-50.8-360.0-C,350.1,50.8,360,N-BK7,3.8,-360
LEN,CV,VIS,BICX-50.8-411.5-C,400,50.8,411.5,N-BK7,7,-411.5
LEN,CV,VIS,BICX-50.8-48.9-C,50,50.8,48.9,N-BK7,14.6,-48.9
LEN,CV,UV,BICX-50.8-48.9-UV,54,50.8,48.9,SILUV,14.6,-48.9
LEN,CV,VIS,BICX-50.8-49.3-C,50.8,50.8,49.3,N-BK7,16.8,-49.3
LEN,CV,UV,BICX-50.8-50.6-MF,65.5,50.8,50.6,MGF2_O,15,-50.6
LEN,CV,VIS,BICX-50.8-514.6-C,500.1,50.8,514.6,N-BK7,7,-514.6
LEN,CV,UV,BICX-50.8-514.6-UV,540.9,50.8,514.6,SILUV,6,-514.6
LEN,CV,VIS,BICX-50.8-75.4-C,75,50.8,75.4,N-BK7,10.8,-75.4
LEN,CV,UV,BICX-50.8-75.4-UV,81.1,50.8,75.4,SILUV,10.8,-75.4
LEN,CV,VIS,BICX-50.8-76.5-C,76.2,50.8,76.5,N-BK7,11.5,-76.5
LEN,CV,VIS,BICX-50.8-80.8-C,80,50.8,80.8,N-BK7,9.1,-80.8
LEN,CV,VIS,BICX-6.0-7.7-C,8,6,7.7,N-BK7,3.2,-7.7
LEN,CV,VIS,BICX-7.5-14.9-C,15,7.5,14.9,N-BK7,2.9,-14.9
LEN,CV,VIS,BICX-7.5-9.7-C,10,7.5,9.7,N-BK7,3.5,-9.7
LEN,CV,VIS,BICX-76.2-206.6-C,201.9,76.2,206.6,N-BK7,12.7,-206.6
LEN,CV,VIS,BICX-8.0-128.4-C,125,8,128.4,N-BK7,2,-128.4
LEN,CV,VIS,BICX-8.0-205.7-C,200,8,205.7,N-BK7,2,-205.7
LEN,CV,VIS,BICX-8.0-25.3-C,25,8,25.3,N-BK7,2.6,-25.3
LEN,CV,VIS,BICX-8.0-35.6-C,35,8,35.6,N-BK7,2.4,-35.6
LEN,CV,VIS,BICX-8.0-51.2-C,50,8,51.2,N-BK7,2,-51.2
LEN,CV,VIS,BICX-8.0-61.8-C,60.3,8,61.8,N-BK7,2,-61.8
LEN,CV,VIS,BICX-8.0-91.2-C,90,8,91.2,N-BK7,8.6,-91.2
LEN,CV,VIS,BXB-10.0-103.4-C,100.3,10,103.4,N-BK7,2,-103.4
LEN,CV,VIS,BXB-10.0-15.1-C,14.7,10,15.1,N-BK7,3.6,-15.1
LEN,CV,VIS,BXB-10.0-20.2-C,19.6,10,20.2,N-BK7,3.2,-20.2
LEN,CV,VIS,BXB-10.0-25.8-C,25,10,25.8,N-BK7,3,-25.8
LEN,CV,VIS,BXB-10.0-30.6-C,29.7,10,30.6,N-BK7,2.8,-30.6
LEN,CV,VIS,BXB-10.0-33.1-C,32.1,10,33.1,N-BK7,2.7,-33.1
LEN,CV,VIS,BXB-10.0-51.1-C,49.6,10,51.1,N-BK7,2.4,-51.1
LEN,CV,VIS,BXB-10.0-60.0-C,58.2,10,60,N-BK7,2.4,-60
LEN,CV,VIS,BXB-10.0-76.5-C,74.3,10,76.5,N-BK7,2.4,-76.5
LEN,CV,VIS,BXB-10.0-9.7-C,9.4,10,9.7,N-BK7,3.3,-9.7
LEN,CV,VIS,BXB-11.0-51.1-C,49.6,11,51.1,N-BK7,3,-51.1
LEN,CV,VIS,BXB-12.7-12.5-C,12.1,12.7,12.5,N-BK7,6.7,-12.5
LEN,CV,VIS,BXB-12.7-17.7-C,17.2,12.7,17.7,N-BK7,4.1,-17.7
LEN,CV,VIS,BXB-12.7-18.9-C,18.3,12.7,18.9,N-BK7,5.2,-18.9
LEN,CV,VIS,BXB-12.7-19.6-C,19,12.7,19.6,N-BK7,4,-19.6
LEN,CV,VIS,BXB-12.7-25.4-C,24.7,12.7,25.4,N-BK7,3.6,-25.4
LEN,CV,VIS,BXB-12.7-29.0-C,28.2,12.7,29,N-BK7,3.4,-29
LEN,CV,VIS,BXB-12.7-30.6-C,29.7,12.7,30.6,N-BK7,3.3,-30.6
LEN,CV,VIS,BXB-12.7-38.6-C,37.5,12.7,38.6,N-BK7,4.1,-38.6
LEN,CV,VIS,BXB-12.7-40.7-C,39.5,12.7,40.7,N-BK7,3,-40.7
LEN,CV,VIS,BXB-12.7-51.5-C,50,12.7,51.5,N-BK7,3.8,-51.5
LEN,CV,VIS,BXB-12.7-64.4-C,62.5,12.7,64.4,N-BK7,3.6,-64.4
LEN,CV,VIS,BXB-12.7-76.5-C,74.3,12.7,76.5,N-BK7,3.5,-76.5
LEN,CV,VIS,BXB-13.0-17.1-C,16.6,13,17.1,N-BK7,3.6,-17.1
LEN,CV,VIS,BXB-14.5-13.4-C,13,14.5,13.4,N-BK7,5.9,-13.4
LEN,CV,VIS,BXB-14.5-14.4-C,14,14.5,14.4,N-BK7,5.9,-14.4
LEN,CV,VIS,BXB-15.0-103.4-C,100.3,15,103.4,N-BK7,2.8,-103.4
LEN,CV,VIS,BXB-15.0-130.0-C,126.2,15,130,N-BK7,2.4,-130
LEN,CV,VIS,BXB-15.0-15.5-C,15,15,15.5,N-BK7,5.9,-15.5
LEN,CV,VIS,BXB-15.0-17.7-C,17.2,15,17.7,N-BK7,4.1,-17.7
LEN,CV,VIS,BXB-15.0-18.9-C,18.3,15,18.9,N-BK7,4.1,-18.9
LEN,CV,VIS,BXB-15.0-19.6-C,19,15,19.6,N-BK7,4.9,-19.6
LEN,CV,VIS,BXB-15.0-30.0-C,29.1,15,30,N-BK7,3.8,-30
LEN,CV,VIS,BXB-15.0-34.3-C,33.3,15,34.3,N-BK7,3.6,-34.3
LEN,CV,VIS,BXB-15.0-40.7-C,39.5,15,40.7,N-BK7,3.4,-40.7
LEN,CV,VIS,BXB-15.0-51.5-C,50,15,51.5,N-BK7,2.9,-51.5
LEN,CV,VIS,BXB-15.0-60.0-C,58.2,15,60,N-BK7,2.7,-60
LEN,CV,VIS,BXB-15.0-76.5-C,74.3,15,76.5,N-BK7,2.7,-76.5
LEN,CV,VIS,BXB-17.3-30.0-C,29.1,17.3,30,N-BK7,3.4,-30
LEN,CV,VIS,BXB-17.5-17.4-C,16.9,17.5,17.4,N-BK7,6.1,-17.4
LEN,CV,VIS,BXB-18.0-23.6-C,22.9,18,23.6,N-BK7,6.1,-23.6
LEN,CV,VIS,BXB-20.0-154.4-C,149.9,20,154.4,N-BK7,2.6,-154.4
LEN,CV,VIS,BXB-20.0-20.9-C,20.3,20,20.9,N-BK7,6.9,-20.9
LEN,CV,VIS,BXB-20.0-24.6-C,23.9,20,24.6,N-BK7,5,-24.6
LEN,CV,VIS,BXB-20.0-25.8-C,25,20,25.8,N-BK7,6,-25.8
LEN,CV,VIS,BXB-20.0-30.0-C,29.1,20,30,N-BK7,5.3,-30
LEN,CV,VIS,BXB-20.0-40.7-C,39.5,20,40.7,N-BK7,4.4,-40.7
LEN,CV,VIS,BXB-20.0-61.0-C,59.2,20,61,N-BK7,3.6,-61
LEN,CV,VIS,BXB-20.0-72.1-C,70,20,72.1,N-BK7,3.4,-72.1
LEN,CV,VIS,BXB-20.0-81.8-C,79.4,20,81.8,N-BK7,3.2,-81.8
LEN,CV,VIS,BXB-25.0-55.1-C,53.5,25,55.1,N-BK7,4.7,-55.1
LEN,CV,VIS,BXB-25.0-65.4-C,63.5,25,65.4,N-BK7,3.4,-65.4
LEN,CV,VIS,BXB-25.4-103.4-C,100.3,25.4,103.4,N-BK7,4.6,-103.4
LEN,CV,VIS,BXB-25.4-1030.0-C,999.8,25.4,1030,N-BK7,3.2,-1030
LEN,CV,VIS,BXB-25.4-130.0-C,126.2,25.4,130,N-BK7,4.3,-130
LEN,CV,VIS,BXB-25.4-154.4-C,149.9,25.4,154.4,N-BK7,4,-154.4
LEN,CV,VIS,BXB-25.4-18.8-C,18.2,25.4,18.8,N-BK7,14.7,-18.8
LEN,CV,VIS,BXB-25.4-180.9-C,175.6,25.4,180.9,N-BK7,3.9,-180.9
LEN,CV,VIS,BXB-25.4-206.6-C,200.5,25.4,206.6,N-BK7,2.7,-206.6
LEN,CV,VIS,BXB-25.4-24.6-C,23.9,25.4,24.6,N-BK7,9,-24.6
LEN,CV,VIS,BXB-25.4-25.8-C,25,25.4,25.8,N-BK7,8.4,-25.8
LEN,CV,VIS,BXB-25.4-258.4-C,250.8,25.4,258.4,N-BK7,2.7,-258.4
LEN,CV,VIS,BXB-25.4-30.0-C,29.1,25.4,30,N-BK7,7.9,-30
LEN,CV,VIS,BXB-25.4-312.0-C,302.9,25.4,312,N-BK7,4,-312
LEN,CV,VIS,BXB-25.4-33.7-C,32.8,25.4,33.7,N-BK7,6.7,-33.7
LEN,CV,VIS,BXB-25.4-363.4-C,352.8,25.4,363.4,N-BK7,4,-363.4
LEN,CV,VIS,BXB-25.4-37.0-C,35.9,25.4,37,N-BK7,6.3,-37
LEN,CV,VIS,BXB-25.4-38.0-C,36.9,25.4,38,N-BK7,6.3,-38
LEN,CV,VIS,BXB-25.4-40.7-C,39.5,25.4,40.7,N-BK7,5.9,-40.7
LEN,CV,VIS,BXB-25.4-417.7-C,405.5,25.4,417.7,N-BK7,4,-417.7
LEN,CV,VIS,BXB-25.4-51.5-C,50,25.4,51.5,N-BK7,6.2,-51.5
LEN,CV,VIS,BXB-25.4-516.8-C,501.7,25.4,516.8,N-BK7,4,-516.8
LEN,CV,VIS,BXB-25.4-61.0-C,59.2,25.4,61,N-BK7,4.5,-61
LEN,CV,VIS,BXB-25.4-64.4-C,62.5,25.4,64.4,N-BK7,5.5,-64.4
LEN,CV,VIS,BXB-25.4-70.5-C,68.4,25.4,70.5,N-BK7,4.1,-70.5
LEN,CV,VIS,BXB-25.4-76.5-C,74.3,25.4,76.5,N-BK7,3.7,-76.5
LEN,CV,VIS,BXB-25.4-779.5-C,756.6,25.4,779.5,N-BK7,3.2,-779.5
LEN,CV,VIS,BXB-25.4-888.8-C,862.8,25.4,888.8,N-BK7,4.1,-888.8
LEN,CV,VIS,BXB-38.1-37.0-C,35.9,38.1,37,N-BK7,12.4,-37
LEN,CV,VIS,BXB-38.1-61.0-C,59.2,38.1,61,N-BK7,8,-61
LEN,CV,VIS,BXB-40.0-50.0-C,48.5,40,50,N-BK7,9.8,-50
LEN,CV,VIS,BXB-40.0-61.0-C,59.2,40,61,N-BK7,8.6,-61
LEN,CV,VIS,BXB-40.0-65.4-C,63.5,40,65.4,N-BK7,7.8,-65.4
LEN,CV,VIS,BXB-40.0-70.6-C,68.5,40,70.6,N-BK7,7.6,-70.6
LEN,CV,VIS,BXB-40.0-76.5-C,74.3,40,76.5,N-BK7,7.4,-76.5
LEN,CV,VIS,BXB-5.0-12.5-C,12.1,5,12.5,N-BK7,2,-12.5
LEN,CV,VIS,BXB-5.0-6.8-C,6.6,5,6.8,N-BK7,3,-6.8
LEN,CV,VIS,BXB-5.0-6.8-C,6.6,5,6.8,N-BK7,3,-6.8
LEN,CV,VIS,BXB-5.0-9.8-C,9.5,5,9.8,N-BK7,2.6,-9.8
LEN,CV,VIS,BXB-50.8-34.3-C,33.3,50.8,34.3,N-BK7,25.4,-34.3
LEN,CV,VIS,BXB-50.8-417.7-C,405.5,50.8,417.7,N-BK7,6,-417.7
LEN,CV,VIS,BXB-50.8-51.1-C,49.6,50.8,51.1,N-BK7,17.3,-51.1
LEN,CV,VIS,BXB-50.8-61.8-C,60,50.8,61.8,N-BK7,13.8,-61.8
LEN,CV,VIS,BXB-50.8-69.5-C,67.5,50.8,69.5,N-BK7,12.2,-69.5
LEN,CV,VIS,BXB-50.8-90.8-C,88.1,50.8,90.8,N-BK7,10.4,-90.8
LEN,CV,VIS,BXB-6.0-10.0-C,9.7,6,10,N-BK7,2,-10
LEN,CV,VIS,BXB-6.0-12.5-C,12.1,6,12.5,N-BK7,2.2,-12.5
LEN,CV,VIS,BXB-6.4-12.5-C,12.1,6.4,12.5,N-BK7,2.8,-12.5
LEN,CV,VIS,BXB-6.4-15.5-C,15,6.4,15.5,N-BK7,2.1,-15.5
LEN,CV,VIS,BXB-6.4-18.9-C,18.3,6.4,18.9,N-BK7,3.5,-18.9
LEN,CV,VIS,BXB-6.4-25.8-C,25,6.4,25.8,N-BK7,3.4,-25.8
LEN,CV,VIS,BXB-6.4-6.0-C,5.8,6.4,6,N-BK7,5,-6
LEN,CV,VIS,BXB-6.5-10.9-C,10.6,6.5,10.9,N-BK7,2,-10.9
LEN,CV,VIS,BXB-7.5-15.1-C,14.7,7.5,15.1,N-BK7,2.9,-15.1
LEN,CV,VIS,BXB-7.5-9.7-C,9.4,7.5,9.7,N-BK7,3.5,-9.7
LEN,CV,VIS,BXB-8.0-12.5-C,12.1,8,12.5,N-BK7,2.8,-12.5
LEN,CV,VIS,BXB-8.0-20.2-C,19.6,8,20.2,N-BK7,2.3,-20.2
LEN,CV,VIS,BXB-8.0-25.8-C,25,8,25.8,N-BK7,2.1,-25.8
LEN,CV,VIS,BXB-8.0-51.1-C,49.6,8,51.1,N-BK7,3.5,-51.1
LEN,CV,VIS,BXB-8.0-9.8-C,9.5,8,9.8,N-BK7,2.5,-9.8
LEN,CV,VIS,BXB-8.5-5.0-C,4.9,8.5,5,N-BK7,5.5,-5
LEN,CV,UV,BXF-10.0-14.9-UV,15.6,10,14.9,SILUV,3.9,-14.9
LEN,CV,UV,BXF-10.0-20.2-UV,21.2,10,20.2,SILUV,3.4,-20.2
LEN,CV,UV,BXF-10.0-25.8-UV,27.1,10,25.8,SILUV,3.1,-25.8
LEN,CV,UV,BXF-10.0-30.0-UV,31.5,10,30,SILUV,2.9,-30
LEN,CV,UV,BXF-10.0-9.3-UV,9.8,10,9.3,SILUV,5.4,-9.3
LEN,CV,UV,BXF-12.7-103.4-UV,108.6,12.7,103.4,SILUV,2.4,-103.4
LEN,CV,UV,BXF-12.7-11.9-UV,12.5,12.7,11.9,SILUV,7.3,-11.9
LEN,CV,UV,BXF-12.7-25.2-UV,26.5,12.7,25.2,SILUV,4.8,-25.2
LEN,CV,UV,BXF-15.0-15.5-UV,16.3,15,15.5,SILUV,6.4,-15.5
LEN,CV,UV,BXF-15.0-19.6-UV,20.6,15,19.6,SILUV,5.2,-19.6
LEN,CV,UV,BXF-15.0-25.2-UV,26.5,15,25.2,SILUV,4.5,-25.2
LEN,CV,UV,BXF-15.0-30.0-UV,31.5,15,30,SILUV,4.1,-30
LEN,CV,UV,BXF-15.0-40.6-UV,42.6,15,40.6,SILUV,3.5,-40.6
LEN,CV,UV,BXF-15.0-51.5-UV,54.1,15,51.5,SILUV,3,-51.5
LEN,CV,UV,BXF-20.0-20.5-UV,21.5,20,20.5,SILUV,7.9,-20.5
LEN,CV,UV,BXF-20.0-25.8-UV,27.1,20,25.8,SILUV,5.8,-25.8
LEN,CV,UV,BXF-20.0-40.6-UV,42.6,20,40.6,SILUV,4.8,-40.6
LEN,CV,UV,BXF-20.0-50.5-UV,53,20,50.5,SILUV,4.2,-50.5
LEN,CV,UV,BXF-25.4-103.4-UV,108.6,25.4,103.4,SILUV,4.8,-103.4
LEN,CV,UV,BXF-25.4-1030.0-UV,1081.7,25.4,1030,SILUV,4,-1030
LEN,CV,UV,BXF-25.4-130.0-UV,136.5,25.4,130,SILUV,3.2,-130
LEN,CV,UV,BXF-25.4-154.4-UV,162.1,25.4,154.4,SILUV,4.2,-154.4
LEN,CV,UV,BXF-25.4-206.6-UV,217,25.4,206.6,SILUV,3.9,-206.6
LEN,CV,UV,BXF-25.4-24.2-UV,25.4,25.4,24.2,SILUV,11.4,-24.2
LEN,CV,UV,BXF-25.4-25.8-UV,27.1,25.4,25.8,SILUV,9.4,-25.8
LEN,CV,UV,BXF-25.4-258.4-UV,271.4,25.4,258.4,SILUV,3.7,-258.4
LEN,CV,UV,BXF-25.4-30.0-UV,31.5,25.4,30,SILUV,7.2,-30
LEN,CV,UV,BXF-25.4-312.0-UV,327.6,25.4,312,SILUV,4,-312
LEN,CV,UV,BXF-25.4-37.0-UV,38.9,25.4,37,SILUV,6.3,-37
LEN,CV,UV,BXF-25.4-40.6-UV,42.6,25.4,40.6,SILUV,6.4,-40.6
LEN,CV,UV,BXF-25.4-417.0-UV,437.9,25.4,417,SILUV,4,-417
LEN,CV,UV,BXF-25.4-50.5-UV,53,25.4,50.5,SILUV,6.7,-50.5
LEN,CV,UV,BXF-25.4-516.8-UV,542.7,25.4,516.8,SILUV,4,-516.8
LEN,CV,UV,BXF-25.4-618.4-UV,649.4,25.4,618.4,SILUV,4,-618.4
LEN,CV,UV,BXF-25.4-63.7-UV,66.9,25.4,63.7,SILUV,5,-63.7
LEN,CV,UV,BXF-25.4-72.1-UV,75.7,25.4,72.1,SILUV,5.1,-72.1
LEN,CV,UV,BXF-25.4-76.5-UV,80.3,25.4,76.5,SILUV,5.4,-76.5
LEN,CV,UV,BXF-25.4-779.5-UV,818.6,25.4,779.5,SILUV,3.2,-779.5
LEN,CV,UV,BXF-25.4-81.8-UV,85.9,25.4,81.8,SILUV,4.2,-81.8
LEN,CV,UV,BXF-38.1-61.8-UV,64.9,38.1,61.8,SILUV,7.8,-61.8
LEN,CV,UV,BXF-40.0-103.4-UV,108.6,40,103.4,SILUV,6.4,-103.4
LEN,CV,UV,BXF-40.0-61.8-UV,64.9,40,61.8,SILUV,8,-61.8
LEN,CV,UV,BXF-40.0-72.1-UV,75.7,40,72.1,SILUV,8.4,-72.1
LEN,CV,UV,BXF-5.0-9.3-UV,9.8,5,9.3,SILUV,2.8,-9.3
LEN,CV,UV,BXF-50.8-103.4-UV,108.6,50.8,103.4,SILUV,10.3,-103.4
LEN,CV,UV,BXF-50.8-1030.0-UV,1081.7,50.8,1030,SILUV,6,-1030
LEN,CV,UV,BXF-50.8-154.4-UV,162.1,50.8,154.4,SILUV,7.8,-154.4,,,
LEN,CV,UV,BXF-50.8-206.6-UV,217,50.8,206.6,SILUV,6.5,-206.6,,,
LEN,CV,UV,BXF-50.8-258.4-UV,271.4,50.8,258.4,SILUV,5.8,-258.4,,,
LEN,CV,UV,BXF-50.8-312.0-UV,327.6,50.8,312,SILUV,5.3,-312,,,
LEN,CV,UV,BXF-50.8-417.0-UV,437.9,50.8,417,SILUV,6,-417,,,
LEN,CV,UV,BXF-50.8-47.4-UV,49.8,50.8,47.4,SILUV,19.7,-47.4,,,
LEN,CV,UV,BXF-50.8-516.8-UV,542.7,50.8,516.8,SILUV,6,-516.8,,,
LEN,CV,UV,BXF-50.8-61.8-UV,64.9,50.8,61.8,SILUV,12.3,-61.8,,,
LEN,CV,UV,BXF-50.8-618.4-UV,649.4,50.8,618.4,SILUV,6,-618.4,,,
LEN,CV,UV,BXF-50.8-70.6-UV,74.1,50.8,70.6,SILUV,13.1,-70.6,,,
LEN,CV,UV,BXF-50.8-75.0-UV,78.8,50.8,75,SILUV,12.9,-75,,,
LEN,CV,UV,BXF-50.8-779.5-UV,818.6,50.8,779.5,SILUV,6.4,-779.5,,,
LEN,CV,UV,BXF-6.3-12.4-UV,13,6.3,12.4,SILUV,3.9,-12.4,,,
LEN,CV ,VIS,AAN-25.0-6.35,-25,5.4,-15.278,N-BK7,1.5,11.539,SF2,2,38.101
LEN,CV ,VIS,AAN-30.0-6.35,-30,5.4,-18.562,N-BK7,1.5,13.591,SF2,2,45.716
LEN,CV ,VIS,AAN-50-12.7,-50,10.8,-30.902,N-BK7,1.5,22.106,SF2,2,71.108
LEN,CV ,VIS,AAN-75-12.7,-75,10.8,-45.716,N-BK7,1.5,32.518,SF2,2,108.392
LEN,CV ,VIS,AAP-1000-101.6,1000,87,600.168,N-BK7,16,-450.123,SF2,14,-1503
LEN,CV ,VIS,AAP-1000-25.4,1000,21.6,600.168,N-BK7,4,-450.123,SF2,3,-1503
LEN,CV ,VIS,AAP-1000-50.8,1000,43.2,600.168,N-BK7,8.5,-450.123,SF2,7.5,-1503
LEN,CV ,VIS,AAP-1000-76.2,1000,65,600.168,N-BK7,12,-450.123,SF2,8,-1503
LEN,CV ,VIS,AAP-100-25.4,100,21.6,62.005,N-BK7,6,-42.379,SF2,3,-133.284
LEN,CV ,VIS,AAP-125-25.4,125,21.6,77.234,N-BK7,6,-52.356,SF2,3,-167.142
LEN,CV ,VIS,AAP-1500-25.4,1500,21.6,958.532,N-BK7,4,-600.168,SF2,3,-1907
LEN,CV ,VIS,AAP-1500-50.8,1500,43.2,958.532,N-BK7,8.5,-600.168,SF2,7.5,-1907
LEN,CV ,VIS,AAP-150-25.4,150,21.6,92.039,N-BK7,5,-62.689,SF2,3,-202.824
LEN,CV ,VIS,AAP-2000-25.4,2000,21.6,1199.19,N-BK7,4,-820.631,SF2,3,-2828.435
LEN,CV ,VIS,AAP-2000-50.8,2000,43.2,1199.19,N-BK7,8.5,-820.631,SF2,7.5,-2828.435
LEN,CV ,VIS,AAP-200-25.4,200,21.6,124.196,N-BK7,5,-85.32,SF2,3,-268.085
LEN,CV ,VIS,AAP-200-50.8,200,43.2,124.196,N-BK7,9.5,-85.32,SF2,5,-268.085
LEN,CV ,VIS,AAP-250-25.4,250,21.6,154.316,N-BK7,4,-104.669,SF2,3,-336.292
LEN,CV ,VIS,AAP-250-50.8,250,43.2,154.316,N-BK7,8,-104.669,SF2,5,-336.292
LEN,CV ,VIS,AAP-25-6.35,25,5.4,15.571,N-BK7,2,-10.514,SF2,1.5,-32.517,,,,,,,,,
LEN,CV ,VIS,AAP-30.0-6.35,30,5.4,18.562,N-BK7,2,-12.38,SF2,1.5,-38.633,,,,,,,,,
LEN,CV ,VIS,AAP-300-25.4,300,21.6,183.41,N-BK7,4,-126.703,SF2,3,-411.591,,,,,,,,,
LEN,CV ,VIS,AAP-300-50.8,300,43.2,183.41,N-BK7,7,-126.703,SF2,6,-411.591,,,,,,,,,
LEN,CV ,VIS,AAP-300-76.2,300,65,187.052,N-BK7,13,-127.839,SF2,6,-400.056,,,,,,,,,
LEN,CV ,VIS,AAP-500-101.6,500,87,309.325,N-BK7,16,-211.498,SF2,7,-677.216,,,,,,,,,
LEN,CV ,VIS,AAP-500-25.4,500,21.6,306.123,N-BK7,3,-206.615,SF2,3,-681.011,,,,,,,,,
LEN,CV ,VIS,AAP-500-50.8,500,43.2,306.123,N-BK7,6,-206.615,SF2,6,-681.011,,,,,,,,,
LEN,CV ,VIS,AAP-500-76.2,500,65,309.325,N-BK7,12,-211.498,SF2,7,-677.216,,,,,,,,,
LEN,CV ,VIS,AAP-50-12.7,50,10.8,30.902,N-BK7,3,-21.4,SF2,1.5,-67.902,,,,,,,,,
LEN,CV ,VIS,AAP-75-12.7,75,10.8,46.119,N-BK7,3,-31.32,SF2,1.5,-101.596,,,,,,,,,
LEN,CV,VIS,APM-100-20,16.5,20,74.999,SF11,3.5,-175.919,AIR,0.162,-119.68,SF11,2.5,-458.149,AIR,10.26,34.305,BK7,5.3,51.681
LEN,CV,VIS,APM-125-25,19.8,25,92.039,SF11,5,-222.939,AIR,0.194,-151.351,SF11,3.5,-658.394,AIR,7.98,44.6,BK7,4.5,69.5
LEN,CV,VIS,APM-150-30,198,30,113.759,SF11,5,-249.941,AIR,0.216,-175.919,SF11,4,-698.912,AIR,4,56.22,BK7,6,87.57
LEN,CV,VIS,APM-200-40,198,40,150.012,SF11,7,-344.993,AIR,0.288,-238.436,SF11,6,-958.532,AIR,7.7,73.66,BK7,7.5,114.635
LEN,CV,VIS,APM-250-50,198,50,187.052,SF11,9,-433.874,AIR,0.346,-300.045,SF11,7,-1257.18,AIR,11.08,92,BK7,8.5,144.25
LEN,CV,VIS,APM-300-60,330,60,222.939,SF11,9,-516.694,AIR,0.404,-360.678,SF11,7.5,-1602.07,AIR,22.46,107.67,BK7,9,169.925
LEN,CV,VIS,APM-500-100,330,100,379.042,SF11,12,-868.674,AIR,0.672,-600.168,SF11,10,-2368.89,AIR,11.27,189.925,BK7,14,304.551
LEN,CV,VIS,APM-50-10,330,10,37.502,SF11,2,-88.251,AIR,0.096,-60.037,SF11,2,-229.152,AIR,6.09,16.565,BK7,2.5,25
LEN,CV,VIS,APM-75-15,330,15,56.998,SF11,3,-133.284,AIR,0.127,-90.798,SF11,3,-341.52,AIR,5,27.279,BK7,3.5,41.207
LEN,CV ,VIS,FAP-100-46,100,46,93.245,N-BK7,10.5,-109.532,SF2,5,-2996.14,AIR,1,70.603,N-BK7,10,-125.019,SF2,5,918.551
LEN,CV ,VIS,FAP-150-60,160,60,142.623,N-BK7,13,-162.043,SF2,6,-4375.6,AIR,1,106.92,N-BK7,13,-188.245,SF2,5,1700.8
LEN,CV ,VIS,FAP-25-5,25,5,26.205,N-BK7,6,-26.205,SF2,2.5,-594.354,AIR,1,16,N-BK7,6.5,-24.57,SF2,2.5,379.042
LEN,CV ,VIS,FAP-50-25,50,25,50.504,N-BK7,6.5,-50.504,SF2,2.5,-820.631,AIR,1,34.305,N-BK7,6.5,-65.435,SF2,2.5,516.695
LEN,CV ,VISIR,HAN-10-2,-10,2,-7.143,N-BK7,1,-37.752,AIR,0.1,-27.404,N-BK7,1,4.646,AIR,0.10 A,4.904,SF11,1,11.271
LEN,CV ,VISIR,HAN-15-3,-15,3,-10.715,N-BK7,1.5,-56.628,AIR,0.15,-41.106,N-BK7,1.5,6.969,AIR,0.15 A,7.356,SF11,1.5,16.907
LEN,CV ,VISIR,HAN-25-5,-25,5,-25.01,N-BK7,2,56.1,AIR,0.58,-18.53,N-BK7,2,27.85,AIR,0.28 A,32.52,SF11,2.5,-76.5
LEN,CV ,VISIR,HAN-50-10,-50,10,-33.982,N-BK7,3,-304.551,AIR,0.129,-116.704,N-BK7,3,23.912,AIR,0.20 A,25.006,SF11,3,67.025
LEN,CV ,VISIR,HAP-100-20,100,20,60.037,N-BK7,3,1799.91,AIR,0.2,204.5,N-BK7,4,-47.373,AIR,0.2,-49.317,SF11,3,-188.245
LEN,CV ,VISIR,HAP-10-2,10,2,5.581,N-BK7,1,47.723,AIR,0.1,14.371,N-BK7,1,-4.793,AIR,0.1,-4.763,SF11,1,-79.884
LEN,CV ,VISIR,HAP-125-25,125,25,78.166,N-BK7,4,411.591,AIR,0.2,165.7,N-BK7,4,-58.2,AIR,0.2,-61.012,SF11,3,-222.94
LEN,CV ,VISIR,HAP-150-30,150,30,91.658,N-BK7,4,516.694,AIR,0.3,200.04,N-BK7,5,-71.732,AIR,0.315,-74.998,SF11,3,-292.772
LEN,CV ,VISIR,HAP-15-3,15,3,8.108,N-BK7,1.5,-122.872,AIR,0.1,24.428,N-BK7,1.5,-7.13,AIR,0.1,-7.195,SF11,1.5,-73.229
LEN,CV ,VISIR,HAP-200-40,200,40,120.996,N-BK7,5,3002.48,AIR,0.2,400.056,N-BK7,6,-96.005,AIR,0.286,-100.024,SF11,4,-379.042
LEN,CV ,VISIR,HAP-250-50,250,50,153.362,N-BK7,6,3763.9,AIR,0.5,491.976,N-BK7,7,-119.68,AIR,0.5,-124.482,SF11,4,-467.118
LEN,CV ,VISIR,HAP-25-5,25,5,14.4,N-BK7,1.5,-153.362,AIR,0.1,60.832,N-BK7,2,-11.85,AIR,0.1,-12.03,SF11,1.5,-60.037
LEN,CV ,VISIR,HAP-50-10,50,10,31.404,N-BK7,2.5,-8061.37,AIR,0.1,92.039,N-BK7,3,-23.198,AIR,0.1,-24.222,SF11,2,-98.873
LEN,CV ,VISIR,HAP-75-15,75,15,44.13,N-BK7,3,2996.14,AIR,0.2,139.776,N-BK7,4,-36.099,AIR,0.2,-37.502,SF11,2.5,-169.925
LEN,CV,VIS,LAN-10-2,-10,2,-7.706,SF11,1,15.278,AIR,0.2,12.38,SF11,1.5,65.435,,,,,,
LEN,CV,UV,LAN-10-2,-10,2,-5.5,SILUV,1,17.12,AIR,0.2,7.706,SILUV,1.5,12.2,,,,,,
LEN,CV,VIS,LAN-15-3,-15,3,-11.54,SF11,1.5,22.922,AIR,0.2,18.562,SF11,1.5,114.619,,,,,,
LEN,CV,UV,LAN-15-3,-15,3,-8.813,SILUV,1.5,20.101,AIR,0.2,11.328,SILUV,1.5,18.53,,,,,,
LEN,CV,VIS,LAN-25-5,-25,5,-18.562,SF11,1.5,41.207,AIR,0.2,30.902,SF11,1.5,160.581,,,,,,
LEN,CV,UV,LAN-25-5,-25,5,-14.925,SILUV,1.5,31.404,AIR,0.2,17.994,SILUV,1.5,28.9,,,,,,
LEN,CV,VIS,LAN-50-10,-50,10,-37.502,SF11,3,82.404,AIR,0.062,60.832,SF11,3,304.551,,,,,,
LEN,CV,UV,LAN-50-10,-50,10,-27.279,SILUV,3,54.117,AIR,0.2,31.895,SILUV,3,51.681,,,,,,
LEN,CV,VIS,LAN-5-1,-5,1,-4.3,SF11,1,7.32,AIR,0.2,6.68,SF11,1.5,27.279,,,,,,
LEN,CV,UV,LAN-5-1,-5,1,-3.18,SILUV,1,5.5,AIR,0.2,4.1,SILUV,1.5,8.605,,,,,,
LEN,CV,VIS,LAP-100-20,100,20,74.999,SF11,3.5,-175.919,AIR,0.162,-119.68,SF11,2.5,-458.149
LEN,CV,VIS,LAP-10-2,10,2,7.706,SF11,1.5,-21.4,AIR,0.081,-11.54,SF11,1,-26.205
LEN,CV,VIS,LAP-125-25,125,25,92.039,SF11,5,-222.939,AIR,0.194,-151.351,SF11,3.5,-658.394
LEN,CV,VIS,LAP-150-30,150,30,113.759,SF11,5,-249.941,AIR,0.216,-175.919,SF11,4,-698.912
LEN,CV,VIS,LAP-15-3,15,3,11.54,SF11,1.5,-60.037,AIR,0.122,-17.994,SF11,1,-26.205
LEN,CV,VIS,LAP-200-40,200,40,150.012,SF11,7,-344.993,AIR,0.288,-238.436,SF11,6,-958.532
LEN,CV,VIS,LAP-250-50,250,50,187.052,SF11,9,-433.874,AIR,0.346,-300.045,SF11,7,-1257.18
LEN,CV,VIS,LAP-25-5,25,5,17.994,SF11,2,-48.92,AIR,0.081,-29.802,SF11,1.5,-114.635
LEN,CV,VIS,LAP-300-60,300,60,222.939,SF11,9,-516.694,AIR,0.404,-360.678,SF11,7.5,-1602.07
LEN,CV,VIS,LAP-500-100,500,100,379.042,SF11,12,-868.674,AIR,0.672,-600.168,SF11,10,-2368.89
LEN,CV,VIS,LAP-50-10,50,10,37.502,SF11,2,-88.251,AIR,0.096,-60.037,SF11,2,-229.152
LEN,CV,VIS,LAP-5-1,5,1,4.3,SF11,1.5,-9.42,AIR,0.088,-5.5,SF11,1,-9.42
LEN,CV,VIS,LAP-75-15,75,15,56.998,SF11,3,-133.284,AIR,0.127,-90.798,SF11,3,-341.52
LEN,CV,VIS,LAP-762-152,762,152,571.652,SF11,20.3,-1349.99,AIR,1.299,-916.112,SF11,12.7,-3499.993
LEN,CV,UV,LAPQ-100-20,100,20,62.38,SILUV,3.5,110.211,AIR,,-65.107,SILUV,2.5,100
LEN,CV,UV,LAPQ-10-2,10,2,5.5,SILUV,1.5,11.328,AIR,,-6.4,SILUV,1,11.54
LEN,CV,UV,LAPQ-125-25,125,25,74.5,SILUV,5,148.234,AIR,,-60.8,SILUV,3.5,72.159,,,,,,
LEN,CV,UV,LAPQ-150-30,150,30,93.25,SILUV,5,162.043,AIR,,-97.54,SILUV,4,152.658,,,,,,
LEN,CV,UV,LAPQ-15-3,15,3,8.61,SILUV,1.5,18.805,AIR,,-9.78,SILUV,1,15.278,,,,,,
LEN,CV,UV,LAPQ-200-40,200,40,124.19,SILUV,7,222.939,AIR,,-129.955,SILUV,7.7,200.04,,,,,,
LEN,CV,UV,LAPQ-250-50,250,50,154.32,SILUV,9,279.55,AIR,,-162.043,SILUV,7,247.005,,,,,,
LEN,CV,UV,LAPQ-25-5,25,5,14.4,SILUV,2,31.201,AIR,,-16.565,SILUV,1.5,25.842,,,,,,
LEN,CV,UV,LAPQ-300-60,300,60,183.41,SILUV,9,344.993,AIR,,-192.21,SILUV,7.5,292.794,,,,,,
LEN,CV,UV,LAPQ-500-100,500,100,548,SILUV,12,309.325,AIR,,-316.7,SILUV,10,491.976,,,,,,
LEN,CV,UV,LAPQ-50-10,50,10,28.9,SILUV,2.5,63.684,AIR,,-33.722,SILUV,2,52.357,,,,,,
LEN,CV,UV,LAPQ-5-1,5,1,3.18,SILUV,1.5,5.15,AIR,,-3.18,SILUV,1,4.3,,,,,,
LEN,CV,UV,LAPQ-75-15,75,15,46.51,SILUV,3,76.277,AIR,,-49.317,SILUV,3,82.404,,,,,,
LEN,CV,UV,LAPQ-762-152,762,152,469.51,SILUV,20.32,871.944,AIR,,-500,SILUV,12.7,760.68,,,,,,
LEN,CV,UV,UVAP-125-50,125,50,139.776,SILUV,6,-433.978,SILUV,1.8,70.603,SILUV,6,147.34,AIR,3.909,-258.47,SILUV,5,-379.042
LEN,CV,UV,UVAP-250-50,250,50,165.7,SILUV,7,-411.591,SILUV,3.107,-93.248,SILUV,5,-98.873,,,,,,
LEN,CV,UV,UVAP-375-50,375,50,242.126,SILUV,7,-658.394,SILUV,2.026,-142.55,SILUV,5,-151.351,,,,,,
LEN,CV,UV,UVAP-500-50,500,50,319.755,SILUV,6,-902.963,SILUV,1.542,-188.245,SILUV,6,-200.04,,,,,,
LEN,CV ,UV,UVO-10.3-3.2,10.3,3.2,5.5,SILICA,4,-8.605,AIR,0.679,-4.3,SILICA,2,-6.68,,,,,,
LEN,CV ,UV,UVO-14.0-3.0,14,3,9.3,SILICA,2.9,0,AIR,0.2,9.3,SILICA,2.8,0,AIR,1.01,-12.9,SILICA,2,0
LEN,CV ,UV,UVO-20.0-10.0,20,10,25.842,SILICA,6,-35.254,AIR,0.531,-20.516,SILICA,4,-33.722,AIR,0.5,11.853,SILICA,4,38.101
LEN,CV ,UV,UVO-4.0-0.75,4,0.75,3.1,SILICA,1.5,0,AIR,0.2,3.1,SILICA,1.5,0,,,,,,
LEN,CV ,VISIR,YAN-10-2,-10,2,-52.133,N-BK7,2,70.716,AIR,0.3,-7.187,N-BK7,2,6.135,AIR,0.15,6.442,SF11,2,17.804
LEN,CV ,VIS/IR,YAN-15-3,-15,3,-181.15,N-BK7,2,135.564,AIR,0.3,-9.32,N-BK7,2,8.968,AIR,0.15,9.3685,SF11,2,26.101
LEN,CV ,VIS/IR,YAN-25-5,-25,5,-63.6835,N-BK7,2,122.627,AIR,0.3,-21.399,N-BK7,2,14.399,AIR,0.3,15.57,SF11,2,44.1169
LEN,CV ,VIS/IR,YAN-50-10,-50,10,-41.207,N-BK7,2,-169.925,AIR,0.393,-45.866,N-BK7,2,31.895,AIR,0.15,33.722,SF11,2,126.508
LEN,CV ,VIS/IR,YAP-1000-35,1000,35,525.655,N-BK7,6,-541.08,AIR,1,-541.08,N-BK7,6,-1530,,,,,,
LEN,CV ,VIS/IR,YAP-100-20,100,20,75,N-BK7,3,350.01,AIR,0.1,87.574,N-BK7,4,-61.268,AIR,0.1,-65.107,SF11,2.5,-336.292
LEN,CV ,VIS/IR,YAP-10-2,10,2,6.68,N-BK7,1,-61.678,AIR,0.1,6.68,N-BK7,1,-8.605,AIR,0.1,-8.813,SF11,1,16.32
LEN,CV ,VIS/IR,YAP-125-25,125,25,92.038,N-BK7,4,-360.678,AIR,0.25,72.171,N-BK7,5,-271.09,AIR,0.25,-268.085,SF11,2.5,139.776
LEN,CV ,VIS/IR,YAP-150-30,150,30,109.53,N-BK7,4,2053.63,AIR,0.3,126.508,N-BK7,5,-111.909,AIR,0.3,-120.996,SF11,3,10077.5
LEN,CV ,VIS/IR,YAP-15-3,15,3,166.864,N-BK7,1.5,-1595.538,AIR,0.2,8.289,N-BK7,2,-7.084,AIR,0.2,-6.845,SF11,1.5,-18.591
LEN,CV ,VIS/IR,YAP-200-40,200,40,150.012,N-BK7,5,690.368,AIR,0.2,175.919,N-BK7,6,-122.612,AIR,0.2,-129.955,SF11,4,-638.746
LEN,CV ,VIS/IR,YAP-250-50,250,50,188.245,N-BK7,6,820.631,AIR,0.5,216.966,N-BK7,7,-153.362,AIR,0.5,-162.043,SF11,4,-797.503
LEN,CV ,VIS/IR,YAP-25-5,25,5,19.6,N-BK7,1.5,127.83,AIR,0.1,19.91,N-BK7,2,-15.27,AIR,0.1,-16.32,SF11,1.5,-137.48
LEN,CV ,VIS/IR,YAP-500-35,500,35,292.794,N-BK7,6,-242.126,AIR,3,-242.126,N-BK7,6,-594.354,,,,,,
LEN,CV ,VIS/IR,YAP-50-10,50,10,38.101,N-BK7,2.5,200.04,AIR,0.1,41.207,N-BK7,3,-30.625,AIR,0.1,-32.688,SF11,2,-216.966
LEN,CV ,VIS/IR,YAP-75-15,75,15,57,N-BK7,3,-902.96,AIR,0.2,43.2,N-BK7,4,-96,AIR,0.2,-109.53,SF11,2.5,107.67
LEN,CV,IR,MEN-27.9-3.0-101.6-ZNSE,101.6,27.9,90.2,ZnSe,3,241.5,,,,,,,,,,,,
LEN,CV,IR,MEN-27.9-3.0-76.2-ZNSE,76.2,27.9,67.8,ZnSe,3,180.5,,,,,,,,,,,,
LEN,CV,IR,MEN-27.9-3.0-95.3-ZNSE,95.3,27.9,84.7,ZnSe,3,225.6,,,,,,,,,,,,
LEN,CV,IR,MEN-27.9-4.0-63.5-ZNSE,63.5,27.9,56.7,ZnSe,4,149.8,,,,,,,,,,,,
LEN,CV,IR,MEN-27.9-4.2-127.0-ZNSE,127,27.9,112.9,ZnSe,4.2,301,,,,,,,,,,,,
LEN,CV,IR,MEN-27.9-4.2-88.9-ZNSE,88.9,27.9,79.1,ZnSe,4.2,209.9,,,,,,,,,,,,
LEN,CV,IR,MEN-27.9-6.0-63.5-ZNSE,63.5,27.9,57,ZnSe,6,148.4,,,,,,,,,,,,
LEN,CV,IR,MEN-27.9-6.0-95.3-ZNSE,95.3,27.9,85.1,ZnSe,6,225.1,,,,,,,,,,,,
LEN,CV,IR,MEN-38.1-3.0-127.0-ZNSE,127,38.1,112.9,ZnSe,3,303,,,,,,,,,,,,
LEN,CV,IR,MEN-38.1-5.0-127.0-ZNSE,127,38.1,112.9,ZnSe,5,300,,,,,,,,,,,,
LEN,CV,IR,MEN-38.1-6.1-190.5-ZNSE,190.5,38.1,169.2,ZnSe,6.1,452.5,,,,,,,,,,,,
LEN,CV,IR,MEN-38.1-6.2-127.0-ZNSE,127,38.1,113.2,ZnSe,6.2,301,,,,,,,,,,,,
LEN,CV,IR,MEN-38.1-6.3-95.3-ZNSE,95.3,38.1,85.3,ZnSe,6.3,225.1
LEN,CV,IR,MEN-38.1-7.8-127.0-ZNSE,127,38.1,113.5,ZnSe,7.8,300
LEN,CV,IR,MEN-50.8-9.6-127.0-ZNSE,127,50.8,113.6,ZnSe,9.6,298.1
LEN,CV,IR,MEN-50.8-9.6-190.5-ZNSE,190.5,50.8,169.9,ZnSe,9.6,451.4
LEN,CV,VIS,PCB-10.0-10.3-C,-20,10,-10.3,N-BK7,2,0
LEN,CV,VIS,PCB-10.0-103.4-C,-200.7,10,-103.4,N-BK7,2.3,0
LEN,CV,VIS,PCB-10.0-12.9-C,-25,10,-12.9,N-BK7,2,0
LEN,CV,VIS,PCB-10.0-25.8-C,-50.1,10,-25.8,N-BK7,2,0
LEN,CV,VIS,PCB-10.0-5.2-C,-10.1,10,-5.2,N-BK7,1,0
LEN,CV,VIS,PCB-10.0-51.5-C,-100,10,-51.5,N-BK7,1.8,0
LEN,CV,VIS,PCB-10.0-7.8-C,-15.1,10,-7.8,N-BK7,2,0
LEN,CV,VIS,PCB-10.0-78.2-C,-151.8,10,-78.2,N-BK7,2.3,0
LEN,CV,VIS,PCB-12.7-10.3-C,-20,12.7,-10.3,N-BK7,2,0
LEN,CV,VIS,PCB-12.7-103.4-C,-200.7,12.7,-103.4,N-BK7,1.5,0
LEN,CV,VIS,PCB-12.7-11.2-C,-21.7,12.7,-11.2,N-BK7,2.1,0
LEN,CV,VIS,PCB-12.7-12.9-C,-25,12.7,-12.9,N-BK7,2,0
LEN,CV,VIS,PCB-12.7-15.5-C,-30.1,12.7,-15.5,N-BK7,1.5,0
LEN,CV,VIS,PCB-12.7-25.8-C,-50.1,12.7,-25.8,N-BK7,2,0
LEN,CV,VIS,PCB-12.7-258.4-C,-501.7,12.7,-258.4,N-BK7,1.5,0
LEN,CV,VIS,PCB-12.7-38.6-C,-74.9,12.7,-38.6,N-BK7,2.5,0
LEN,CV,VIS,PCB-12.7-51.5-C,-100,12.7,-51.5,N-BK7,1.5,0
LEN,CV,VIS,PCB-12.7-516.8-C,-1003.3,12.7,-516.8,N-BK7,1.5,0
LEN,CV,VIS,PCB-12.7-7.8-C,-15.1,12.7,-7.8,N-BK7,2,0
LEN,CV,VIS,PCB-15.0-12.9-C,-25,15,-12.9,N-BK7,2,0
LEN,CV,VIS,PCB-15.0-20.5-C,-39.8,15,-20.5,N-BK7,2,0
LEN,CV,VIS,PCB-15.0-25.8-C,-50.1,15,-25.8,N-BK7,2,0
LEN,CV,VIS,PCB-15.0-38.6-C,-74.9,15,-38.6,N-BK7,2,0
LEN,CV,VIS,PCB-15.0-51.5-C,-100,15,-51.5,N-BK7,2,0
LEN,CV,VIS,PCB-15.0-78.2-C,-151.8,15,-78.2,N-BK7,2.3,0
LEN,CV,VIS,PCB-25.0-12.9-C,-25,25,-12.9,N-BK7,1.2,0
LEN,CV,VIS,PCB-25.4-103.4-C,-200.7,25.4,-103.4,N-BK7,2.3,0
LEN,CV,VIS,PCB-25.4-12.9-C,-25,25.4,-12.9,N-BK7,2.5,0
LEN,CV,VIS,PCB-25.4-130.0-C,-252.4,25.4,-130,N-BK7,2.4,0
LEN,CV,VIS,PCB-25.4-15.5-C,-30.1,25.4,-15.5,N-BK7,21,0
LEN,CV,VIS,PCB-25.4-150.0-C,-291.2,25.4,-150,N-BK7,3.8,0
LEN,CV,VIS,PCB-25.4-180.9-C,-351.2,25.4,-180.9,N-BK7,2,0
LEN,CV,VIS,PCB-25.4-19.6-C,-38.1,25.4,-19.6,N-BK7,2,0
LEN,CV,VIS,PCB-25.4-20.5-C,-39.8,25.4,-20.5,N-BK7,2,0
LEN,CV,VIS,PCB-25.4-25.8-C,-50.1,25.4,-25.8,N-BK7,2,0
LEN,CV,VIS,PCB-25.4-257.5-C,-499.9,25.4,-257.5,N-BK7,1.5,0
LEN,CV,VIS,PCB-25.4-258.4-C,-501.7,25.4,-258.4,N-BK7,1.5,0
LEN,CV,VIS,PCB-25.4-30.9-C,-60,25.4,-30.9,N-BK7,2,0
LEN,CV,VIS,PCB-25.4-312.0-C,-605.7,25.4,-312,N-BK7,2,0
LEN,CV,VIS,PCB-25.4-36.4-C,-70.7,25.4,-36.4,N-BK7,2,0
LEN,CV,VIS,PCB-25.4-38.6-C,-74.9,25.4,-38.6,N-BK7,2,0
LEN,CV,VIS,PCB-25.4-41.5-C,-80.6,25.4,-41.5,N-BK7,2,0
LEN,CV,VIS,PCB-25.4-51.5-C,-100,25.4,-51.5,N-BK7,2,0
LEN,CV,VIS,PCB-25.4-516.8-C,-1003.3,25.4,-516.8,N-BK7,1.5,0
LEN,CV,VIS,PCB-25.4-64.4-C,-125,25.4,-64.4,N-BK7,2,0
LEN,CV,VIS,PCB-25.4-78.2-C,-151.8,25.4,-78.2,N-BK7,2.3,0
LEN,CV,VIS,PCB-38.1-103.4-C,-200.7,38.1,-103.4,N-BK7,2.3,0
LEN,CV,VIS,PCB-38.1-25.8-C,-50.1,38.1,-25.8,N-BK7,2,0
LEN,CV,VIS,PCB-38.1-38.6-C,-74.9,38.1,-38.6,N-BK7,2,0
LEN,CV,VIS,PCB-38.1-51.5-C,-100,38.1,-51.5,N-BK7,2,0
LEN,CV,VIS,PCB-38.1-78.2-C,-151.8,38.1,-78.2,N-BK7,2.3,0
LEN,CV,VIS,PCB-5.0-5.2-C,-10.1,5,-5.2,N-BK7,2.4,0
LEN,CV,VIS,PCB-50.8-103.4-C,-200.7,50.8,-103.4,N-BK7,2.3,0
LEN,CV,VIS,PCB-50.8-130.0-C,-252.4,50.8,-130,N-BK7,2.5,0
LEN,CV,VIS,PCB-50.8-156.3-C,-303.4,50.8,-156.3,N-BK7,3,0
LEN,CV,VIS,PCB-50.8-258.4-C,-501.7,50.8,-258.4,N-BK7,2.5,0
LEN,CV,VIS,PCB-50.8-312.0-C,-605.7,50.8,-312,N-BK7,2,0
LEN,CV,VIS,PCB-50.8-36.4-C,-70.7,50.8,-36.4,N-BK7,3,0
LEN,CV,VIS,PCB-50.8-38.6-C,-74.9,50.8,-38.6,N-BK7,2.5,0
LEN,CV,VIS,PCB-50.8-41.5-C,-80.6,50.8,-41.5,N-BK7,3,0
LEN,CV,VIS,PCB-50.8-51.5-C,-100,50.8,-51.5,N-BK7,2,0
LEN,CV,VIS,PCB-50.8-64.4-C,-125,50.8,-64.4,N-BK7,2,0
LEN,CV,VIS,PCB-50.8-78.2-C,-151.8,50.8,-78.2,N-BK7,2.3,0
LEN,CV,UV,PCF-10.0-10.3-UV,-21.6,10,-10.3,SILUV,2,0
LEN,CV,UV,PCF-10.0-25.8-UV,-54.2,10,-25.8,SILUV,2,0
LEN,CV,UV,PCF-10.0-51.5-UV,-108.2,10,-51.5,SILUV,2,0
LEN,CV,UV,PCF-10.0-7.77-UV,-16.4,10,-7.8,SILUV,2,0
LEN,CV,UV,PCF-10.0-78.2-UV,-164.2,10,-78.2,SILUV,2.3,0
LEN,CV,UV,PCF-12.7-10.3-UV,-21.6,12.7,-10.3,SILUV,2,0
LEN,CV,UV,PCF-12.7-10.3-UV,-21.6,12.7,-10.3,SILUV,2,0
LEN,CV,UV,PCF-12.7-12.9-UV,-27.1,12.7,-12.9,SILUV,2.5,0
LEN,CV,UV,PCF-12.7-20.5-UV,-43.1,12.7,-20.5,SILUV,2,0
LEN,CV,UV,PCF-12.7-25.8-UV,-54.2,12.7,-25.8,SILUV,2,0
LEN,CV,UV,PCF-12.7-51.5-UV,-108.2,12.7,-51.5,SILUV,2,0
LEN,CV,UV,PCF-15.0-12.9-UV,-27.1,15,-12.9,SILUV,2,0
LEN,CV,UV,PCF-15.0-15.5-UV,-32.6,15,-15.5,SILUV,2,0
LEN,CV,UV,PCF-15.0-25.8-UV,-54.2,15,-25.8,SILUV,2,0
LEN,CV,UV,PCF-15.0-38.6-UV,-81.1,15,-38.6,SILUV,2,0
LEN,CV,UV,PCF-15.0-51.5-UV,-108.2,15,-51.5,SILUV,2,0
LEN,CV,UV,PCF-19.1-130.0-UV,-273,19.1,-130,SILUV,3,0
LEN,CV,UV,PCF-20.0-15.5-UV,-32.6,20,-15.5,SILUV,5.7,0
LEN,CV,UV,PCF-20.0-25.8-UV,-54.2,20,-25.8,SILUV,2,0
LEN,CV,UV,PCF-20.0-25.8-UV,-54.2,20,-25.8,SILUV,3,0
LEN,CV,UV,PCF-20.0-50.0-UV,-105,20,-50,SILUV,3,0
LEN,CV,UV,PCF-25.4-103.36-UV,-217.2,25.4,-103.4,SILUV,3.4,0
LEN,CV,UV,PCF-25.4-12.9-UV,-27.1,25.4,-12.9,SILUV,3,0
LEN,CV,UV,PCF-25.4-125.0-UV,-262.5,25.4,-125,SILUV,2.9,0
LEN,CV,UV,PCF-25.4-130.0-UV,-273,25.4,-130,SILUV,3.6,0
LEN,CV,UV,PCF-25.4-15.5-UV,-32.6,25.4,-15.5,SILUV,3,0
LEN,CV,UV,PCF-25.4-150.0-UV,-315,25.4,-150,SILUV,3.1,0
LEN,CV,UV,PCF-25.4-156.3-UV,-328.3,25.4,-156.3,SILUV,3.7,0
LEN,CV,UV,PCF-25.4-18.0-UV,-37.8,25.4,-18,SILUV,3,0
LEN,CV,UV,PCF-25.4-20.5-UV,-43.1,25.4,-20.5,SILUV,2,0
LEN,CV,UV,PCF-25.4-200.0-UV,-420.1,25.4,-200,SILUV,3.4,0
LEN,CV,UV,PCF-25.4-25.8-UV,-54.2,25.4,-25.8,SILUV,3,0
LEN,CV,UV,PCF-25.4-250.0-UV,-525.1,25.4,-250,SILUV,3.6,0
LEN,CV,UV,PCF-25.4-258.4-UV,-542.7,25.4,-258.4,SILUV,3.9,0
LEN,CV,UV,PCF-25.4-30.0-UV,-63,25.4,-30,SILUV,3,0
LEN,CV,UV,PCF-25.4-30.9-UV,-64.9,25.4,-30.9,SILUV,3,0
LEN,CV,UV,PCF-25.4-312.0-UV,-655.3,25.4,-312,SILUV,3.9,0
LEN,CV,UV,PCF-25.4-36.4-UV,-76.5,25.4,-36.4,SILUV,3,0
LEN,CV,UV,PCF-25.4-38.6-UV,-81.1,25.4,-38.6,SILUV,2,0
LEN,CV,UV,PCF-25.4-41.5-UV,-87.2,25.4,-41.5,SILUV,3,0
LEN,CV,UV,PCF-25.4-51.5-UV,-108.2,25.4,-51.5,SILUV,2,0
LEN,CV,UV,PCF-25.4-516.8-UV,-1085.4,25.4,-516.8,SILUV,4.1,0
LEN,CV,UV,PCF-25.4-64.4-UV,-135.3,25.4,-64.4,SILUV,2.9,0
LEN,CV,UV,PCF-25.4-78.2-UV,-164.2,25.4,-78.2,SILUV,3.1,0
LEN,CV,UV,PCF-38.1-100.0-UV,-210,38.1,-100,SILUV,3,0
LEN,CV,UV,PCF-38.1-38.6-UV,-81.1,38.1,-38.6,SILUV,3,0
LEN,CV,UV,PCF-38.1-51.5-UV,-108.2,38.1,-51.5,SILUV,3,0
LEN,CV,UV,PCF-38.1-75.0-UV,-157.5,38.1,-75,SILUV,3,0
LEN,CV,UV,PCF-40.0-50.0-UV,-105,40,-50,SILUV,3,0
LEN,CV,UV,PCF-5.0-5.2-UV,-10.9,5,-5.2,SILUV,2,0
LEN,CV,UV,PCF-50.0-100.0-UV,-210,50,-100,SILUV,4,0
LEN,CV,UV,PCF-50.0-125.0-UV,-262.5,50,-125,SILUV,4,0
LEN,CV,UV,PCF-50.8-103.36-UV,-217.2,50.8,-103.4,SILUV,4.8,0
LEN,CV,UV,PCF-50.8-125.0-UV,-262.5,50.8,-125,SILUV,4,0
LEN,CV,UV,PCF-50.8-130.0-UV,-273,50.8,-130,SILUV,5.7,0
LEN,CV,UV,PCF-50.8-156.3-UV,-328.3,50.8,-156.3,SILUV,5.7,0
LEN,CV,UV,PCF-50.8-200.0-UV,-420.1,50.8,-200,SILUV,4.8,0
LEN,CV,UV,PCF-50.8-258.4-UV,-542.7,50.8,-258.4,SILUV,7,0
LEN,CV,UV,PCF-50.8-312.0-UV,-655.3,50.8,-312,SILUV,7,0
LEN,CV,UV,PCF-50.8-41.5-UV,-87.2,50.8,-41.5,SILUV,3,0
LEN,CV,UV,PCF-50.8-51.5-UV,-108.2,50.8,-51.5,SILUV,4,0
LEN,CV,UV,PCF-50.8-516.8-UV,-1085.4,50.8,-516.8,SILUV,7.4,0
LEN,CV,UV,PCF-50.8-64.4-UV,-135.3,50.8,-64.4,SILUV,4,0
LEN,CV,UV,PCF-50.8-78.2-UV,-164.2,50.8,-78.2,SILUV,4.1,0
LEN,CV,VIS,PLCC-10.0-10.3-C,-20,10,10.3,N-BK7,2,0
LEN,CV,UV,PLCC-10.0-10.3-UV,-21.6,10,10.3,SILUV,2,0
LEN,CV,VIS,PLCC-10.0-103.0-C,-200,10,103,N-BK7,2.3,0
LEN,CV,NIR,PLCC-10.0-11.5-SF11,-15,10,11.5,SF11,2,0
LEN,CV,VIS,PLCC-10.0-12.9-C,-25,10,12.9,N-BK7,2,0
LEN,CV,UV,PLCC-10.0-12.9-UV,-27.1,10,12.9,SILUV,2,0
LEN,CV,VIS,PLCC-10.0-25.8-C,-50.1,10,25.8,N-BK7,2,0
LEN,CV,UV,PLCC-10.0-25.8-UV,-54.2,10,25.8,SILUV,2,0
LEN,CV,VIS,PLCC-10.0-51.5-C,-100,10,51.5,N-BK7,2,0
LEN,CV,UV,PLCC-10.0-51.5-UV,-108.2,10,51.5,SILUV,2,0
LEN,CV,VIS,PLCC-10.0-64.4-C,-125,10,64.4,N-BK7,2,0
LEN,CV,NIR,PLCC-10.0-7.7-SF11,-10.1,10,7.7,SF11,2,0
LEN,CV,VIS,PLCC-10.0-77.3-C,-150.1,10,77.3,N-BK7,2.3,0
LEN,CV,UV,PLCC-12.7-11.2-UV,-23.5,12.7,11.2,SILUV,2.1,0
LEN,CV,VIS,PLCC-12.7-15.5-C,-30.1,12.7,15.5,N-BK7,2,0
LEN,CV,VIS,PLCC-12.7-25.8-C,-50.1,12.7,25.8,N-BK7,2,0
LEN,CV,VIS,PLCC-12.7-30.9-C,-60,12.7,30.9,N-BK7,2,0
LEN,CV,UV,PLCC-12.7-412.1-UV,-865.6,12.7,412.1,SILUV,2.6,0
LEN,CV,UV,PLCC-12.7-515.1-UV,-1082,12.7,515.1,SILUV,2.5,0
LEN,CV,UV,PLCC-12.7-772.6-UV,-1622.9,12.7,772.6,SILUV,2.5,0
LEN,CV,VIS,PLCC-15.0-103.0-C,-200,15,103,N-BK7,2.3,0
LEN,CV,VIS,PLCC-15.0-12.9-C,-25,15,12.9,N-BK7,2,0
LEN,CV,UV,PLCC-15.0-12.9-UV,-27.1,15,12.9,SILUV,2,0
LEN,CV,NIR,PLCC-15.0-15.3-SF11,-20,15,15.3,SF11,1.8,0
LEN,CV,VIS,PLCC-15.0-15.5-C,-30.1,15,15.5,N-BK7,2,0
LEN,CV,NIR,PLCC-15.0-19.1-SF11,-25,15,19.1,SF11,2,0
LEN,CV,VIS,PLCC-15.0-207.7-C,-403.2,15,207.7,N-BK7,4,0
LEN,CV,VIS,PLCC-15.0-25.8-C,-50.1,15,25.8,N-BK7,2,0
LEN,CV,UV,PLCC-15.0-25.8-UV,-54.2,15,25.8,SILUV,2,0
LEN,CV,VIS,PLCC-15.0-38.6-C,-74.9,15,38.6,N-BK7,2,0
LEN,CV,VIS,PLCC-15.0-51.5-C,-100,15,51.5,N-BK7,2,0
LEN,CV,UV,PLCC-15.0-51.5-UV,-108.2,15,51.5,SILUV,2,0
LEN,CV,VIS,PLCC-15.0-64.4-C,-125,15,64.4,N-BK7,2,0
LEN,CV,UV,PLCC-15.0-64.4-UV,-135.3,15,64.4,SILUV,2,0
LEN,CV,VIS,PLCC-15.0-77.3-C,-150.1,15,77.3,N-BK7,2.3,0
LEN,CV,UV,PLCC-15.0-77.3-UV,-162.4,15,77.3,SILUV,2.3,0
LEN,CV,UV,PLCC-19.1-15.5-UV,-32.6,19.1,15.5,SILUV,5.7,0
LEN,CV,UV,PLCC-19.1-20.6-UV,-43.3,19.1,20.6,SILUV,2,0
LEN,CV,VIS,PLCC-19.1-25.8-C,-50.1,19.1,25.8,N-BK7,2,0
LEN,CV,UV,PLCC-19.1-25.8-UV,-54.2,19.1,25.8,SILUV,2,0
LEN,CV,NIR,PLCC-19.1-27.2-SF11,-35.6,19.1,27.2,SF11,1.8,0
LEN,CV,VIS,PLCC-19.1-51.5-C,-100,19.1,51.5,N-BK7,2,0
LEN,CV,UV,PLCC-25.0-25.8-UV,-54.2,25,25.8,SILUV,2,0
LEN,CV,VIS,PLCC-25.0-38.6-C,-74.9,25,38.6,N-BK7,3,0
LEN,CV,VIS,PLCC-25.4-103.0-C,-200,25.4,103,N-BK7,3.4,0
LEN,CV,UV,PLCC-25.4-103.0-UV,-216.4,25.4,103,SILUV,3.4,0
LEN,CV,VIS,PLCC-25.4-103.4-C,-200.7,25.4,103.4,N-BK7,3.4,0
LEN,CV,NIR,PLCC-25.4-114.6-SF11,-149.9,25.4,114.6,SF11,2,0
LEN,CV,VIS,PLCC-25.4-128.8-C,-250.1,25.4,128.8,N-BK7,4,0
LEN,CV,UV,PLCC-25.4-128.8-UV,-270.3,25.4,128.8,SILUV,3.6,0
LEN,CV,UV,PLCC-25.4-13.1-UV,-27.5,25.4,13.1,SILUV,2,0
LEN,CV,NIR,PLCC-25.4-134.1-SF11,-175.4,25.4,134.1,SF11,2,0
LEN,CV,VIS,PLCC-25.4-15.5-C,-30.1,25.4,15.5,N-BK7,2,0
LEN,CV,NIR,PLCC-25.4-153.4-SF11,-200.6,25.4,153.4,SF11,2,0
LEN,CV,UV,PLCC-25.4-154.5-UV,-324.5,25.4,154.5,SILUV,2,0
LEN,CV,UV,PLCC-25.4-180.3-UV,-378.7,25.4,180.3,SILUV,2,0
LEN,CV,NIR,PLCC-25.4-189.9-SF11,-248.3,25.4,189.9,SF11,2,0
LEN,CV,VIS,PLCC-25.4-19.6-C,-38.1,25.4,19.6,N-BK7,2,0
LEN,CV,UV,PLCC-25.4-19.6-UV,-41.2,25.4,19.6,SILUV,2,0
LEN,CV,UV,PLCC-25.4-206.6-UV,-434,25.4,206.6,SILUV,2,0
LEN,CV,VIS,PLCC-25.4-25.8-C,-50.1,25.4,25.8,N-BK7,3,0
LEN,CV,UV,PLCC-25.4-25.8-UV,-54.2,25.4,25.8,SILUV,3,0
LEN,CV,VIS,PLCC-25.4-257.5-C,-499.9,25.4,257.5,N-BK7,3.9,0
LEN,CV,UV,PLCC-25.4-257.5-UV,-540.9,25.4,257.5,SILUV,4.3,0
LEN,CV,VIS,PLCC-25.4-309.1-C,-600.1,25.4,309.1,N-BK7,3.9,0
LEN,CV,UV,PLCC-25.4-309.1-UV,-649.3,25.4,309.1,SILUV,3.9,0
LEN,CV,NIR,PLCC-25.4-38.1-SF11,-49.8,25.4,38.1,SF11,1.6,0
LEN,CV,VIS,PLCC-25.4-38.6-C,-74.9,25.4,38.6,N-BK7,3,0
LEN,CV,UV,PLCC-25.4-38.6-UV,-81.1,25.4,38.6,SILUV,2,0
LEN,CV,UV,PLCC-25.4-39.2-UV,-82.3,25.4,39.2,SILUV,2.8,0
LEN,CV,NIR,PLCC-25.4-45.7-SF11,-59.8,25.4,45.7,SF11,2,0
LEN,CV,VIS,PLCC-25.4-51.5-C,-100,25.4,51.5,N-BK7,2.6,0
LEN,CV,UV,PLCC-25.4-51.5-UV,-108.2,25.4,51.5,SILUV,2,0
LEN,CV,UV,PLCC-25.4-515.1-UV,-1082,25.4,515.1,SILUV,2,0
LEN,CV,NIR,PLCC-25.4-58.2-SF11,-76.1,25.4,58.2,SF11,2,0
LEN,CV,VIS,PLCC-25.4-64.4-C,-125,25.4,64.4,N-BK7,2.9,0
LEN,CV,UV,PLCC-25.4-64.4-UV,-135.3,25.4,64.4,SILUV,2,0
LEN,CV,NIR,PLCC-25.4-76.3-SF11,-99.8,25.4,76.3,SF11,2,0
LEN,CV,VIS,PLCC-25.4-77.3-C,-150.1,25.4,77.3,N-BK7,3.1,0
LEN,CV,UV,PLCC-25.4-77.3-UV,-162.4,25.4,77.3,SILUV,3.1,0
LEN,CV,UV,PLCC-25.4-772.6-UV,-1622.9,25.4,772.6,SILUV,2,0
LEN,CV,VIS,PLCC-25.4-90.8-C,-176.3,25.4,90.8,N-BK7,3.3,0
LEN,CV,NIR,PLCC-25.4-96.0-SF11,-125.5,25.4,96,SF11,2,0
LEN,CV,VIS,PLCC-30.0-26.2-C,-50.9,30,26.2,N-BK7,1.9,0
LEN,CV,VIS,PLCC-38.1-103.0-C,-200,38.1,103,N-BK7,4.5,0
LEN,CV,UV,PLCC-38.1-103.0-UV,-216.4,38.1,103,SILUV,4.2,0
LEN,CV,VIS,PLCC-38.1-38.6-C,-74.9,38.1,38.6,N-BK7,2,0
LEN,CV,UV,PLCC-38.1-38.6-UV,-81.1,38.1,38.6,SILUV,2,0
LEN,CV,VIS,PLCC-38.1-51.5-C,-100,38.1,51.5,N-BK7,3,0
LEN,CV,UV,PLCC-38.1-51.5-UV,-108.2,38.1,51.5,SILUV,2,0
LEN,CV,UV,PLCC-38.1-64.4-UV,-135.3,38.1,64.4,SILUV,2,0
LEN,CV,VIS,PLCC-38.1-77.3-C,-150.1,38.1,77.3,N-BK7,3.9,0
LEN,CV,UV,PLCC-38.1-77.3-UV,-159.2,38.1,77.3,SILUV,4.5,0
LEN,CV,NIR,PLCC-5.0-4.1-SF11,-5.4,5,4.1,SF11,1.1,0
LEN,CV,VIS,PLCC-50.0-130.8-C,-253.9,50,130.8,N-BK7,5.8,0
LEN,CV,VIS,PLCC-50.0-38.6-C,-74.9,50,38.6,N-BK7,2,0
LEN,CV,UV,PLCC-50.0-39.2-UV,-82.3,50,39.2,SILUV,2.8,0
LEN,CV,UV,PLCC-50.0-493.0-UV,-1035.6,50,493,SILUV,7.5,0
LEN,CV,UV,PLCC-50.0-51.5-UV,-108.2,50,51.5,SILUV,2,0
LEN,CV,UV,PLCC-50.0-64.4-UV,-135.3,50,64.4,SILUV,2,0
LEN,CV,VIS,PLCC-50.8-103.0-C,-200,50.8,103,N-BK7,4.8,0
LEN,CV,UV,PLCC-50.8-103.0-UV,-216.4,50.8,103,SILUV,4.8,0
LEN,CV,VIS,PLCC-50.8-128.8-C,-250.1,50.8,128.8,N-BK7,6,0
LEN,CV,UV,PLCC-50.8-128.8-UV,-270.3,50.8,128.8,SILUV,5.5,0
LEN,CV,UV,PLCC-50.8-154.5-UV,-324.5,50.8,154.5,SILUV,2.8,0
LEN,CV,UV,PLCC-50.8-180.3-UV,-378.7,50.8,180.3,SILUV,6.2,0
LEN,CV,UV,PLCC-50.8-206.6-UV,-434,50.8,206.6,SILUV,6.4,0
LEN,CV,VIS,PLCC-50.8-257.5-C,-499.9,50.8,257.5,N-BK7,7,0
LEN,CV,UV,PLCC-50.8-257.5-UV,-540.9,50.8,257.5,SILUV,7,0
LEN,CV,VIS,PLCC-50.8-309.1-C,-600.1,50.8,309.1,N-BK7,7.5,0
LEN,CV,UV,PLCC-50.8-309.1-UV,-649.3,50.8,309.1,SILUV,5.5,0
LEN,CV,VIS,PLCC-50.8-51.5-C,-100,50.8,51.5,N-BK7,2,0
LEN,CV,UV,PLCC-50.8-51.5-UV,-108.2,50.8,51.5,SILUV,2,0
LEN,CV,UV,PLCC-50.8-515.1-UV,-1082,50.8,515.1,SILUV,2.8,0
LEN,CV,VIS,PLCC-50.8-64.4-C,-125,50.8,64.4,N-BK7,3.2,0
LEN,CV,UV,PLCC-50.8-64.4-UV,-135.3,50.8,64.4,SILUV,2,0
LEN,CV,UV,PLCC-50.8-77.3-UV,-162.4,50.8,77.3,SILUV,4.5,0
LEN,CV,UV,PLCC-50.8-772.6-UV,-1622.9,50.8,772.6,SILUV,2.8,0
LEN,CV,VIS,PLCC-8.0-103.0-C,-200,8,103,N-BK7,2.3,0
LEN,CV,UV,PLCC-8.0-25.8-UV,-54.2,8,25.8,SILUV,2,0
LEN,CV,VIS,PLCC-8.0-51.5-C,-100,8,51.5,N-BK7,2,0
LEN,CV,VIS,PLCX-10.0-10.3-C,20,10,10.3,N-BK7,3.9,0
LEN,CV,UV,PLCX-10.0-10.3-UV,21.6,10,10.3,SILUV,3.9,0
LEN,CV,VIS,PLCX-10.0-103.0-C,200,10,103,N-BK7,2.3,0
LEN,CV,UV,PLCX-10.0-103.0-UV,216.4,10,103,SILUV,2.3,0
LEN,CV,NIR,PLCX-10.0-11.5-SF11,15,10,11.5,SF11,3.8,0
LEN,CV,VIS,PLCX-10.0-12.9-C,25,10,12.9,N-BK7,4,0
LEN,CV,UV,PLCX-10.0-12.9-UV,27.1,10,12.9,SILUV,4,0
LEN,CV,VIS,PLCX-10.0-138.4-C,268.7,10,138.4,N-BK7,3,0
LEN,CV,VIS,PLCX-10.0-15.5-C,30.1,10,15.5,N-BK7,1.8,0
LEN,CV,VIS,PLCX-10.0-16.0-C,31.1,10,16,N-BK7,1.9,0
LEN,CV,UV,PLCX-10.0-16.0-UV,33.6,10,16,SILUV,1.9,0
LEN,CV,VIS,PLCX-10.0-18.0-C,34.9,10,18,N-BK7,2.2,0
LEN,CV,VIS,PLCX-10.0-20.6-C,40,10,20.6,N-BK7,2.6,0
LEN,CV,VIS,PLCX-10.0-238.4-C,462.8,10,238.4,N-BK7,3,0
LEN,CV,VIS,PLCX-10.0-25.8-C,50.1,10,25.8,N-BK7,2,0
LEN,CV,VIS,PLCX-10.0-250.0-C,485.4,10,250,N-BK7,4,0
LEN,CV,VIS,PLCX-10.0-38.6-C,74.9,10,38.6,N-BK7,2,0
LEN,CV,VIS,PLCX-10.0-51.5-C,100,10,51.5,N-BK7,2.5,0
LEN,CV,VIS,PLCX-10.0-64.4-C,125,10,64.4,N-BK7,2.6,0
LEN,CV,VIS,PLCX-10.0-7.7-C,14.9,10,7.7,N-BK7,3.8,0
LEN,CV,NIR,PLCX-10.0-7.7-SF11,10.1,10,7.7,SF11,3.8,0
LEN,CV,UV,PLCX-10.0-7.7-UV,16.2,10,7.7,SILUV,3.8,0
LEN,CV,VIS,PLCX-10.0-77.3-C,150.1,10,77.3,N-BK7,1.9,0
LEN,CV,VIS,PLCX-10.0-82.4-C,160,10,82.4,N-BK7,2.1,0
LEN,CV,UV,PLCX-10.0-82.4-UV,173.1,10,82.4,SILUV,2.1,0
LEN,CV,VIS,PLCX-12.0-10.3-C,20,12,10.3,N-BK7,3.9,0
LEN,CV,NIR,PLCX-12.7-10.8-CFIR,25,12.7,10.8,CAFIR,4.1,0
LEN,CV,UV,PLCX-12.7-11.9-CFUV,25.3,12.7,11.9,CAFUV,3.8,0
LEN,CV,VIS,PLCX-12.7-12.9-C,25,12.7,12.9,N-BK7,4,0
LEN,CV,UV,PLCX-12.7-12.9-UV,27.1,12.7,12.9,SILUV,4,0
LEN,CV,VIS,PLCX-12.7-25.8-C,50.1,12.7,25.8,N-BK7,2,0
LEN,CV,UV,PLCX-12.7-25.8-UV,54.2,12.7,25.8,SILUV,2,0
LEN,CV,UV,PLCX-12.7-33.7-UV,70.8,12.7,33.7,SILUV,3,0
LEN,CV,UV,PLCX-12.7-41.2-UV,86.5,12.7,41.2,SILUV,2.7,0
LEN,CV,VIS,PLCX-13.3-8.8-C,17.1,13.3,8.8,N-BK7,3.7,0
LEN,CV,UV,PLCX-15.0-101.0-UV,212.2,15,101,SILUV,2.3,0
LEN,CV,UV,PLCX-15.0-103.0-EUV,202.6,15,103,SILICA,3.8,0
LEN,CV,VIS,PLCX-15.0-12.9-C,25,15,12.9,N-BK7,4.9,0
LEN,CV,UV,PLCX-15.0-12.9-UV,27.1,15,12.9,SILUV,4.9,0
LEN,CV,UV,PLCX-15.0-128.8-EUV,253.4,15,128.8,SILICA,3.6,0
LEN,CV,NIR,PLCX-15.0-15.3-SF11,20,15,15.3,SF11,3.8,0
LEN,CV,VIS,PLCX-15.0-15.5-C,30.1,15,15.5,N-BK7,5,0
LEN,CV,UV,PLCX-15.0-154.5-EUV,304,15,154.5,SILICA,3.5,0
LEN,CV,VIS,PLCX-15.0-16.5-C,32,15,16.5,N-BK7,4,0
LEN,CV,VIS,PLCX-15.0-18.0-C,34.9,15,18,N-BK7,3.1,0
LEN,CV,UV,PLCX-15.0-180.3-EUV,354.7,15,180.3,SILICA,3.4,0
LEN,CV,NIR,PLCX-15.0-19.1-SF11,25,15,19.1,SF11,3.8,0
LEN,CV,UV,PLCX-15.0-206.0-EUV,405.3,15,206,SILICA,3.4,0
LEN,CV,VIS,PLCX-15.0-25.8-C,50.1,15,25.8,N-BK7,5.3,0
LEN,CV,UV,PLCX-15.0-25.8-EUV,50.8,15,25.8,SILICA,6.3,0
LEN,CV,UV,PLCX-15.0-25.8-UV,54.2,15,25.8,SILUV,5.3,0
LEN,CV,UV,PLCX-15.0-257.5-EUV,506.6,15,257.5,SILICA,3.3,0
LEN,CV,VIS,PLCX-15.0-30.9-C,60,15,30.9,N-BK7,2.1,0
LEN,CV,UV,PLCX-15.0-30.9-EUV,60.8,15,30.9,SILICA,5.7,0
LEN,CV,UV,PLCX-15.0-30.9-UV,64.9,15,30.9,SILUV,4.2,0
LEN,CV,VIS,PLCX-15.0-38.6-C,74.9,15,38.6,N-BK7,2,0
LEN,CV,UV,PLCX-15.0-38.6-EUV,75.9,15,38.6,SILICA,4.1,0
LEN,CV,UV,PLCX-15.0-38.6-UV,81.1,15,38.6,SILUV,2,0
LEN,CV,UV,PLCX-15.0-41.2-UV,86.5,15,41.2,SILUV,3.5,0
LEN,CV,VIS,PLCX-15.0-51.5-C,100,15,51.5,N-BK7,2.5,0
LEN,CV,UV,PLCX-15.0-51.5-EUV,101.3,15,51.5,SILICA,4.6,0
LEN,CV,UV,PLCX-15.0-51.5-UV,108.2,15,51.5,SILUV,2.5,0
LEN,CV,UV,PLCX-15.0-515.1-EUV,1013.4,15,515.1,SILICA,3.2,0
LEN,CV,VIS,PLCX-15.0-61.8-C,120,15,61.8,N-BK7,1.6,0
LEN,CV,VIS,PLCX-15.0-64.4-C,125,15,64.4,N-BK7,2.6,0
LEN,CV,UV,PLCX-15.0-64.4-EUV,126.7,15,64.4,SILICA,4.3,0
LEN,CV,UV,PLCX-15.0-64.4-UV,135.3,15,64.4,SILUV,2.6,0
LEN,CV,VIS,PLCX-15.0-77.3-C,150.1,15,77.3,N-BK7,2.5,0
LEN,CV,UV,PLCX-15.0-77.3-EUV,152.1,15,77.3,SILICA,4.1,0
LEN,CV,UV,PLCX-15.0-77.3-UV,162.4,15,77.3,SILUV,2.5,0
LEN,CV,VIS,PLCX-15.0-82.4-C,160,15,82.4,N-BK7,5,0
LEN,CV,VIS,PLCX-15.0-9.3-C,18.1,15,9.3,N-BK7,5.7,0
LEN,CV,VIS,PLCX-18.0-11.3-C,21.9,18,11.3,N-BK7,6,0
LEN,CV,VIS,PLCX-19.1-103.0-C,200,19.1,103,N-BK7,2.6,0
LEN,CV,VIS,PLCX-19.1-18.0-C,34.9,19.1,18,N-BK7,4.2,0
LEN,CV,VIS,PLCX-19.1-185.0-C,359.2,19.1,185,N-BK7,3,0
LEN,CV,VIS,PLCX-19.1-20.6-C,40,19.1,20.6,N-BK7,5.3,0
LEN,CV,UV,PLCX-19.1-20.6-UV,43.3,19.1,20.6,SILUV,5.3,0
LEN,CV,VIS,PLCX-19.1-25.8-C,50.1,19.1,25.8,N-BK7,5.3,0
LEN,CV,NIR,PLCX-19.1-27.2-SF11,35.6,19.1,27.2,SF11,3.8,0
LEN,CV,VIS,PLCX-19.1-41.2-C,80,19.1,41.2,N-BK7,3.5,0
LEN,CV,VIS,PLCX-19.1-51.5-C,100,19.1,51.5,N-BK7,4,0
LEN,CV,VIS,PLCX-19.1-56.7-C,110.1,19.1,56.7,N-BK7,4,0
LEN,CV,UV,PLCX-2.5-1.5-UV,3.2,2.5,1.5,SILUV,2,0
LEN,CV,VIS,PLCX-25.0-16.5-C,32,25,16.5,N-BK7,7,0
LEN,CV,VIS,PLCX-25.0-206.0-C,399.9,25,206,N-BK7,4.1,0
LEN,CV,VIS,PLCX-25.0-25.8-C,50.1,25,25.8,N-BK7,6.1,0
LEN,CV,VIS,PLCX-25.0-257.5-C,499.9,25,257.5,N-BK7,4,0
LEN,CV,VIS,PLCX-25.0-360.6-C,700.1,25,360.6,N-BK7,4,0
LEN,CV,VIS,PLCX-25.0-54.1-C,105,25,54.1,N-BK7,3.4,0
LEN,CV,VIS,PLCX-25.0-69.5-C,134.9,25,69.5,N-BK7,4,0
LEN,CV,VIS,PLCX-25.0-72.1-C,140,25,72.1,N-BK7,4,0
LEN,CV,UV,PLCX-25.0-72.1-UV,151.4,25,72.1,SILUV,4,0
LEN,CV,VIS,PLCX-25.0-87.6-C,170.1,25,87.6,N-BK7,4.1,0
LEN,CV,VIS,PLCX-25.4-103.0-C,200,25.4,103,N-BK7,4,0
LEN,CV,UV,PLCX-25.4-103.0-EUV,202.6,25.4,103,SILICA,4,0
LEN,CV,UV,PLCX-25.4-103.0-MF,255.3,25.4,103,MGF2_O,4,0
LEN,CV,UV,PLCX-25.4-103.0-UV,216.4,25.4,103,SILUV,4,0
LEN,CV,VIS,PLCX-25.4-1030.2-C,2000,25.4,1030.2,N-BK7,4,0
LEN,CV,UV,PLCX-25.4-1030.2-UV,2164,25.4,1030.2,SILUV,4,0
LEN,CV,NIR,PLCX-25.4-104.0-CFIR,248.7,25.4,104,CAFIR,3.8,0
LEN,CV,NIR,PLCX-25.4-114.6-SF11,149.9,25.4,114.6,SF11,3.8,0
LEN,CV,UV,PLCX-25.4-118.0-CFUV,252.1,25.4,118,CAFUV,3.7,0
LEN,CV,VIS,PLCX-25.4-12.9-C,25,25.4,12.9,N-BK7,12.7,0
LEN,CV,UV,PLCX-25.4-12.9-UV,27.1,25.4,12.9,SILUV,12.7,0
LEN,CV,VIS,PLCX-25.4-128.8-C,250.1,25.4,128.8,N-BK7,4,0
LEN,CV,UV,PLCX-25.4-128.8-EUV,253.4,25.4,128.8,SILICA,4,0
LEN,CV,UV,PLCX-25.4-128.8-UV,270.5,25.4,128.8,SILUV,4,0
LEN,CV,VIS,PLCX-25.4-129.6-C,251.6,25.4,129.6,N-BK7,9.6,0
LEN,CV,UV,PLCX-25.4-13.1-UV,27.5,25.4,13.1,SILUV,11.4,0
LEN,CV,NIR,PLCX-25.4-134.1-SF11,175.4,25.4,134.1,SF11,3.8,0
LEN,CV,NIR,PLCX-25.4-153.4-SF11,200.6,25.4,153.4,SF11,3.8,0
LEN,CV,VIS,PLCX-25.4-154.5-C,299.9,25.4,154.5,N-BK7,4,0
LEN,CV,UV,PLCX-25.4-154.5-EUV,304,25.4,154.5,SILICA,4,0
LEN,CV,UV,PLCX-25.4-154.5-MF,383,25.4,154.5,MGF2_O,4,0
LEN,CV,UV,PLCX-25.4-154.5-UV,324.5,25.4,154.5,SILUV,4,0
LEN,CV,VIS,PLCX-25.4-1545.0-C,2999.5,25.4,1545,N-BK7,4,0
LEN,CV,UV,PLCX-25.4-1545.0-UV,3245.3,25.4,1545,SILUV,4,0
LEN,CV,VIS,PLCX-25.4-178.5-C,346.5,25.4,178.5,N-BK7,6.5,0
LEN,CV,VIS,PLCX-25.4-18.0-C,34.9,25.4,18,N-BK7,7.2,0
LEN,CV,UV,PLCX-25.4-18.0-UV,37.8,25.4,18,SILUV,7.2,0
LEN,CV,VIS,PLCX-25.4-180.3-C,350,25.4,180.3,N-BK7,4,0
LEN,CV,UV,PLCX-25.4-180.3-EUV,354.7,25.4,180.3,SILICA,4,0
LEN,CV,UV,PLCX-25.4-180.3-UV,378.7,25.4,180.3,SILUV,4,0
LEN,CV,NIR,PLCX-25.4-189.9-SF11,248.3,25.4,189.9,SF11,3.8,0
LEN,CV,VIS,PLCX-25.4-19.6-C,38.1,25.4,19.6,N-BK7,7.2,0
LEN,CV,UV,PLCX-25.4-19.6-UV,41.2,25.4,19.6,SILUV,7.2,0
LEN,CV,VIS,PLCX-25.4-20.6-C,40,25.4,20.6,N-BK7,5.3,0
LEN,CV,NIR,PLCX-25.4-20.6-CFIR,49.3,25.4,20.6,CAFIR,7.4,0
LEN,CV,UV,PLCX-25.4-20.6-UV,43.3,25.4,20.6,SILUV,5.3,0
LEN,CV,VIS,PLCX-25.4-206.0-C,399.9,25.4,206,N-BK7,4.1,0
LEN,CV,UV,PLCX-25.4-206.0-EUV,405.3,25.4,206,SILICA,4,0
LEN,CV,UV,PLCX-25.4-206.0-UV,432.7,25.4,206,SILUV,4,0
LEN,CV,VIS,PLCX-25.4-2060.0-C,3999.3,25.4,2060,N-BK7,4,0
LEN,CV,UV,PLCX-25.4-2060.0-UV,4327.1,25.4,2060,SILUV,4,0
LEN,CV,NIR,PLCX-25.4-210.0-CFIR,502.1,25.4,210,CAFIR,3.4,0
LEN,CV,UV,PLCX-25.4-23.6-CFUV,50.4,25.4,23.6,CAFUV,6.7,0
LEN,CV,UV,PLCX-25.4-231.8-CFUV,495.3,25.4,231.8,CAFUV,3.3,0
LEN,CV,VIS,PLCX-25.4-25.6-C,49.7,25.4,25.6,N-BK7,5.3,0
LEN,CV,VIS,PLCX-25.4-25.8-C,50.1,25.4,25.8,N-BK7,5.3,0
LEN,CV,UV,PLCX-25.4-25.8-EUV,50.8,25.4,25.8,SILICA,5.3,0
LEN,CV,UV,PLCX-25.4-25.8-UV,54.2,25.4,25.8,SILUV,5.3,0
LEN,CV,VIS,PLCX-25.4-257.5-C,499.9,25.4,257.5,N-BK7,4,0
LEN,CV,UV,PLCX-25.4-257.5-EUV,506.6,25.4,257.5,SILICA,4,0
LEN,CV,UV,PLCX-25.4-257.5-MF,638.3,25.4,257.5,MGF2_O,4,0
LEN,CV,UV,PLCX-25.4-257.5-UV,540.9,25.4,257.5,SILUV,4,0
LEN,CV,VIS,PLCX-25.4-2575.0-C,4999.1,25.4,2575,N-BK7,4,0
LEN,CV,UV,PLCX-25.4-2575.0-UV,5408.8,25.4,2575,SILUV,4,0
LEN,CV,VIS,PLCX-25.4-30.9-C,60,25.4,30.9,N-BK7,4.2,0
LEN,CV,UV,PLCX-25.4-30.9-EUV,60.8,25.4,30.9,SILICA,4.2,0
LEN,CV,UV,PLCX-25.4-30.9-UV,64.9,25.4,30.9,SILUV,4.2,0
LEN,CV,VIS,PLCX-25.4-309.1-C,600.1,25.4,309.1,N-BK7,4,0
LEN,CV,UV,PLCX-25.4-309.1-UV,649.3,25.4,309.1,SILUV,4,0
LEN,CV,NIR,PLCX-25.4-31.4-CFIR,75,25.4,31.4,CAFIR,5.7,0
LEN,CV,VIS,PLCX-25.4-32.5-C,63.1,25.4,32.5,N-BK7,3.9,0
LEN,CV,UV,PLCX-25.4-33.7-UV,70.8,25.4,33.7,SILUV,5,0
LEN,CV,UV,PLCX-25.4-35.0-CFUV,74.8,25.4,35,CAFUV,5.4,0
LEN,CV,VIS,PLCX-25.4-36.1-C,70.1,25.4,36.1,N-BK7,4.5,0
LEN,CV,VIS,PLCX-25.4-360.6-C,700.1,25.4,360.6,N-BK7,4,0
LEN,CV,UV,PLCX-25.4-360.6-UV,757.4,25.4,360.6,SILUV,4,0
LEN,CV,NIR,PLCX-25.4-38.1-SF11,49.8,25.4,38.1,SF11,3.8,0
LEN,CV,VIS,PLCX-25.4-38.6-C,74.9,25.4,38.6,N-BK7,5.2,0
LEN,CV,UV,PLCX-25.4-38.6-EUV,75.9,25.4,38.6,SILICA,3.7,0
LEN,CV,UV,PLCX-25.4-38.6-UV,81.1,25.4,38.6,SILUV,3.6,0
LEN,CV,VIS,PLCX-25.4-386.3-C,750,25.4,386.3,N-BK7,4,0
LEN,CV,VIS,PLCX-25.4-3863.0-C,7499.7,25.4,3863,N-BK7,4,0
LEN,CV,UV,PLCX-25.4-3863.0-UV,8114.3,25.4,3863,SILUV,4,0
LEN,CV,VIS,PLCX-25.4-39.2-C,76.1,25.4,39.2,N-BK7,4.1,0
LEN,CV,NIR,PLCX-25.4-41.9-CFIR,100.1,25.4,41.9,CAFIR,5,0
LEN,CV,VIS,PLCX-25.4-412.1-C,800.1,25.4,412.1,N-BK7,4,0
LEN,CV,NIR,PLCX-25.4-417.7-CFIR,998.5,25.4,417.7,CAFIR,3.2,0
LEN,CV,VIS,PLCX-25.4-43.8-C,85,25.4,43.8,N-BK7,5.6,0
LEN,CV,NIR,PLCX-25.4-45.7-SF11,59.8,25.4,45.7,SF11,3.8,0
LEN,CV,VIS,PLCX-25.4-46.2-C,89.7,25.4,46.2,N-BK7,5,0
LEN,CV,UV,PLCX-25.4-46.4-CFUV,99.1,25.4,46.4,CAFUV,4.8,0
LEN,CV,UV,PLCX-25.4-46.4-UV,97.5,25.4,46.4,SILUV,5,0
LEN,CV,VIS,PLCX-25.4-463.5-C,899.8,25.4,463.5,N-BK7,4.2,0
LEN,CV,UV,PLCX-25.4-469.5-CFUV,1003.2,25.4,469.5,CAFUV,3.2,0
LEN,CV,VIS,PLCX-25.4-51.5-C,100,25.4,51.5,N-BK7,4,0
LEN,CV,UV,PLCX-25.4-51.5-EUV,101.3,25.4,51.5,SILICA,4,0
LEN,CV,UV,PLCX-25.4-51.5-UV,108.2,25.4,51.5,SILUV,4,0
LEN,CV,VIS,PLCX-25.4-515.1-C,1000,25.4,515.1,N-BK7,4,0
LEN,CV,UV,PLCX-25.4-515.1-EUV,1013.4,25.4,515.1,SILICA,4,0
LEN,CV,UV,PLCX-25.4-515.1-MF,1276.8,25.4,515.1,MGF2_O,4,0
LEN,CV,UV,PLCX-25.4-515.1-UV,1082,25.4,515.1,SILUV,4,0
LEN,CV,VIS,PLCX-25.4-5151.0-C,10000.2,25.4,5151,N-BK7,4,0
LEN,CV,UV,PLCX-25.4-5151.0-UV,10819.8,25.4,5151,SILUV,4,0
LEN,CV,NIR,PLCX-25.4-58.2-SF11,76.1,25.4,58.2,SF11,3.8,0
LEN,CV,NIR,PLCX-25.4-62.7-CFIR,150,25.4,62.7,CAFIR,4.3,0
LEN,CV,VIS,PLCX-25.4-64.4-C,125,25.4,64.4,N-BK7,4,0
LEN,CV,UV,PLCX-25.4-64.4-EUV,126.7,25.4,64.4,SILICA,4,0
LEN,CV,UV,PLCX-25.4-64.4-UV,135.3,25.4,64.4,SILUV,4,0
LEN,CV,VIS,PLCX-25.4-65.4-C,127,25.4,65.4,N-BK7,4,0
LEN,CV,UV,PLCX-25.4-70.6-CFUV,150.9,25.4,70.6,CAFUV,4.2,0
LEN,CV,NIR,PLCX-25.4-76.3-SF11,99.8,25.4,76.3,SF11,3.8,0
LEN,CV,VIS,PLCX-25.4-77.3-C,150.1,25.4,77.3,N-BK7,4,0
LEN,CV,UV,PLCX-25.4-77.3-EUV,152.1,25.4,77.3,SILICA,4,0
LEN,CV,UV,PLCX-25.4-77.3-UV,162.4,25.4,77.3,SILUV,4,0
LEN,CV,VIS,PLCX-25.4-772.6-C,1499.9,25.4,772.6,N-BK7,4,0
LEN,CV,UV,PLCX-25.4-772.6-UV,1622.9,25.4,772.6,SILUV,4,0
LEN,CV,VIS,PLCX-25.4-78.5-C,152.4,25.4,78.5,N-BK7,4,0
LEN,CV,NIR,PLCX-25.4-83.8-CFIR,200.5,25.4,83.8,CAFIR,4,0
LEN,CV,UV,PLCX-25.4-93.2-CFUV,199.2,25.4,93.2,CAFUV,3.9,0
LEN,CV,NIR,PLCX-25.4-96.0-SF11,125.5,25.4,96,SF11,3.8,0
LEN,CV,IR,PLCX-27.9-3.0-127.0-ZNSE,127,27.9,178.2,ZnSe,3,0
LEN,CV,IR,PLCX-27.9-3.0-63.5-ZNSE,63.5,27.9,89,ZnSe,3,0
LEN,CV,VIS,PLCX-3.6-1.8-C,3.5,3.6,1.8,N-BK7,2,0
LEN,CV,VIS,PLCX-30.0-51.5-C,100,30,51.5,N-BK7,4,0
LEN,CV,VIS,PLCX-38.1-103.0-C,200,38.1,103,N-BK7,5.1,0
LEN,CV,UV,PLCX-38.1-103.0-UV,216.4,38.1,103,SILUV,5.1,0
LEN,CV,VIS,PLCX-38.1-128.8-C,250.1,38.1,128.8,N-BK7,4.5,0
LEN,CV,UV,PLCX-38.1-128.8-UV,270.5,38.1,128.8,SILUV,5.5,0
LEN,CV,UV,PLCX-38.1-154.5-UV,324.5,38.1,154.5,SILUV,3.8,0
LEN,CV,VIS,PLCX-38.1-180.3-C,350,38.1,180.3,N-BK7,5,0
LEN,CV,VIS,PLCX-38.1-206.7-C,401.3,38.1,206.7,N-BK7,5,0
LEN,CV,VIS,PLCX-38.1-257.5-C,499.9,38.1,257.5,N-BK7,5,0
LEN,CV,UV,PLCX-38.1-257.5-UV,540.9,38.1,257.5,SILUV,5,0
LEN,CV,IR,PLCX-38.1-3.0-127.0-ZNSE,127,38.1,178.2,ZnSe,3,0
LEN,CV,VIS,PLCX-38.1-30.9-C,60,38.1,30.9,N-BK7,8,0
LEN,CV,UV,PLCX-38.1-30.9-UV,64.9,38.1,30.9,SILUV,8,0
LEN,CV,VIS,PLCX-38.1-309.1-C,600.1,38.1,309.1,N-BK7,5,0
LEN,CV,UV,PLCX-38.1-309.1-UV,649.3,38.1,309.1,SILUV,6,0
LEN,CV,VIS,PLCX-38.1-32.7-C,63.5,38.1,32.7,N-BK7,8,0
LEN,CV,VIS,PLCX-38.1-36.1-C,70.1,38.1,36.1,N-BK7,7.9,0
LEN,CV,VIS,PLCX-38.1-38.6-C,74.9,38.1,38.6,N-BK7,7,0
LEN,CV,UV,PLCX-38.1-38.6-UV,81.1,38.1,38.6,SILUV,7,0
LEN,CV,IR,PLCX-38.1-4.0-127.0-ZNSE,127,38.1,178.2,ZnSe,4,0
LEN,CV,VIS,PLCX-38.1-41.2-C,80,38.1,41.2,N-BK7,7.7,0
LEN,CV,NIR,PLCX-38.1-41.9-CFIR,100.1,38.1,41.9,CAFIR,8.6,0
LEN,CV,UV,PLCX-38.1-46.4-CFUV,99.1,38.1,46.4,CAFUV,8.1,0
LEN,CV,IR,PLCX-38.1-5.0-127.0-ZNSE,127,38.1,178.2,ZnSe,5,0
LEN,CV,VIS,PLCX-38.1-51.5-C,100,38.1,51.5,N-BK7,6,0
LEN,CV,UV,PLCX-38.1-51.5-UV,108.2,38.1,51.5,SILUV,6,0
LEN,CV,VIS,PLCX-38.1-515.1-C,1000,38.1,515.1,N-BK7,5,0
LEN,CV,UV,PLCX-38.1-515.1-UV,1082,38.1,515.1,SILUV,5,0
LEN,CV,VIS,PLCX-38.1-64.4-C,125,38.1,64.4,N-BK7,5.5,0
LEN,CV,UV,PLCX-38.1-64.4-UV,135.3,38.1,64.4,SILUV,5.5,0
LEN,CV,IR,PLCX-38.1-7.6-127.0-ZNSE,127,38.1,178.2,ZnSe,7.6,0
LEN,CV,IR,PLCX-38.1-7.6-190.3-ZNSE,190.5,38.1,267.3,ZnSe,7.6,0
LEN,CV,VIS,PLCX-38.1-77.3-C,150.1,38.1,77.3,N-BK7,5,0
LEN,CV,VIS,PLCX-4.0-3.1-C,6,4,3.1,N-BK7,1.5,0
LEN,CV,UV,PLCX-4.0-3.1-UV,6.5,4,3.1,SILUV,1.5,0
LEN,CV,UV,PLCX-4.0-4.1-UV,8.6,4,4.1,SILUV,2.5,0
LEN,CV,UV,PLCX-5.0-100.0-UV,210.1,5,100,SILUV,11,0
LEN,CV,NIR,PLCX-5.0-4.1-SF11,5.4,5,4.1,SF11,2,0
LEN,CV,VIS,PLCX-5.0-5.2-C,10.1,5,5.2,N-BK7,3.9,0
LEN,CV,UV,PLCX-5.0-5.2-UV,10.9,5,5.2,SILUV,3.9,0
LEN,CV,VIS,PLCX-50.0-103.0-C,200,50,103,N-BK7,6.4,0
LEN,CV,UV,PLCX-50.0-103.0-UV,216.4,50,103,SILUV,6.4,0
LEN,CV,UV,PLCX-50.0-1030.2-UV,2164,50,1030.2,SILUV,6.4,0
LEN,CV,VIS,PLCX-50.0-128.8-C,250.1,50,128.8,N-BK7,4.5,0
LEN,CV,UV,PLCX-50.0-51.5UV,108.2,50,51.5,SILUV,8.7,0
LEN,CV,UV,PLCX-50.0-61.8-UV,129.8,50,61.8,SILUV,7.3,0
LEN,CV,UV,PLCX-50.0-64.4-UV,135.3,50,64.4,SILUV,7.3,0
LEN,CV,UV,PLCX-50.0-77.3-UV,162.4,50,77.3,SILUV,6,0
LEN,CV,VIS,PLCX-50.8-103.0-C,200,50.8,103,N-BK7,6.4,0
LEN,CV,UV,PLCX-50.8-103.0-MF,255.3,50.8,103,MGF2_O,6.4,0
LEN,CV,UV,PLCX-50.8-103.0-UV,216.4,50.8,103,SILUV,6.4,0
LEN,CV,VIS,PLCX-50.8-1030.2-C,2000,50.8,1030.2,N-BK7,6.4,0
LEN,CV,UV,PLCX-50.8-1030.2-UV,2164,50.8,1030.2,SILUV,6.4,0
LEN,CV,NIR,PLCX-50.8-104.0-CFIR,248.7,50.8,104,CAFIR,8.1,0
LEN,CV,UV,PLCX-50.8-118.0-CFUV,252.1,50.8,118,CAFUV,7.8,0
LEN,CV,VIS,PLCX-50.8-128.8-C,250.1,50.8,128.8,N-BK7,6.4,0
LEN,CV,VIS,PLCX-50.8-130.8-C,253.9,50.8,130.8,N-BK7,5.5,0
LEN,CV,UV,PLCX-50.8-130.8-UV,274.7,50.8,130.8,SILUV,6.4,0
LEN,CV,UV,PLCX-50.8-154.5-MF,383,50.8,154.5,MGF2_O,6.4,0
LEN,CV,UV,PLCX-50.8-154.5-UV,324.5,50.8,154.5,SILUV,6.4,0
LEN,CV,VIS,PLCX-50.8-1545.0-C,2999.5,50.8,1545,N-BK7,6.4,0
LEN,CV,UV,PLCX-50.8-1545.0-UV,3245.3,50.8,1545,SILUV,6.4,0
LEN,CV,VIS,PLCX-50.8-180.3-C,350,50.8,180.3,N-BK7,6.4,0
LEN,CV,UV,PLCX-50.8-180.3-UV,378.7,50.8,180.3,SILUV,6.4,0
LEN,CV,VIS,PLCX-50.8-2060.0-C,3999.3,50.8,2060,N-BK7,6.4,0
LEN,CV,UV,PLCX-50.8-2060.0-UV,4327.1,50.8,2060,SILUV,6.4,0
LEN,CV,NIR,PLCX-50.8-210.0-CFIR,502.1,50.8,210,CAFIR,6.5,0
LEN,CV,UV,PLCX-50.8-231.8-CFUV,495.3,50.8,231.8,CAFUV,6.4,0
LEN,CV,VIS,PLCX-50.8-257.5-C,499.9,50.8,257.5,N-BK7,6.4,0
LEN,CV,UV,PLCX-50.8-257.5-MF,638.3,50.8,257.5,MGF2_O,6.4,0
LEN,CV,UV,PLCX-50.8-257.5-UV,540.9,50.8,257.5,SILUV,6.4,0
LEN,CV,VIS,PLCX-50.8-2575.0-C,4999.1,50.8,2575,N-BK7,6.4,0
LEN,CV,UV,PLCX-50.8-2575.0-UV,5408.8,50.8,2575,SILUV,6.4,0
LEN,CV,UV,PLCX-50.8-306.0-UV,642.8,50.8,306,SILUV,6.4,0
LEN,CV,VIS,PLCX-50.8-309.1-C,600.1,50.8,309.1,N-BK7,6.4,0
LEN,CV,UV,PLCX-50.8-309.1-UV,649.3,50.8,309.1,SILUV,6.4,0
LEN,CV,UV,PLCX-50.8-360.6-UV,757.4,50.8,360.6,SILUV,6.4,0
LEN,CV,VIS,PLCX-50.8-38.6-C,74.9,50.8,38.6,N-BK7,11.5,0
LEN,CV,UV,PLCX-50.8-38.6-UV,81.1,50.8,38.6,SILUV,11.5,0
LEN,CV,VIS,PLCX-50.8-386.3-C,750,50.8,386.3,N-BK7,6.4,0
LEN,CV,VIS,PLCX-50.8-3863.0-C,7499.7,50.8,3863,N-BK7,6.4,0
LEN,CV,UV,PLCX-50.8-3863.0-UV,8114.3,50.8,3863,SILUV,6.4,0
LEN,CV,VIS,PLCX-50.8-39.2-C,76.1,50.8,39.2,N-BK7,12.1,0
LEN,CV,VIS,PLCX-50.8-412.1-C,800.1,50.8,412.1,N-BK7,6.4,0
LEN,CV,NIR,PLCX-50.8-417.7-CFIR,998.5,50.8,417.7,CAFIR,5.8,0
LEN,CV,UV,PLCX-50.8-45.8-UV,96.2,50.8,45.8,SILUV,10.6,0
LEN,CV,VIS,PLCX-50.8-463.5-C,899.8,50.8,463.5,N-BK7,6.4,0
LEN,CV,UV,PLCX-50.8-469.5-CFUV,1003.2,50.8,469.5,CAFUV,5.7,0
LEN,CV,VIS,PLCX-50.8-51.5-C,100,50.8,51.5,N-BK7,10,0
LEN,CV,UV,PLCX-50.8-51.5-UV,108.2,50.8,51.5,SILUV,10,0
LEN,CV,VIS,PLCX-50.8-515.1-C,1000,50.8,515.1,N-BK7,6.4,0
LEN,CV,UV,PLCX-50.8-515.1-MF,1276.8,50.8,515.1,MGF2_O,6.4,0
LEN,CV,UV,PLCX-50.8-515.1-UV,1082,50.8,515.1,SILUV,6.4,0
LEN,CV,VIS,PLCX-50.8-5151.0-C,10000.2,50.8,5151,N-BK7,6.4,0
LEN,CV,UV,PLCX-50.8-5151.0-UV,10819.8,50.8,5151,SILUV,6.4,0
LEN,CV,NIR,PLCX-50.8-62.7-CFIR,150,50.8,62.7,CAFIR,10.4,0
LEN,CV,UV,PLCX-50.8-64.4-UV,135.3,50.8,64.4,SILUV,7.3,0
LEN,CV,VIS,PLCX-50.8-65.4-C,127,50.8,65.4,N-BK7,8,0
LEN,CV,UV,PLCX-50.8-65.4-UV,137.4,50.8,65.4,SILUV,8,0
LEN,CV,VIS,PLCX-50.8-67.0-C,130.1,50.8,67,N-BK7,7.2,0
LEN,CV,UV,PLCX-50.8-67.0-UV,140.7,50.8,67,SILUV,7.2,0
LEN,CV,UV,PLCX-50.8-70.6-CFUV,150.9,50.8,70.6,CAFUV,9.7,0
LEN,CV,UV,PLCX-50.8-72.1-UV,151.4,50.8,72.1,SILUV,6.6,0
LEN,CV,VIS,PLCX-50.8-77.3-C,150.1,50.8,77.3,N-BK7,7,0
LEN,CV,UV,PLCX-50.8-77.3-UV,162.4,50.8,77.3,SILUV,7,0
LEN,CV,VIS,PLCX-50.8-772.6-C,1499.9,50.8,772.6,N-BK7,6.3,0
LEN,CV,UV,PLCX-50.8-772.6-UV,1622.9,50.8,772.6,SILUV,6.3,0
LEN,CV,VIS,PLCX-50.8-78.5-C,152.4,50.8,78.5,N-BK7,7.2,0
LEN,CV,NIR,PLCX-50.8-83.8-CFIR,200.5,50.8,83.8,CAFIR,8.9,0
LEN,CV,VIS,PLCX-50.8-91.2-C,177.1,50.8,91.2,N-BK7,6.6,0
LEN,CV,UV,PLCX-50.8-91.2-UV,191.6,50.8,91.2,SILUV,6.6,0
LEN,CV,UV,PLCX-50.8-93.2-CFUV,199.2,50.8,93.2,CAFUV,8.6,0
LEN,CV,VIS,PLCX-6.3-13.1-C,25.4,6.3,13.1,N-BK7,2.9,0
LEN,CV,VIS,PLCX-7.5-6.4-C,12.4,7.5,6.4,N-BK7,2.2,0
LEN,CV,UV,PLCX-7.5-6.4-UV,13.4,7.5,6.4,SILUV,2.2,0
LEN,CV,VIS,PLCX-76.2-65.4-C,127,76.2,65.4,N-BK7,15,0
LEN,CV,UV,PLCX-76.2-65.4-UV,137.4,76.2,65.4,SILUV,15,0
LEN,CV,VIS,PLCX-8.0-12.9-C,25,8,12.9,N-BK7,4,0
LEN,CV,UV,PLCX-8.0-12.9-UV,27.1,8,12.9,SILUV,4,0
LEN,CV,VIS,PLCX-8.0-18.0-C,34.9,8,18,N-BK7,1.5,0
LEN,CV,UV,PLCX-8.0-18.0-UV,37.8,8,18,SILUV,1.5,0
LEN,CV,VIS,PLCX-8.0-25.8-C,50.1,8,25.8,N-BK7,2,0
LEN,CV,UV,PLCX-8.0-25.8-UV,54.2,8,25.8,SILUV,2,0
LEN,CV,VIS,PLCX-8.0-30.9-C,60,8,30.9,N-BK7,2.1,0
LEN,CV,UV,PLCX-8.0-30.9-UV,64.9,8,30.9,SILUV,2.1,0
LEN,CV,VIS,PLCX-8.0-38.6-C,74.9,8,38.6,N-BK7,2,0
LEN,CV,VIS,PLCX-8.0-5.2-C,10.1,8,5.2,N-BK7,3.9,0
LEN,CV,UV,PLCX-8.0-5.2-UV,10.9,8,5.2,SILUV,3.9,0
LEN,CV,UV,PLCX-8.0-51.5-UV,108.2,8,51.5,SILUV,2.5,0
LEN,CV,VIS,PLCX-8.0-7.7-C,14.9,8,7.7,N-BK7,3.1,0
LEN,CV,UV,PLCX-8.0-7.7-UV,16.2,8,7.7,SILUV,3.1,0
LEN,CV,VIS,PLCX-8.0-9.3-C,18.1,8,9.3,N-BK7,2.9,0
LEN,CV,UV,PLCX-8.0-9.3-UV,19.5,8,9.3,SILUV,2.9,0
LEN,CV,VIS,PXB-10.0-10.3-C,20,10,10.3,N-BK7,2.3,0
LEN,CV,VIS,PXB-10.0-103.4-C,200.7,10,103.4,N-BK7,3,0
LEN,CV,VIS,PXB-10.0-12.9-C,25,10,12.9,N-BK7,3,0
LEN,CV,VIS,PXB-10.0-15.5-C,30.1,10,15.5,N-BK7,2.8,0
LEN,CV,VIS,PXB-10.0-16.0-C,31.1,10,16,N-BK7,1.9,0
LEN,CV,VIS,PXB-10.0-18.0-C,34.9,10,18,N-BK7,2.2,0
LEN,CV,VIS,PXB-10.0-20.5-C,39.8,10,20.5,N-BK7,2.6,0
LEN,CV,VIS,PXB-10.0-25.8-C,50.1,10,25.8,N-BK7,2.5,0
LEN,CV,VIS,PXB-10.0-30.9-C,60,10,30.9,N-BK7,2.1,0
LEN,CV,VIS,PXB-10.0-36.1-C,70.1,10,36.1,N-BK7,2.3,0
LEN,CV,VIS,PXB-10.0-38.6-C,74.9,10,38.6,N-BK7,2,0
LEN,CV,VIS,PXB-10.0-40.7-C,79,10,40.7,N-BK7,2.3,0
LEN,CV,VIS,PXB-10.0-51.5-C,100,10,51.5,N-BK7,2.2,0
LEN,CV,VIS,PXB-10.0-64.4-C,125,10,64.4,N-BK7,2.6,0
LEN,CV,VIS,PXB-10.0-7.7-C,14.9,10,7.7,N-BK7,3.8,0
LEN,CV,VIS,PXB-10.0-77.3-C,150.1,10,77.3,N-BK7,1.9,0
LEN,CV,VIS,PXB-10.0-82.4-C,160,10,82.4,N-BK7,2.1,0
LEN,CV,VIS,PXB-10.0-98.0-C,190.3,10,98,N-BK7,2.2,0
LEN,CV,VIS,PXB-11.0-15.5-C,30.1,11,15.5,N-BK7,1.8,0
LEN,CV,VIS,PXB-12.0-16.0-C,31.1,12,16,N-BK7,2.6,0
LEN,CV,VIS,PXB-12.5-38.0-C,73.8,12.5,38,N-BK7,4,0
LEN,CV,VIS,PXB-12.7-10.3-C,20,12.7,10.3,N-BK7,4.2,0
LEN,CV,VIS,PXB-12.7-103.5-C,200.9,12.7,103.5,N-BK7,3,0
LEN,CV,VIS,PXB-12.7-12.4-C,24.1,12.7,12.4,N-BK7,3.2,0
LEN,CV,VIS,PXB-12.7-12.9-C,25,12.7,12.9,N-BK7,3.7,0
LEN,CV,VIS,PXB-12.7-12.9-C,25,12.7,12.9,N-BK7,4,0
LEN,CV,VIS,PXB-12.7-130.0-C,252.4,12.7,130,N-BK7,3.1,0
LEN,CV,VIS,PXB-12.7-15.5-C,30.1,12.7,15.5,N-BK7,3,0
LEN,CV,VIS,PXB-12.7-154.5-C,299.9,12.7,154.5,N-BK7,3,0
LEN,CV,VIS,PXB-12.7-180.9-C,351.2,12.7,180.9,N-BK7,3.1,0
LEN,CV,VIS,PXB-12.7-19.6-C,38.1,12.7,19.6,N-BK7,4,0
LEN,CV,VIS,PXB-12.7-20.5-C,39.8,12.7,20.5,N-BK7,4,0
LEN,CV,VIS,PXB-12.7-25.8-C,50.1,12.7,25.8,N-BK7,2,0
LEN,CV,VIS,PXB-12.7-258.4-C,501.7,12.7,258.4,N-BK7,3,0
LEN,CV,VIS,PXB-12.7-30.9-C,60,12.7,30.9,N-BK7,2.1,0
LEN,CV,VIS,PXB-12.7-36.1-C,70.1,12.7,36.1,N-BK7,2.6,0
LEN,CV,VIS,PXB-12.7-38.0-C,73.8,12.7,38,N-BK7,4,0
LEN,CV,VIS,PXB-12.7-38.6-C,74.9,12.7,38.6,N-BK7,2,0
LEN,CV,VIS,PXB-12.7-38.9-C,75.5,12.7,38.9,N-BK7,2,0
LEN,CV,VIS,PXB-12.7-390.2-C,757.5,12.7,390.2,N-BK7,4,0
LEN,CV,VIS,PXB-12.7-40.7-C,79,12.7,40.7,N-BK7,2.5,0
LEN,CV,VIS,PXB-12.7-45.9-C,89.1,12.7,45.9,N-BK7,3.4,0
LEN,CV,VIS,PXB-12.7-51.5-C,100,12.7,51.5,N-BK7,2.4,0
LEN,CV,VIS,PXB-12.7-516.6-C,1002.9,12.7,516.6,N-BK7,3,0
LEN,CV,VIS,PXB-12.7-77.3-C,150.1,12.7,77.3,N-BK7,3,0
LEN,CV,VIS,PXB-15.0-10.3-C,20,15,10.3,N-BK7,5.2,0
LEN,CV,VIS,PXB-15.0-12.9-C,25,15,12.9,N-BK7,4.9,0
LEN,CV,VIS,PXB-15.0-15.5-C,30.1,15,15.5,N-BK7,3.9,0
LEN,CV,VIS,PXB-15.0-18.0-C,34.9,15,18,N-BK7,4.6,0
LEN,CV,VIS,PXB-15.0-20.5-C,39.8,15,20.5,N-BK7,3.4,0
LEN,CV,VIS,PXB-15.0-22.0-C,42.7,15,22,N-BK7,5.2,0
LEN,CV,VIS,PXB-15.0-25.8-C,50.1,15,25.8,N-BK7,5.3,0
LEN,CV,VIS,PXB-15.0-30.9-C,60,15,30.9,N-BK7,2.9,0
LEN,CV,VIS,PXB-15.0-32.7-C,63.5,15,32.7,N-BK7,2.1,0
LEN,CV,VIS,PXB-15.0-36.1-C,70.1,15,36.1,N-BK7,2.8,0
LEN,CV,VIS,PXB-15.0-38.1-C,74,15,38.1,N-BK7,2,0
LEN,CV,VIS,PXB-15.0-40.7-C,79,15,40.7,N-BK7,2.7,0
LEN,CV,VIS,PXB-15.0-51.5-C,100,15,51.5,N-BK7,2.5,0
LEN,CV,VIS,PXB-15.0-61.8-C,120,15,61.8,N-BK7,2.5,0
LEN,CV,VIS,PXB-15.0-64.4-C,125,15,64.4,N-BK7,1.4,0
LEN,CV,VIS,PXB-15.0-77.3-C,150.1,15,77.3,N-BK7,2.4,0
LEN,CV,VIS,PXB-15.0-9.3-C,18.1,15,9.3,N-BK7,5.7,0
LEN,CV,VIS,PXB-16.0-61.8-C,120,16,61.8,N-BK7,1.6,0
LEN,CV,VIS,PXB-18.0-30.9-C,60,18,30.9,N-BK7,5.6,0
LEN,CV,VIS,PXB-18.5-15.5-C,30.1,18.5,15.5,N-BK7,5,0
LEN,CV,VIS,PXB-20.0-17.1-C,33.2,20,17.1,N-BK7,4.7,0
LEN,CV,VIS,PXB-20.0-18.0-C,34.9,20,18,N-BK7,4.2,0
LEN,CV,VIS,PXB-20.0-19.6-C,38.1,20,19.6,N-BK7,3.9,0
LEN,CV,VIS,PXB-20.0-20.5-C,39.8,20,20.5,N-BK7,5.3,0
LEN,CV,VIS,PXB-20.0-24.2-C,47,20,24.2,N-BK7,3.2,0
LEN,CV,VIS,PXB-20.0-25.8-C,50.1,20,25.8,N-BK7,3.7,0
LEN,CV,VIS,PXB-20.0-77.3-C,150.1,20,77.3,N-BK7,4.1,0
LEN,CV,VIS,PXB-25.4-103.0-C,200,25.4,103,N-BK7,4,0
LEN,CV,VIS,PXB-25.4-1030.0-C,1999.7,25.4,1030,N-BK7,4,0
LEN,CV,VIS,PXB-25.4-12.9-C,25,25.4,12.9,N-BK7,11.4,0
LEN,CV,VIS,PXB-25.4-1200.5-C,2330.7,25.4,1200.5,N-BK7,4,0
LEN,CV,VIS,PXB-25.4-15.5-C,30.1,25.4,15.5,N-BK7,8.3,0
LEN,CV,VIS,PXB-25.4-154.5-C,299.9,25.4,154.5,N-BK7,4,0
LEN,CV,VIS,PXB-25.4-1545.0-C,2999.5,25.4,1545,N-BK7,4,0
LEN,CV,VIS,PXB-25.4-16.3-C,31.6,25.4,16.3,N-BK7,7.9,0
LEN,CV,VIS,PXB-25.4-18.0-C,34.9,25.4,18,N-BK7,7,0
LEN,CV,VIS,PXB-25.4-180.9-C,351.2,25.4,180.9,N-BK7,4,0
LEN,CV,VIS,PXB-25.4-19.6-C,38.1,25.4,19.6,N-BK7,7.2,0
LEN,CV,VIS,PXB-25.4-20.5-C,39.8,25.4,20.5,N-BK7,6.2,0
LEN,CV,VIS,PXB-25.4-206.6-C,401.1,25.4,206.6,N-BK7,4,0
LEN,CV,VIS,PXB-25.4-2060.0-C,3999.3,25.4,2060,N-BK7,4,0
LEN,CV,VIS,PXB-25.4-25.8-C,50.1,25.4,25.8,N-BK7,5.2,0
LEN,CV,VIS,PXB-25.4-25.8-C,50.1,25.4,25.8,N-BK7,5.2,0
LEN,CV,VIS,PXB-25.4-2575.0-C,4999.1,25.4,2575,N-BK7,4,0
LEN,CV,VIS,PXB-25.4-258.4-C,501.7,25.4,258.4,N-BK7,4,0
LEN,CV,VIS,PXB-25.4-30.9-C,60,25.4,30.9,N-BK7,4.6,0
LEN,CV,VIS,PXB-25.4-312.0-C,605.7,25.4,312,N-BK7,4,0
LEN,CV,VIS,PXB-25.4-32.5-C,63.1,25.4,32.5,N-BK7,4.5,0
LEN,CV,VIS,PXB-25.4-363.4-C,705.5,25.4,363.4,N-BK7,2.2,0
LEN,CV,VIS,PXB-25.4-38.1-C,74,25.4,38.1,N-BK7,7.2,0
LEN,CV,VIS,PXB-25.4-38.6-C,74.9,25.4,38.6,N-BK7,3.6,0
LEN,CV,VIS,PXB-25.4-39.2-C,76.1,25.4,39.2,N-BK7,4.1,0
LEN,CV,VIS,PXB-25.4-390.2-C,757.5,25.4,390.2,N-BK7,4,0
LEN,CV,VIS,PXB-25.4-40.7-C,79,25.4,40.7,N-BK7,3.9,0
LEN,CV,VIS,PXB-25.4-417.7-C,810.9,25.4,417.7,N-BK7,4,0
LEN,CV,VIS,PXB-25.4-45.9-C,89.1,25.4,45.9,N-BK7,4.8,0
LEN,CV,VIS,PXB-25.4-46.3-C,89.9,25.4,46.3,N-BK7,3.7,0
LEN,CV,VIS,PXB-25.4-48.9-C,94.9,25.4,48.9,N-BK7,6.3,0
LEN,CV,VIS,PXB-25.4-51.5-C,100,25.4,51.5,N-BK7,3.5,0
LEN,CV,VIS,PXB-25.4-516.6-C,1002.9,25.4,516.6,N-BK7,4,0
LEN,CV,VIS,PXB-25.4-61.8-C,120,25.4,61.8,N-BK7,3.3,0
LEN,CV,VIS,PXB-25.4-618.4-C,1200.6,25.4,618.4,N-BK7,4,0
LEN,CV,VIS,PXB-25.4-65.4-C,127,25.4,65.4,N-BK7,3.2,0
LEN,CV,VIS,PXB-25.4-700.0-C,1359,25.4,700,N-BK7,4,0
LEN,CV,VIS,PXB-25.4-72.1-C,140,25.4,72.1,N-BK7,3.1,0
LEN,CV,VIS,PXB-25.4-750.0-C,1456.1,25.4,750,N-BK7,4,0
LEN,CV,VIS,PXB-25.4-779.5-C,1513.3,25.4,779.5,N-BK7,4,0
LEN,CV,VIS,PXB-25.4-82.4-C,160,25.4,82.4,N-BK7,4,0
LEN,CV,VIS,PXB-25.4-90.8-C,176.3,25.4,90.8,N-BK7,3.9,0
LEN,CV,VIS,PXB-38.1-103.4-C,200.7,38.1,103.4,N-BK7,6,0
LEN,CV,VIS,PXB-38.1-130.0-C,252.4,38.1,130,N-BK7,6,0
LEN,CV,VIS,PXB-38.1-180.8-C,351,38.1,180.8,N-BK7,6.2,0
LEN,CV,VIS,PXB-38.1-25.8-C,50.1,38.1,25.8,N-BK7,10.3,0
LEN,CV,VIS,PXB-38.1-258.4-C,501.7,38.1,258.4,N-BK7,6,0
LEN,CV,VIS,PXB-38.1-30.9-C,60,38.1,30.9,N-BK7,8.5,0
LEN,CV,VIS,PXB-38.1-32.5-C,63.1,38.1,32.5,N-BK7,8,0
LEN,CV,VIS,PXB-38.1-38.6-C,74.9,38.1,38.6,N-BK7,7,0
LEN,CV,VIS,PXB-38.1-390.2-C,757.5,38.1,390.2,N-BK7,6,0
LEN,CV,VIS,PXB-38.1-40.7-C,79,38.1,40.7,N-BK7,6.6,0
LEN,CV,VIS,PXB-38.1-51.5-C,100,38.1,51.5,N-BK7,5.6,0
LEN,CV,VIS,PXB-38.1-516.6-C,1002.9,38.1,516.6,N-BK7,5,0
LEN,CV,VIS,PXB-38.1-61.8-C,120,38.1,61.8,N-BK7,5,0
LEN,CV,VIS,PXB-38.1-64.4-C,125,38.1,64.4,N-BK7,6,0
LEN,CV,VIS,PXB-38.1-750.0-C,1456.1,38.1,750,N-BK7,5,0
LEN,CV,VIS,PXB-38.1-77.3-C,150.1,38.1,77.3,N-BK7,6,0
LEN,CV,VIS,PXB-4.3-4.1-C,8,4.3,4.1,N-BK7,1.6,0
LEN,CV,VIS,PXB-40.0-36.1-C,70.1,40,36.1,N-BK7,7.9,0
LEN,CV,VIS,PXB-40.0-40.7-C,79,40,40.7,N-BK7,10.3,0
LEN,CV,VIS,PXB-40.0-46.3-C,89.9,40,46.3,N-BK7,8.2,0
LEN,CV,VIS,PXB-48.0-92.0-C,178.6,48,92,N-BK7,10.3,0
LEN,CV,VIS,PXB-5.0-10.3-C,20,5,10.3,N-BK7,3.9,0
LEN,CV,VIS,PXB-5.0-12.9-C,25,5,12.9,N-BK7,1.3,0
LEN,CV,VIS,PXB-5.0-5.2-C,10.1,5,5.2,N-BK7,1.4,0
LEN,CV,VIS,PXB-5.0-7.7-C,14.9,5,7.7,N-BK7,1.6,0
LEN,CV,VIS,PXB-50.0-90.0-C,174.7,50,90,N-BK7,10.3,0
LEN,CV,VIS,PXB-50.8-103.4-C,200.7,50.8,103.4,N-BK7,6.4,0
LEN,CV,VIS,PXB-50.8-130.0-C,252.4,50.8,130,N-BK7,7,0
LEN,CV,VIS,PXB-50.8-154.5-C,299.9,50.8,154.5,N-BK7,6,0
LEN,CV,VIS,PXB-50.8-180.9-C,351.2,50.8,180.9,N-BK7,6.4,0
LEN,CV,VIS,PXB-50.8-206.6-C,401.1,50.8,206.6,N-BK7,7,0
LEN,CV,VIS,PXB-50.8-2575.0-C,4999.1,50.8,2575,N-BK7,6.4,0
LEN,CV,VIS,PXB-50.8-258.4-C,501.7,50.8,258.4,N-BK7,6.4,0
LEN,CV,VIS,PXB-50.8-312.0-C,605.7,50.8,312,N-BK7,6.4,0
LEN,CV,VIS,PXB-50.8-32.5-C,63.1,50.8,32.5,N-BK7,12.5,0
LEN,CV,VIS,PXB-50.8-36.1-C,70.1,50.8,36.1,N-BK7,13.4,0
LEN,CV,VIS,PXB-50.8-363.4-C,705.5,50.8,363.4,N-BK7,7,0
LEN,CV,VIS,PXB-50.8-38.6-C,74.9,50.8,38.6,N-BK7,11.2,0
LEN,CV,VIS,PXB-50.8-39.2-C,76.1,50.8,39.2,N-BK7,12.1,0
LEN,CV,VIS,PXB-50.8-40.7-C,79,50.8,40.7,N-BK7,11.7,0
LEN,CV,VIS,PXB-50.8-417.7-C,810.9,50.8,417.7,N-BK7,6.4,0
LEN,CV,VIS,PXB-50.8-45.9-C,89.1,50.8,45.9,N-BK7,10.7,0
LEN,CV,VIS,PXB-50.8-46.3-C,89.9,50.8,46.3,N-BK7,10.3,0
LEN,CV,VIS,PXB-50.8-467.2-C,907,50.8,467.2,N-BK7,7,0
LEN,CV,VIS,PXB-50.8-51.5-C,100,50.8,51.5,N-BK7,9.6,0
LEN,CV,VIS,PXB-50.8-516.6-C,1002.9,50.8,516.6,N-BK7,6.4,0
LEN,CV,VIS,PXB-50.8-61.8-C,120,50.8,61.8,N-BK7,8.2,0
LEN,CV,VIS,PXB-50.8-618.4-C,1200.6,50.8,618.4,N-BK7,7,0
LEN,CV,VIS,PXB-50.8-64.4-C,125,50.8,64.4,N-BK7,8,0
LEN,CV,VIS,PXB-50.8-700.0-C,1359,50.8,700,N-BK7,7,0
LEN,CV,VIS,PXB-50.8-750.0-C,1456.1,50.8,750,N-BK7,7,0
LEN,CV,VIS,PXB-50.8-77.3-C,150.1,50.8,77.3,N-BK7,7,0
LEN,CV,VIS,PXB-50.8-779.5-C,1513.3,50.8,779.5,N-BK7,6.3,0
LEN,CV,VIS,PXB-50.8-82.4-C,160,50.8,82.4,N-BK7,7,0
LEN,CV,VIS,PXB-50.8-90.8-C,176.3,50.8,90.8,N-BK7,6.6,0
LEN,CV,VIS,PXB-6.0-8.7-C,16.9,6,8.7,N-BK7,2.5,0
LEN,CV,VIS,PXB-6.2-17.1-C,33.2,6.2,17.1,N-BK7,1.4,0
LEN,CV,VIS,PXB-6.2-19.6-C,38.1,6.2,19.6,N-BK7,1.8,0
LEN,CV,VIS,PXB-6.2-25.8-C,50.1,6.2,25.8,N-BK7,1.3,0
LEN,CV,VIS,PXB-6.3-16.5-C,32,6.3,16.5,N-BK7,1.6,0
LEN,CV,VIS,PXB-6.4-12.9-C,25,6.4,12.9,N-BK7,3,0
LEN,CV,VIS,PXB-6.4-6.4-C,12.4,6.4,6.4,N-BK7,3.8,0
LEN,CV,VIS,PXB-7.0-16.0-C,31.1,7,16,N-BK7,1.7,0
LEN,CV,VIS,PXB-7.0-7.7-C,14.9,7,7.7,N-BK7,2,0
LEN,CV,VIS,PXB-7.5-6.8-C,13.2,7.5,6.8,N-BK7,2,0
LEN,CV,VIS,PXB-7.6-5.2-C,10.1,7.6,5.2,N-BK7,2.3,0
LEN,CV,VIS,PXB-8.0-12.9-C,25,8,12.9,N-BK7,4,0
LEN,CV,VIS,PXB-8.0-18.0-C,34.9,8,18,N-BK7,1.5,0
LEN,CV,VIS,PXB-8.0-19.6-C,38.1,8,19.6,N-BK7,3,0
LEN,CV,VIS,PXB-8.0-25.8-C,50.1,8,25.8,N-BK7,2,0
LEN,CV,VIS,PXB-8.0-257.5-C,499.9,8,257.5,N-BK7,3,0
LEN,CV,VIS,PXB-8.0-30.9-C,60,8,30.9,N-BK7,2.1,0
LEN,CV,VIS,PXB-8.0-5.2-C,10.1,8,5.2,N-BK7,3.4,0
LEN,CV,VIS,PXB-8.0-6.4-C,12.4,8,6.4,N-BK7,3,0
LEN,CV,VIS,PXB-8.0-7.7-C,14.9,8,7.7,N-BK7,3.1,0
LEN,CV,VIS,PXB-8.0-8.7-C,16.9,8,8.7,N-BK7,2.3,0
LEN,CV,VIS,PXB-8.0-9.3-C,18.1,8,9.3,N-BK7,2.9,0
LEN,CV,UV,PXF-10.0-11.5-UV,24.2,10,11.5,SILUV,3.2,0
LEN,CV,UV,PXF-10.0-12.9-UV,27.1,10,12.9,SILUV,3.1,0
LEN,CV,UV,PXF-10.0-20.5-UV,43.1,10,20.5,SILUV,2.7,0
LEN,CV,UV,PXF-10.0-25.8-UV,54.2,10,25.8,SILUV,2.6,0
LEN,CV,UV,PXF-10.0-30.9-UV,64.9,10,30.9,SILUV,2.5,0
LEN,CV,UV,PXF-10.0-36.1-UV,75.8,10,36.1,SILUV,2.4,0
LEN,CV,UV,PXF-10.0-40.7-UV,85.5,10,40.7,SILUV,2.3,0
LEN,CV,UV,PXF-10.0-51.5-UV,108.2,10,51.5,SILUV,2.5,0
LEN,CV,UV,PXF-12.7-10.3-UV,21.6,12.7,10.3,SILUV,3.5,0
LEN,CV,UV,PXF-12.7-12.9-UV,27.1,12.7,12.9,SILUV,3.9,0
LEN,CV,UV,PXF-12.7-25.8-UV,54.2,12.7,25.8,SILUV,2.9,0
LEN,CV,UV,PXF-12.7-33.1-UV,69.5,12.7,33.1,SILUV,3,0
LEN,CV,UV,PXF-12.7-38.6-UV,81.1,12.7,38.6,SILUV,3,0
LEN,CV,UV,PXF-12.7-40.7-UV,85.5,12.7,40.7,SILUV,3,0
LEN,CV,UV,PXF-12.7-51.5-UV,108.2,12.7,51.5,SILUV,3,0
LEN,CV,UV,PXF-12.7-64.4-UV,135.3,12.7,64.4,SILUV,3.5,0
LEN,CV,UV,PXF-12.7-77.3-UV,162.4,12.7,77.3,SILUV,3.5,0
LEN,CV,UV,PXF-15.0-10.3-UV,21.6,15,10.3,SILUV,5.9,0
LEN,CV,UV,PXF-15.0-15.5-UV,32.6,15,15.5,SILUV,4.2,0
LEN,CV,UV,PXF-15.0-20.5-UV,43.1,15,20.5,SILUV,3.6,0
LEN,CV,UV,PXF-15.0-25.8-UV,54.2,15,25.8,SILUV,5.3,0
LEN,CV,UV,PXF-15.0-30.9-UV,64.9,15,30.9,SILUV,3.5,0
LEN,CV,UV,PXF-15.0-36.1-UV,75.8,15,36.1,SILUV,3.5,0
LEN,CV,UV,PXF-15.0-38.6-UV,81.1,15,38.6,SILUV,3.5,0
LEN,CV,UV,PXF-15.0-40.7-UV,85.5,15,40.7,SILUV,3.5,0
LEN,CV,UV,PXF-15.0-51.5-UV,108.2,15,51.5,SILUV,2.5,0
LEN,CV,UV,PXF-15.0-64.4-UV,135.3,15,64.4,SILUV,3.5,0
LEN,CV,UV,PXF-15.0-77.3-UV,162.4,15,77.3,SILUV,3.5,0
LEN,CV,UV,PXF-15.0-9.3-UV,19.5,15,9.3,SILUV,5.9,0
LEN,CV,UV,PXF-20.0-12.9-UV,27.1,20,12.9,SILUV,7.8,0
LEN,CV,UV,PXF-25.4-103.4-UV,217.2,25.4,103.4,SILUV,4,0
LEN,CV,UV,PXF-25.4-1030.0-UV,2163.3,25.4,1030,SILUV,4,0
LEN,CV,UV,PXF-25.4-12.9-UV,27.1,25.4,12.9,SILUV,12.7,0
LEN,CV,UV,PXF-25.4-130.0-UV,273,25.4,130,SILUV,4,0
LEN,CV,UV,PXF-25.4-1300.5-UV,2731.5,25.4,1300.5,SILUV,4,0
LEN,CV,UV,PXF-25.4-134.1-UV,281.7,25.4,134.1,SILUV,4,0
LEN,CV,UV,PXF-25.4-15.5-UV,32.6,25.4,15.5,SILUV,10,0
LEN,CV,UV,PXF-25.4-154.5-UV,324.5,25.4,154.5,SILUV,4,0
LEN,CV,UV,PXF-25.4-1545.0-UV,3245,25.4,1545,SILUV,4,0
LEN,CV,UV,PXF-25.4-18.0-UV,37.8,25.4,18,SILUV,7.2,0
LEN,CV,UV,PXF-25.4-180.9-UV,379.9,25.4,180.9,SILUV,4,0
LEN,CV,UV,PXF-25.4-19.6-UV,41.2,25.4,19.6,SILUV,7.2,0
LEN,CV,UV,PXF-25.4-20.5-UV,43.1,25.4,20.5,SILUV,5.3,0
LEN,CV,UV,PXF-25.4-206.0-UV,432.7,25.4,206,SILUV,4,0
LEN,CV,UV,PXF-25.4-2060.0-UV,4326.6,25.4,2060,SILUV,4,0
LEN,CV,UV,PXF-25.4-25.8-UV,54.2,25.4,25.8,SILUV,5.3,0
LEN,CV,UV,PXF-25.4-258.4-UV,542.7,25.4,258.4,SILUV,4,0
LEN,CV,UV,PXF-25.4-30.9-UV,64.9,25.4,30.9,SILUV,4.2,0
LEN,CV,UV,PXF-25.4-312.0-UV,655.3,25.4,312,SILUV,4,0
LEN,CV,UV,PXF-25.4-33.1-UV,69.5,25.4,33.1,SILUV,5,0
LEN,CV,UV,PXF-25.4-36.1-UV,75.8,25.4,36.1,SILUV,4.3,0
LEN,CV,UV,PXF-25.4-363.4-UV,763.3,25.4,363.4,SILUV,4,0
LEN,CV,UV,PXF-25.4-38.6-UV,81.1,25.4,38.6,SILUV,3.6,0
LEN,CV,UV,PXF-25.4-40.7-UV,85.5,25.4,40.7,SILUV,4.2,0
LEN,CV,UV,PXF-25.4-417.7-UV,877.3,25.4,417.7,SILUV,4,0
LEN,CV,UV,PXF-25.4-46.3-UV,97.2,25.4,46.3,SILUV,5,0
LEN,CV,UV,PXF-25.4-467.2-UV,981.3,25.4,467.2,SILUV,4,0
LEN,CV,UV,PXF-25.4-51.5-UV,108.2,25.4,51.5,SILUV,4,0
LEN,CV,UV,PXF-25.4-516.8-UV,1085.4,25.4,516.8,SILUV,4,0
LEN,CV,UV,PXF-25.4-64.4-UV,135.3,25.4,64.4,SILUV,4,0
LEN,CV,UV,PXF-25.4-77.3-UV,162.4,25.4,77.3,SILUV,4,0
LEN,CV,UV,PXF-25.4-779.5-UV,1637.2,25.4,779.5,SILUV,5,0
LEN,CV,UV,PXF-25.4-90.8-UV,190.7,25.4,90.8,SILUV,4,0
LEN,CV,UV,PXF-38.1-103.4-UV,217.2,38.1,103.4,SILUV,5.1,0
LEN,CV,UV,PXF-38.1-130.0-UV,273,38.1,130,SILUV,6,0
LEN,CV,UV,PXF-38.1-25.8-UV,54.2,38.1,25.8,SILUV,10.5,0
LEN,CV,UV,PXF-38.1-30.9-UV,64.9,38.1,30.9,SILUV,8,0
LEN,CV,UV,PXF-38.1-51.5-UV,108.2,38.1,51.5,SILUV,5.8,0
LEN,CV,UV,PXF-38.1-516.8-UV,1085.4,38.1,516.8,SILUV,6,0
LEN,CV,UV,PXF-38.1-64.4-UV,135.3,38.1,64.4,SILUV,5,0
LEN,CV,UV,PXF-38.1-69.0-UV,144.9,38.1,69,SILUV,5.1,0
LEN,CV,UV,PXF-38.1-77.3-UV,162.4,38.1,77.3,SILUV,5.2,0
LEN,CV,UV,PXF-40.0-25.8-UV,54.2,40,25.8,SILUV,13.7,0
LEN,CV,UV,PXF-40.0-30.9-UV,64.9,40,30.9,SILUV,10.6,0
LEN,CV,UV,PXF-40.0-36.1-UV,75.8,40,36.1,SILUV,8,0
LEN,CV,UV,PXF-40.0-46.3-UV,97.2,40,46.3,SILUV,8.3,0
LEN,CV,UV,PXF-40.0-51.5-UV,108.2,40,51.5,SILUV,6.1,0
LEN,CV,UV,PXF-5.0-10.3-UV,21.6,5,10.3,SILUV,2,0
LEN,CV,UV,PXF-5.0-12.9-UV,27.1,5,12.9,SILUV,2,0
LEN,CV,UV,PXF-5.0-15.5-UV,32.6,5,15.5,SILUV,2,0
LEN,CV,UV,PXF-5.0-4.1-UV,8.6,5,4.1,SILUV,2.6,0
LEN,CV,UV,PXF-5.0-4.6-UV,9.7,5,4.6,SILUV,2.2,0
LEN,CV,UV,PXF-5.0-5.2-UV,10.9,5,5.2,SILUV,2.1,0
LEN,CV,UV,PXF-5.0-6.2-UV,13,5,6.2,SILUV,1.9,0
LEN,CV,UV,PXF-5.0-7.7-UV,16.2,5,7.7,SILUV,1.7,0
LEN,CV,UV,PXF-50.8-103.4-UV,217.2,50.8,103.4,SILUV,6.4,0
LEN,CV,UV,PXF-50.8-1030.0-UV,2163.3,50.8,1030,SILUV,6.4,0
LEN,CV,UV,PXF-50.8-1300.5-UV,2731.5,50.8,1300.5,SILUV,7,0
LEN,CV,UV,PXF-50.8-1340.0-UV,2814.4,50.8,1340,SILUV,6.4,0
LEN,CV,UV,PXF-50.8-154.5-UV,324.5,50.8,154.5,SILUV,7,0
LEN,CV,UV,PXF-50.8-1545.0-UV,3245,50.8,1545,SILUV,7,0
LEN,CV,UV,PXF-50.8-180.9-UV,379.9,50.8,180.9,SILUV,6.4,0
LEN,CV,UV,PXF-50.8-206.0-UV,432.7,50.8,206,SILUV,7,0
LEN,CV,UV,PXF-50.8-258.4-UV,542.7,50.8,258.4,SILUV,6.4,0
LEN,CV,UV,PXF-50.8-312.0-UV,655.3,50.8,312,SILUV,7,0
LEN,CV,UV,PXF-50.8-36.1-UV,75.8,50.8,36.1,SILUV,14.9,0
LEN,CV,UV,PXF-50.8-363.4-UV,763.3,50.8,363.4,SILUV,7,0
LEN,CV,UV,PXF-50.8-40.7-UV,85.5,50.8,40.7,SILUV,12.8,0
LEN,CV,UV,PXF-50.8-417.7-UV,877.3,50.8,417.7,SILUV,7,0
LEN,CV,UV,PXF-50.8-46.3-UV,97.2,50.8,46.3,SILUV,8.3,0
LEN,CV,UV,PXF-50.8-467.2-UV,981.3,50.8,467.2,SILUV,7,0
LEN,CV,UV,PXF-50.8-51.5-UV,108.2,50.8,51.5,SILUV,10,0
LEN,CV,UV,PXF-50.8-516.8-UV,1085.4,50.8,516.8,SILUV,6.4,0
LEN,CV,UV,PXF-50.8-64.4-UV,135.3,50.8,64.4,SILUV,7.3,0
LEN,CV,UV,PXF-50.8-77.3-UV,162.4,50.8,77.3,SILUV,7,0
LEN,CV,UV,PXF-50.8-779.5-UV,1637.2,50.8,779.5,SILUV,6.3,0
LEN,CV,UV,PXF-50.8-90.8-UV,190.7,50.8,90.8,SILUV,7,0
LEN,CV,UV,PXF-6.0-4.1-UV,8.6,6,4.1,SILUV,2.5,0
LEN,CV,UV,PXF-6.4-6.4-UV,13.4,6.4,6.4,SILUV,3.9,0
LEN,CV,UV,PXF-7.5-6.2-UV,13,7.5,6.2,SILUV,2,0
LEN,CV,UV,PXF-8.0-30.9-UV,64.9,8,30.9,SILUV,2.1,0
LEN,CV,UV,PXF-8.0-5.2-UV,10.9,8,5.2,SILUV,3.7,0
LEN,CV,UV,PXF-8.0-6.2-UV,13,8,6.2,SILUV,3.2,0
LEN,CV,UV,PXF-8.0-7.7-UV,16.2,8,7.7,SILUV,3.1,0
LEN,CV,UV,PXF-8.0-9.3-UV,19.5,8,9.3,SILUV,2.9,0
