TYPE,MAN ID,PREFIX,S/N,EFL,DIA,RD 1,GL 1,TH 1,RD 2,GL 2,TH 2,RD 3,GL 3,TH 3,RD 4,GL 4,TH 4,RD 5,GL 5,TH 3,RD 6
LEN,E,ACH,8044,15,6.25,8.59,BaF13,2.1,-7.68,SF14,1,-2614.88,,,,,,,,,
LEN,E,ACH,8045,20,6.25,11.63,BK7,2.2,-8.96,SF5,1,-28.29,,,,,,,,,
LEN,E,ACH,8046,25,6.25,15.7,BK7,2.2,-10.63,SF5,1,-30.04,,,,,,,,,
LEN,E,ACH,8047,30,6.25,18.72,BK7,2.2,-12.79,SF5,1,-36.66,,,,,,,,,
LEN,E,ACH,8049,40,12.5,23.94,BaF13,4.8,-19.16,SF14,2,-445.36,,,,,,,,,
LEN,E,ACH,8050,50,12.5,31.18,BK7,4,-21.4,SF5,1.7,-61.23,,,,,,,,,
LEN,E,ACH,8051,60,12.5,37.31,BK7,4,-25.65,SF5,1.7,-74.06,,,,,,,,,
LEN,E,ACH,8052,40,15,23.46,BaF13,3.6,-20.77,SF14,2,-987.33,,,,,,,,,
LEN,E,ACH,8053,50,15,29.68,BK7,3.6,-22.94,SF5,2,-69.8,,,,,,,,,
LEN,E,ACH,8054,75,15,46.98,BK7,3.6,-32.57,SF5,2,-92.8,,,,,,,,,
LEN,E,ACH,8055,75,25,44.38,BaF13,5.25,-38.89,SF14,3,-1304.87,,,,,,,,,
LEN,E,ACH,8056,100,25,59.94,BaF13,5.25,-50.46,SF14,3,-1164.46,,,,,,,,,
LEN,E,ACH,8057,120,25,75.27,BK7,5.25,-52.35,SF5,3,-148.19,,,,,,,,,
LEN,E,ACH,30976,849.96,76.56,497.21,BK7,13.08,-345.82,,0.1,-344.2,SF2,10.16,-1227.86,,,,,,
LEN,E,ACH,31402,354.87,63.5,203.94,BK7,11.94,-156.41,SF2,8.86,-569.6,,,-,,,,,,
LEN,E,ACH,32299,12.5,6.25,8.63,BaFN10,3,-5.29,SF10,0.8,-51.17
LEN,E,ACH,32301,15,6.25,7.95,SSKN8,2.7,-7.25,SF10,0.6,-277.83
LEN,E,ACH,32303,20,6.25,12.3,BK7,2.7,-8.71,SF5,0.9,-24.98
LEN,E,ACH,32305,25,6.25,15.37,BK7,2.3,-11.16,SF5,0.9,-32.17
LEN,E,ACH,32307,35,6.25,23.14,BK7,2.3,-14.51,SF5,0.9,-38.86
LEN,E,ACH,32309,20,12.5,13.98,BaFN11,5.25,-9.35,SF10,1.1,-76.14
LEN,E,ACH,32311,25,12.5,17.27,BaFN10,5,-10.99,SF10,1.25,-107.03
LEN,E,ACH,32313,30,12.5,15.97,SSKN8,4.5,-15,SF10,1.2,-528.23
LEN,E,ACH,32315,40,12.5,24.77,BK7,3.73,-18.01,SF5,1.33,-51.17
LEN,E,ACH,32317,50,12.5,30.73,BK7,3.5,-22.32,SF5,1.5,-64.75
LEN,E,ACH,32319,35,25,24.47,BaFN11,11,-16.49,SF10,2.5,-131.65
LEN,E,ACH,32321,40,25,27.97,BaFN11,9.5,-18.85,SF10,2.5,-152.94
LEN,E,ACH,32323,50,25,34.53,BaFN10,9,-21.98,SF10,2.5,-214.63
LEN,E,ACH,32325,75,25,46.44,BK7,7,-33.77,SF5,2.5,-95.94
LEN,E,ACH,32327,100,25,61.47,BK7,6,-44.64,SF5,2.5,-129.94
LEN,E,ACH,32492,125,25,76.28,BK7,6,-54.55,SF5,2.4,-162.43
LEN,E,ACH,32494,150,25,91.37,BK7,5.7,-66.21,SF5,2.2,-197.71
LEN,E,ACH,32496,50,30,34.81,BaFN10,11,-22.12,SF10,2.2,-203.48
LEN,E,ACH,32498,75,30,40.51,SSKN8,8.4,-38.68,SF10,3,-922.04
LEN,E,ACH,32500,100,30,61.36,BK7,8.25,-44.3,SF5,2.8,-128.9
LEN,E,ACH,32502,150,30,91.31,BK7,8.1,-65.57,SF5,2.6,-195.87
LEN,E,ACH,32720,30,15,20.72,BaFN10,6,-13.17,SF10,1.5,-128.44
LEN,E,ACH,32722,40,20,27.63,BaFN10,8,-17.58,SF10,2,-171.25
LEN,E,ACH,32724,60,25,31.94,SSKN8,9,-29.95,SF10,2.4,-1029.79
LEN,E,ACH,32882,75,12.5,46.44,BK7,3,-33.77,SF5,1.6,-95.94
LEN,E,ACH,32884,175,25,109.16,BK7,6,-79.38,SF5,3,-226.03
LEN,E,ACH,32886,150,50,96.85,BaK4,9.5,-73.74,SF10,4,-241.63
LEN,E,ACH,32913,50,18,27.12,SSKN8,5,-25.66,SF10,2.3,-538.7
LEN,E,ACH,32915,80,18,49.67,BK7,5,-34.73,SF5,2.5,-100.11
LEN,E,ACH,32917,200,25,124.12,BK7,8.5,-87.26,SF5,4,-253.1
LEN,E,ACH,32919,250,25,160.73,BK7,5,-105.64,SF5,2.5,-295.75
LEN,E,ACH,32921,120,40,65.22,SSKN8,9.6,-62.03,SF10,4.2,-1240.67
LEN,E,ACH,32923,160,40,98.66,BK7,8.5,-70.73,SF5,4,-205.72,,,
LEN,E,ACH,32925,200,40,124.12,BK7,8.5,-87.26,SF5,4,-253.1,,,
LEN,E,ACH,32927,400,40,257.16,BK7,8.5,-169.03,SF5,4,-473.08,,,
LEN,E,ACH,32935,250,40,156,BK7,8,-108.7,SF5,4.5,-313.64,,,
LEN,E,ACH,42817,486.3,63.5,290.86,BK7,11.43,-197.87,SF2,10.16,-680.72,,,-
LEN,E,ACH,45089,6,3,4.13,BaFN10,1.97,-2.36,SF10,1.03,-21.7,,,
LEN,E,ACH,45090,9,3,5.26,BK7,1.47,-3.98,SF5,1.03,-12.05,,,
LEN,E,ACH,45091,18,9,12.37,BaFN10,4.32,-7.38,SF10,1.15,-73.86,,,
LEN,E,ACH,45092,27,9,15.36,BK7,3.89,-12.01,SF5,1.3,-39.56,,,
LEN,E,ACH,45103,40,15,26.97,BaFN10,5.98,-17.64,SF10,1.6,-205.03,,,
LEN,E,ACH,45104,40,18,26.97,BaFN10,5.98,-17.64,SF10,1.6,-205.03,,,
LEN,E,ACH,45105,80,40,53.76,BaFN10,12.07,-36.73,SF10,4,-435.85,,,
LEN,E,ACH,45135,30,6.25,18.11,BK7,2.3,-13.51,SF5,0.9,-39.29,,,
LEN,E,ACH,45136,45,12.5,26.82,BK7,3.5,-20.12,SF5,1.5,-61.38,,,
LEN,E,ACH,45137,60,12.5,36.51,BK7,3.5,-26.33,SF5,1.5,-78.35,,,
LEN,E,ACH,45138,50,15,26.81,BK7,5,-23.82,SF5,1.5,-90.79,,,
LEN,E,ACH,45139,75,15,39.61,BK7,5,-36.46,SF5,2.5,-145.02
LEN,E,ACH,45140,60,30,32.6,SSKN8,8.47,-31.81,SF10,2.99,-799.64
LEN,E,ACH,45173,40,6.25,25.05,BK7,2.3,-17.27,SF5,1,-49.33
LEN,E,ACH,45174,25,15,17.97,BaFN11,6.27,-11.2,SF10,1.76,-85.31
LEN,E,ACH,45175,30,20,21.41,BaFN11,8.4,-13.75,SF10,1.76,-105.58
LEN,E,ACH,45178,300,40,194.96,BaK4,9,-148.27,SF10,4.1,-483.71
LEN,E,ACH,45179,200,50,130.48,BaK4,9,-99.36,SF10,3.5,-320.2
LEN,E,ACH,45180,250,50,162.59,BaK4,9.75,-123.82,SF10,3.5,-402.58
LEN,E,ACH,45181,300,50,173.11,BaK4,9,-164.03,SF10,3.5,-709.83
LEN,E,ACH,45205,8,4,5.76,BaFN10,1.5,-3.49,SF10,1.03,-26.05
LEN,E,ACH,45206,10,5,7.17,BaFN10,1.73,-4.39,SF10,1.03,-33.96
LEN,E,ACH,45207,15,5,10.67,BaFN10,1.55,-6.46,SF10,1.03,-53.57
LEN,E,ACH,45208,10,6.25,6.98,BaFN10,3.06,-4.35,SF10,1.03,-41.01
LEN,E,ACH,45209,14,12.5,10.6,BaFN10,6.23,-7.72,SF5,1.5,-56.54
LEN,E,ACH,45210,35,12.5,22.94,SK11,3.68,-15.54,SF5,1.5,-58.84
LEN,E,ACH,45211,30,25,21.17,BaFN10,11.04,-16.08,SF10,3,-118.66
LEN,E,ACH,45212,45,25,28.75,SK11,7.89,-21.38,SF5,3,-82.92
LEN,E,ACH,45213,85,25,55.68,SK11,5.01,-38.37,SF5,3,-146.45
LEN,E,ACH,45214,225,25,139.53,BK7,3,-100.21,SF5,2.5,-291.32
LEN,E,ACH,45215,300,25,184.84,BK7,3,-134.06,SF5,2.5,-393.98
LEN,E,ACH,45216,400,25,244.65,BK7,3,-179.62,SF5,2.5,-534.1
LEN,E,ACH,45217,125,30,81.53,SK11,4.92,-56.59,SF5,2.5,-220.08
LEN,E,ACH,45218,60,40,37.33,SK11,14.46,-31.54,SF5,3,-124.51
LEN,E,ACH,45262,12,3,7.39,BK7,1.68,-5.15,SF5,1,-14.62
LEN,E,ACH,45263,50,6.25,30.77,BK7,2,-22.05,SF5,1,-64.6
LEN,E,ACH,45264,36,9,22.16,BK7,2.5,-15.98,SF5,1.5,-46.14
LEN,E,ACH,45265,100,12.5,61.54,BK7,3,-44.39,SF5,1.5,-130.26
LEN,E,ACH,45266,125,18,76.92,BK7,4.5,-55.48,SF5,2,-162.59
LEN,E,ACH,45267,60,20,35.92,BK7,5,-28.12,SF5,2,-83.79
LEN,E,ACH,45268,500,25,290.71,BK7,3,-232.07,SF5,2.5,-750.52
LEN,E,ACH,45269,300,30,184.4,BK7,4.5,-133.95,SF5,2.5,-394.96
LEN,E,ACH,45270,500,40,305.31,BK7,6,-224.08,SF5,4,-667.68
LEN,E,ACH,45271,500,50,305.74,BK7,8,-223.2,SF5,4,-663.82
LEN,E,ACH,45345,60,6.25,37.16,BK7,2.3,-26.28,SF5,1,-76.48
LEN,E,ACH,45346,12,9,8.37,BaFN10,5,-7.01,SF57,2,-26.18
LEN,E,ACH,45347,45,9,27.83,BK7,3,-19.75,SF5,1.3,-57.06
LEN,E,ACH,45348,30,18,20.73,BaFN10,6.91,-14.31,SF10,2,-133.58
LEN,E,ACH,45349,60,18,42.51,BaFN10,3.85,-26.24,SF10,2,-226.77
LEN,E,ACH,45350,75,18,53.03,BaFN10,3.27,-32.72,SF10,2,-288.05
LEN,E,ACH,45351,35,20,24.24,BaFN11,7.33,-15.96,SF10,1.76,-139.78
LEN,E,ACH,45352,450,40,279.6,BK7,6,-199.51,SF5,4,-579.39
LEN,E,ACH,45353,100,50,69.28,BaFN10,13.92,-46.95,SF10,4,-446.01
LEN,E,ACH,45354,350,50,227.16,BaK4,8,-174.83,SF10,4,-571.49
LEN,E,ACH,45407,7.5,5,5.56,BaFN10,3.72,-3.09,SF10,1.03,-18.25
LEN,E,ACH,45408,20,5,14.11,BaFN10,1.61,-8.63,SF10,1.03,-75.59
LEN,E,ACH,45409,80,12.5,49.62,BK7,2.1,-35.73,SF5,1.6,-103.22
LEN,E,ACH,45410,90,12.5,55.8,BK7,1.98,-40.17,SF5,1.6,-116.32
LEN,E,ACH,45412,27,18,18.7,BaFN10,7.67,-13.11,SF10,1.6,-119.12
LEN,E,ACH,45413,35,18,24.26,BaFN10,6.01,-16.23,SF10,1.6,-152.99,,,
LEN,E,ACH,45414,275,25,171.03,BK7,5,-121.54,SF5,2.5,-352.46,,,
LEN,E,ACH,45415,200,30,123.77,BK7,5,-89.22,SF5,2.5,-259.43,,,
LEN,E,ACH,45417,200,75,118.81,BK7,17.94,-96.37,SF5,6,-288.97,,,
LEN,E,ACH,45418,300,75,184.05,BK7,13.59,-137.34,SF5,6,-399.33,,,
LEN,E,ACH,45419,400,75,246.5,BK7,11.05,-180.92,SF5,6,-526.7,,,
LEN,E,ACH,45818,40,9,24.77,BK7,3.73,-18.01,SF5,1.33,-51.17,,,
LEN,E,ACH,45819,60,9,36.51,BK7,3.5,-26.33,SF5,1.5,-78.35,,,
LEN,E,ACH,45820,75,9,46.44,BK7,3,-33.77,SF5,1.6,-95.94,,,
LEN,E,ACH,47019,4.5,3,3.16,LaKn22,2,-2.23,SFL6,1,-7.88,,,
LEN,E,ACH,47377,30,9,16.68,LakN22,3.5,-16.68,SFL6,2,-266.4,,,
LEN,E,ACH,47378,40,9,22.35,LAKN22,3.5,-22.35,SFL6,2,-326.03,,,
LEN,E,ACH,47721,4.5,3,3.16,LAKN22,2,-2.23,SFL6,1,-7.88,,,
LEN,E,ACH,50107,1524.73,102.31,908.13,BK7,12.37,-626.59,,0.1,-625.4,SF2,8.76,-2169.77
LEN,E,ACH,70163,1900.24,128.02,1131.72,BK7,15.42,-780.87,,0.1,-779.37,SF2,10.92,-2704.01
LEN,E,BALL,32744,1.468,2,1,BK7,2,-1,,,,,,
LEN,E,BALL,32745,2.935,4,2,BK7,4,-2
LEN,E,BALL,32746,4.402,6,3,BK7,6,-3
LEN,E,BALL,32747,5.87,8,4,BK7,8,-4
LEN,E,BALL,32748,7.337,10,5,BK7,10,-5
LEN,E,BALL,43638,0.575,1,0.5,sapphire,1,-0.5
LEN,E,BALL,43640,0.863,1.5,0.75,sapphire,1.5,-0.75
LEN,E,BALL,43642,1.151,2,1,sapphire,2,-1
LEN,E,BALL,43644,1.726,3,1.5,sapphire,3,-1.5
LEN,E,BALL,43646,2.877,5,2.5,sapphire,5,-2.5
LEN,E,BALL,43708,0.734,1,0.5,BK7,1,-0.5
LEN,E,BALL,43709,1.1,1.5,0.75,BK7,1.5,-0.75
LEN,E,BALL,43710,1.834,2.5,1.25,BK7,2.5,-1.25
LEN,E,BALL,43711,2.201,3,1.5,BK7,3,-1.5
LEN,E,BALL,43712,3.669,5,2.5,BK7,5,-2.5
LEN,E,BALL,43713,1.226,2,1,SF8,2,-1
LEN,E,BALL,43714,1.2822,2.5,1.25,SF8,2.5,-1.25
LEN,E,BALL,43715,1.839,3,1.5,SF8,3,-1.5
LEN,E,BALL,43716,2.452,4,2,SF8,4,-2
LEN,E,BALL,43819,1.439,2.5,1.25,sapphire,2.5,-1.25
LEN,E,BALL,43821,1.6,2.78,1.39,sapphire,2.78,-1.39
LEN,E,BALL,43823,2.302,4,2,sapphire,4,-2
LEN,E,BALL,43827,3.172,5.55,2.775,sapphire,5.55,-2.775
LEN,E,BALL,43829,3.453,6,3,sapphire,6,-3
LEN,E,BALL,43831,3.654,6.35,3.175,sapphire,6.35,-3.175
LEN,E,BALL,45538,0.544,1,0.5,LaSFN9,1,-0.5
LEN,E,BALL,45539,0.816,1.5,0.75,LaSFN9,1.5,-0.75
LEN,E,BALL,45540,1.088,2,1,LaSFN9,2,-1
LEN,E,BALL,45541,1.36,2.5,1.25,LaSFN9,2.5,-1.25
LEN,E,BALL,45542,1.632,3,1.5,LaSFN9,3,-1.5
LEN,E,BALL,45543,2.176,4,2,LaSFN9,4,-2
LEN,E,BALL,45544,2.72,5,2.5,LaSFN9,5,-2.5
LEN,E,BALL,45545,3.264,6,3,LaSFN9,6,-3
LEN,E,BALL,45546,4.352,8,4,LaSFN9,8,-4
LEN,E,BALL,45547,5.44,10,5,LaSFN9,10,-5
LEN,E,BALL,45552,0.22,0.3,0.15,BK7,0.3,-0.15
LEN,E,BALL,45553,0.367,0.5,0.25,BK7,0.5,-0.25
LEN,E,BALL,46115,0.173,0.3,0.15,sapphire,0.3,-0.15
LEN,E,BALL,46116,0.23,0.4,0.2,sapphire,0.4,-0.2
LEN,E,BALL,46117,0.288,0.5,0.25,sapphire,0.5,-0.25
LEN,E,BALL,46118,0.455,0.79,0.395,sapphire,0.79,-0.395
LEN,E,BALL,46119,0.909,1.58,0.79,sapphire,1.58,-0.79
LEN,E,BALL,46120,1.37,2.38,1.19,sapphire,2.38,-1.19
LEN,E,BALL,46121,1.83,3.18,1.59,sapphire,3.18,-1.59
LEN,E,BALL,46122,2.739,4.76,2.38,sapphire,4.76,-2.38
LEN,E,BST,45113,5.5,5,3.1,BK7,3.45,-20.45
LEN,E,BST,45114,8,5,4.63,BK7,2.5,-30.59
LEN,E,BST,45115,8.5,5,4.92,BK7,2.65,-32.48
LEN,E,BST,45116,9,5,5.24,BK7,2.15,-34.6
LEN,E,DCV,32987,-6,6,-9.74,SF11,1.5,9.74
LEN,E,DCV,32989,-12,12,-19.47,SF11,3,19.47
LEN,E,DCV,32991,-20,20,-31.82,SF11,2,31.82
LEN,E,DCV,32993,-25,25,-39.78,SF11,2.5,39.78
LEN,E,DCV,32995,-100,25,-104.2,BK7,5,104.2
LEN,E,DCV,32997,-50,25,-52.1,BK7,2.5,52.1
LEN,E,DCX,31858,3,3,3.5,SF5,2.3,-3.5
LEN,E,DCX,31859,4.5,3,4.29,BK7,2,-4.29
LEN,E,DCX,31860,6,6,7.59,SF5,2.54,-7.59
LEN,E,DCX,31861,9,6,8.91,BK7,2.25,-8.91
LEN,E,DCX,32013,18,12,18.01,BK7,3.48,-18.01
LEN,E,DCX,32015,12,12,15.34,SF5,3.85,-15.34
LEN,E,DCX,32017,13.5,9,13.46,BK7,2.75,-13.46
LEN,E,DCX,32019,9,9,11.38,SF5,3.45,-11.38
LEN,E,DCX,32490,25,25,31.94,SF5,8,-31.94
LEN,E,DCX,32625,50,25,50.8,BK7,5,-50.8
LEN,E,DCX,32627,75,25,76.66,BK7,3.5,-76.66
LEN,E,DCX,32706,30,15,30.5,BK7,4,-30.5
LEN,E,DCX,32708,27,18,27.08,BK7,5.5,-27.08
LEN,E,DCX,32710,36,18,36.6,BK7,4.8,-36.6
LEN,E,DCX,32712,40,20,40.67,BK7,5.3,-40.67
LEN,E,DCX,32718,100,25,103,BK7,4,-103
LEN,E,DCX,32868,24,6,24.36,BK7,2.6,-24.36
LEN,E,DCX,32870,36,12,36.65,BK7,3.3,-36.65
LEN,E,DCX,32872,72,12,73.97,BK7,2.8,-73.97
LEN,E,DCX,32874,125,25,128.65,BK7,3.5,-128.65
LEN,E,DCX,32876,150,25,154.52,BK7,3.4,-154.52
LEN,E,DCX,32878,175,25,180.4,BK7,3.2,-180.4
LEN,E,DCX,32880,70,35,71.08,BK7,7.5,-71.08
LEN,E,DCX,32901,24,12,24.4,K5,4,-24.4
LEN,E,DCX,32903,200,25,208.34,K5,5,-208.34
LEN,E,DCX,32905,400,25,417.54,K5,5,-417.54
LEN,E,DCX,32907,80,40,82.29,K5,8,-82.29
LEN,E,DCX,32909,100,40,103.21,K5,8,-103.21
LEN,E,DCX,32911,200,40,207.93,K5,8,-207.93
LEN,E,DCX,32939,50,15,51.16,BK7,3,-51.16
LEN,E,DCX,32965,12,6,11.98,BK7,2.4,-11.98
LEN,E,DCX,32967,18,6,18.22,BK7,2.2,-18.22
LEN,E,DCX,32969,18,9,18.15,BK7,2.6,-18.15
LEN,E,DCX,32979,50,50,74.78,SF11,16,-74.78
LEN,E,DCX,32981,100,50,101.63,BK7,10,-101.63
LEN,E,DCX,32983,150,50,153.49,BK7,9,-153.49
LEN,E,DCX,45088,30,12,30.36,BK7,3.7,-30.36
LEN,E,DCX,45100,15,15,22.51,SF11,4.5,-22.51
LEN,E,DCX,45102,22.5,15,34.36,SF11,4.2,-34.36
LEN,E,DCX,45130,6,3,5.88,BK7,1.8,-5.88
LEN,E,DCX,45132,9,3,9.02,BK7,1.6,-9.02
LEN,E,DCX,45134,30,6,30.61,BK7,2.3,-30.61
LEN,E,DCX,45156,27,9,27.43,BK7,2.74,-27.43
LEN,E,DCX,45158,36,9,36.77,BK7,2.55,-36.77
LEN,E,DCX,45160,48,12,49.14,BK7,2.74,-49.14
LEN,E,DCX,45162,35,25,35.09,BK7,6.6,-35.09
LEN,E,DCX,45164,50,30,50.67,BK7,6.55,-50.67
LEN,E,DCX,45166,75,30,76.67,BK7,4.96,-76.67
LEN,E,DCX,45168,60,40,60.56,BK7,8.8,-60.56
LEN,E,DCX,45170,200,50,205.86,BK7,5.05,-205.86
LEN,E,DCX,45172,250,50,257.57,BK7,4.93,-257.57
LEN,E,DCX,45177,4.5,4.5,6.58,LaSFN30,2.6,-6.58
LEN,E,DCX,45186,9,4.5,8.88,BK7,2.38,-8.88
LEN,E,DCX,45291,36,6,36.87,BK7,2,-36.87
LEN,E,DCX,45293,45,9,46.08,BK7,2.5,-46.08
LEN,E,DCX,45295,30,20,30.08,BK7,5.3,-30.08
LEN,E,DCX,45297,40,25,40.42,BK7,5.3,-40.42
LEN,E,DCX,45299,400,40,412.09,BK7,8,-412.09
LEN,E,DRUM,45548,1.834,2,1.25,bk7,2.5,-1.25
LEN,E,DRUM,45549,2.201,2.4,1.5,bk7,3,-1.5
LEN,E,DRUM,45550,2.935,3.2,2,bk7,4,-2
LEN,E,DRUM,45551,3.669,4,2.5,bk7,5,-2.5
LEN,E,DRUM,45663,1.36,2,1.25,LaSFN9,2.5,-1.25
LEN,E,DRUM,45664,1.632,2.4,1.5,LaSFN9,3,-1.5
LEN,E,DRUM,45665,2.176,3.2,2,LaSFN9,4,-2
LEN,E,DRUM,45666,2.72,4,2.5,LaSFN9,5,-2.5
LEN,E,DRUM,46524,2.419,2,1.25,BK7,2,0
LEN,E,DRUM,46525,2.902,2.4,1.5,BK7,2.4,0
LEN,E,DRUM,46526,3.87,3.2,2,BK7,3.2,0
LEN,E,DRUM,46527,4.837,4,2.5,BK7,4,0
LEN,E,DRUM,46528,1.47,2,1.25,LASFN9,2,0
LEN,E,DRUM,46529,1.764,2.4,1.5,LASFN9,2.4,0
LEN,E,DRUM,46530,2.352,3.2,2,LASFN9,3.2,0
LEN,E,DRUM,46531,2.94,4,2.5,LASFN9,4,0
LEN,E,HAS,30120,25.4,15.01,19,  F2,1.14,9.3, BK7,10.21,-9.3,  F2,1.14,-19
LEN,E,HAS,30229,40.3,23,32.48,F2,3.5,18.15,BK7,11,-18.15,F2,3.5,-32.48
LEN,E,HAS,36187,12.5,8,9.48,  F2,0.89,4.66,  K5,5.4,-4.66,  F2,0.89,-9.48
LEN,E,HAS,45251,20,12.5,14.95,F2,1.1,7.34,BK7,7.98,-7.34,F2,1.1,-14.95
LEN,E,HBALL,45933,1.935,2,1,bk7,1,0,,,,,,
LEN,E,HBALL,45934,3.87,4,2,bk7,2,0,,,,,,
LEN,E,HBALL,45935,5.805,6,3,bk7,3,0,,,,,,
LEN,E,HBALL,45936,7.74,8,4,bk7,4,0,,,,,,
LEN,E,HBALL,45937,9.675,10,5,bk7,5,0,,,,,,
LEN,E,HBALL,47269,2.902,3,1.5,bk7,1.5,0,,,,,,
LEN,E,HBALL,47270,4.837,5,2.5,bk7,2.5,0,,,,,,
LEN,E,HIB,47128,0.497,1,0.5,S-LAH79,1,-0.5,,,,,,
LEN,E,HIB,47129,0.995,2,1,S-LAH79,2,-1,,,,,,
LEN,E,HIB,47130,2.487,5,2.5,S-LAH79,5,-2.5,,,,,,
LEN,E,HIB,47131,3.979,8,4,S-LAH79,8,-4,,,,,,
LEN,E,HTB,45528,0.734,1,0.5,BK7,1,-0.5,,,,,,
LEN,E,HTB,45529,1.1,1.5,0.75,BK7,1.5,-0.75
LEN,E,HTB,45530,1.468,2,1,BK7,2,-1
LEN,E,HTB,45531,1.834,2.5,1.25,BK7,2.5,-1.25
LEN,E,HTB,45532,2.201,3,1.5,BK7,3,-1.5
LEN,E,HTB,45533,2.935,4,2,BK7,4,-2
LEN,E,HTB,45534,3.669,5,2.5,BK7,5,-2.5
LEN,E,HTB,45535,4.402,6,3,BK7,6,-3
LEN,E,HTB,45536,5.87,8,4,BK7,8,-4
LEN,E,HTB,45537,7.337,10,5,BK7,10,-5
LEN,E,IRDCX,47056,25.4,25.4,18.37,CAF2,12.2,-18.37
LEN,E,IRDCX,47057,50.8,25.4,39.61,CAF2,6.2,-39.61
LEN,E,IRDCX,47058,76.2,25.4,60.12,CAF2,4.7,-60.12
LEN,E,IRDCX,47059,100,25.4,79.07,CAF2,4.1,-79.07
LEN,E,IRDCX,48018,63.5,25.4,49.89,CAF2,5.3,-49.89
LEN,E,IRDCX,48019,150,25.4,119.12,CAF2,3.4,-119.12
LEN,E,IRPCX,47051,50,25.4,20,CAF2,6.4,0
LEN,E,IRPCX,47052,75,25.4,29.9,CAF2,4.8,0
LEN,E,IRPCX,47053,150,25.4,59.98,CAF2,3.4,0
LEN,E,IRPCX,47054,200,25.4,79.98,CAF2,3,0
LEN,E,IRPCX,47055,500,25.4,199.99,CAF2,2.4,0
LEN,E,IRPCX,47072,50.8,25.4,71.46,ZNSE,3.1,0
LEN,E,IRPCX,47073,75,25.4,106.15,ZNSE,2.8,0
LEN,E,IRPCX,47074,127,25.4,180.32,ZNSE,2.5,0
LEN,E,IRPCX,47075,200,25.4,281.2,ZNSE,2.3,0
LEN,E,IRPCX,47076,500,25.4,698.17,ZNSE,2.1,0
LEN,E,IRPCX,47174,63,25.4,25.1,CAF2,5.4,0
LEN,E,IRPCX,47175,100,25.4,39.9,CAF2,4.1,0
LEN,E,IRPCX,47176,250,25.4,100,CAF2,2.8,0
LEN,E,IRPCX,47177,1000,25.4,399.9,CAF2,2.2,0
LEN,E,IRPCX,47181,63.5,25.4,89.14,ZNSE,2.9,0
LEN,E,IRPCX,47182,254,25.4,356.51,ZNSE,2.2,0
LEN,E,IRPCX,48020,100,25.4,139.96,ZNSE,2.6,0
LEN,E,IRPCX,48021,150,25.4,209.91,ZNSE,2.4,0,,,,,,,,,,,,
LEN,E,MACH,43992,7.67,12.5,56.54,SF5,1.5,7.72,BaFN10,6.23,-10.6,,0.92,10.6,BaFN10,6.23,-7.72,SF5,1.5,-56.54
LEN,E,MACH,43993,8.87,12.5,56.54,SF5,1.5,7.72,BaFN10,6.23,-10.6,,1.33,13.98,BaFN11,5.25,-9.35,sf10,1.1,-76.14
LEN,E,MACH,43994,9.61,12.5,56.54,SF5,1.5,7.72,BaFN10,6.23,-10.6,,1.56,17.27,BaFN10,5,-10.99,SF10,1.25,-107.03
LEN,E,MACH,43995,9.95,12.5,56.54,SF5,1.5,7.72,BaFN10,6.23,-10.6,,1.48,15.97,SSKN8,4.5,-15,SF10,1.2,-528.23
LEN,E,MACH,43996,11.78,12.5,76.14,SF10,1.1,9.35,BAFN11,5.25,-13.98,,1.97,17.27,BaFN10,5,-10.99,SF10,1.25,-107.03
LEN,E,MACH,43997,12.44,12.5,76.14,SF10,1.1,9.35,BAFN11,5.25,-13.98,,1.9,15.97,SSKN8,4.5,-15,SF10,1.2,-528.23
LEN,E,MACH,43998,14.13,12.5,107.03,SF10,1.25,10.99,BaFN10,5,-17.27,,2.12,15.97,SSKN8,4.5,-15,SF10,1.2,-528.23
LEN,E,MACH,43999,15.31,12.5,528.23,SF10,1.2,15,SSKN8,4.5,-15.97,,2.05,15.97,SSKN8,4.5,-15,SF10,1.2,-528.23
LEN,E,MACH,46000,21.2,12.5,51.17,SF5,1.33,18.01,BK7,3.73,-24.77,,2.76,24.77,BK7,3.73,-18.01,SF5,1.33,-51.17
LEN,E,MACH,46001,25.18,12.5,51.17,SF5,1.33,18.01,BK7,3.73,-24.77,,2.97,36.51,BK7,3.5,-26.33,SF5,1.5,-78.35
LEN,E,MACH,46002,15.57,25,118.66,SF10,3,16.08,BaFN10,11.04,-21.17,,0.54,21.17,BaFN10,11.04,-16.08,SF10,3,-118.66
LEN,E,MACH,46003,17.92,25,118.66,SF10,3,16.08,BaFN10,11.04,-21.17,,1.57,27.97,BaFN11,9.5,-18.85,Sf10,2.5,-152.94
LEN,E,MACH,46004,19.59,25,118.66,SF10,3,16.08,BaFN10,11.04,-21.17,,2.12,34.53,BaFN10,9,-21.98,SF10,2.5,-214.63
LEN,E,MACH,46005,22.53,25,152.94,SF10,2.5,18.85,BaFN11,9.5,-27.97,,2.69,27.97,BaFN11,9.5,-18.85,Sf10,2.5,-152.94
LEN,E,MACH,46006,24.07,25,214.63,SF10,2.5,21.98,BaFN10,9,-34.53,,3.09,46.44,BK7,7,-33.77,SF5,2.5,-95.94
LEN,E,MACH,46007,21.02,25,118.66,SF10,3,16.08,BaFN10,11.04,-21.17,,2.59,46.44,BK7,7,-33.77,SF5,2.5,-95.94
LEN,E,MACH,46008,23.33,25,152.94,SF10,2.5,18.85,BaFN11,9.5,-27.97,,3.14,34.53,BaFN10,9,-21.98,SF10,2.5,-214.63
LEN,E,MACH,46009,27.53,25,118.66,SF10,3,16.08,BaFN10,11.04,-21.17,,3.72,61.47,BK7,6,-44.64,SF5,2.5,-129.94
LEN,E,MACH,46010,29.91,25,214.63,SF10,2.5,21.98,BaFN10,9,-34.53,,4.11,34.53,BaFN10,9,-21.98,SF10,2.5,-214.63
LEN,E,MACH,46011,26.22,25,152.94,SF10,2.5,18.85,BaFN11,9.5,-27.97,,3.7,46.44,BK7,7,-33.77,SF5,2.5,-95.94
LEN,E,MACH,46012,31.62,25,152.94,SF10,2.5,18.85,BaFN11,9.5,-27.97,,4.27,61.47,BK7,6,-44.64,SF5,2.5,-129.94
LEN,E,MACH,55270,10.64,12.5,76.14,SF10,1.1,9.35,BAFN11,5.25,-13.98,,1.75,13.98,BaFN11,5.25,-9.35,sf10,1.1,-76.14
LEN,E,MACH,55271,13.22,12.5,107.03,SF10,1.25,10.99,BaFN10,5,-17.27,,2.2,17.27,BaFN10,5,-10.99,SF10,1.25,-107.03
LEN,E,MACH,55272,26.25,12.5,64.75,SF5,1.5,22.32,BK7,3.5,-30.73,,3.01,30.73,BK7,3.5,-22.32,SF5,1.5,-64.75
LEN,E,MACH,55273,15.47,12.5,107.03,SF10,1.25,10.99,BaFN10,5,-17.27,,2.43,22.94,SK11,3.68,-15.54,SF5,1.5,-58.84
LEN,E,MACH,55274,17.87,12.5,528.23,SF10,1.2,15,SSKN8,4.5,-15.97,,2.4,24.77,BK7,3.73,-18.01,SF5,1.33,-51.17
LEN,E,MACH,55275,23.43,12.5,51.17,SF5,1.33,18.01,BK7,3.73,-24.77,,2.89,30.73,BK7,3.5,-22.32,SF5,1.5,-64.75
LEN,E,MACH,55276,30.38,25,1029.79,SF10,2.4,29.95,SSKN8,9,-31.94,,3.32,31.94,SSKN8,9,-29.95,SF10,2.4,-1029.79
LEN,E,MACH,55277,39.65,25,95.94,SF5,2.5,33.77,BK7,7,-46.44,,4.85,46.44,BK7,7,-33.77,SF5,2.5,-95.94
LEN,E,MACH,55278,52.24,25,129.94,SF5,2.5,44.64,BK7,6,-61.47,,5.63,61.47,BK7,6,-44.64,SF5,2.5,-129.94
LEN,E,MACH,55279,34.57,25,1029.79,SF10,2.4,29.95,SSKN8,9,-31.94,,4.08,46.44,BK7,7,-33.77,SF5,2.5,-95.94
LEN,E,MACH,55280,45.01,25,95.94,SF5,2.5,33.77,BK7,7,-46.44,,5.24,61.47,BK7,6,-44.64,SF5,2.5,-129.94
LEN,E,MIR,31377,635,63.5,-1270,mirror,,,,,,,,,,,,,,
LEN,E,MIR,31378,762,76.2,-1524,mirror,,,,,,,,,,,,,,
LEN,E,MIR,31379,1143,107.95,-2286,mirror,,,,,,,,,,,,,,
LEN,E,MIR,31380,1524,152.4,-3048,mirror,,,,,,,,,,,,,,
LEN,E,MIR,43462,6,12,-12,mirror,,,,,,,,,,,,,,
LEN,E,MIR,43463,12,12,-24,mirror,,,,,,,,,,,,,,
LEN,E,MIR,43464,10,25,-20,mirror,,,,,,,,,,,,,,
LEN,E,MIR,43465,25,25,-50,mirror,,,,,,,,,,,,,,
LEN,E,MIR,43466,50,25,-100,mirror,,,,,,,,,,,,,,
LEN,E,MIR,43467,15,35,-30,mirror,,,,,,,,,,,,,,
LEN,E,MIR,43468,35,35,-70,mirror,,,,,,,,,,,,,,
LEN,E,MIR,43469,25,50,-50,mirror,,,,,,,,,,,,,,
LEN,E,MIR,43470,50,50,-100,mirror,,,,,,,,,,,,,,
LEN,E,MIR,43471,100,50,-200,mirror,,,,,,,,,,,,,,
LEN,E,MIR,43536,25.4,25.4,-50.8,mirror,,,,,,,,,,,,,,
LEN,E,MIR,43538,50.8,25.4,-101.6,mirror
LEN,E,MIR,43540,76.2,25.4,-152.4,mirror
LEN,E,MIR,43542,101.6,25.4,-203.2,mirror
LEN,E,MIR,43544,50.8,50.8,-101.6,mirror
LEN,E,MIR,43546,101.6,50.8,-203.2,mirror
LEN,E,MIR,43548,304.8,50.8,-609.6,mirror
LEN,E,MIR,43550,508,50.8,-1016,mirror
LEN,E,MIR,43552,1016,50.8,-2032,mirror
LEN,E,MIR,43554,76.2,76.2,-152.4,mirror
LEN,E,MIR,43556,152.4,76.2,-304.8,mirror
LEN,E,MIR,43558,457.2,76.2,-914.4,mirror
LEN,E,MIR,43560,762,76.2,-1524,mirror
LEN,E,MIR,43562,152.4,152.4,-304.8,mirror
LEN,E,MIR,43564,304.8,152.4,-609.6,mirror
LEN,E,MIR,43566,914.4,152.4,-1828.8,mirror
LEN,E,MIR,43568,1524,152.4,-3048,mirror
LEN,E,MIR,43570,2540,254,-5080,mirror
LEN,E,MIR,43572,3175,317.5,-6350,mirror
LEN,E,MIR,43585,203.2,76.2,-406.4,mirror
LEN,E,MIR,43590,609.6,203.2,-1219.2,mirror
LEN,E,MIR,43674,4.5,9,-9,mirror
LEN,E,MIR,43966,101.6,127,-203.2,mirror
LEN,E,MIR,43971,609.6,152.4,-1219.2,mirror
LEN,E,MIR,46231,10,10,-20,mirror
LEN,E,MIR,46232,20,10,-40,mirror
LEN,E,MIR,46233,40,10,-80,mirror
LEN,E,MIR,46234,15,15,-30,mirror
LEN,E,MIR,46235,30,15,-60,mirror
LEN,E,MIR,46236,60,15,-120,mirror
LEN,E,MIR,46237,20,20,-40,mirror
LEN,E,MIR,46238,40,20,-80,mirror
LEN,E,MIR,46239,80,20,-160,mirror
LEN,E,NAC,45219,-25,12.5,-17.75,BaFN10,2,12.17,SF10,2.55,109.75
LEN,E,NAC,45220,-50,12.5,-30.83,BK7,2,23.47,SF5,1.56,69.2
LEN,E,NAC,45221,-50,25,-35.51,BaFN10,2.5,24.58,SF10,4.06,217.99
LEN,E,NAC,45222,-100,25,-70.57,BaFN10,2,45.27,SF10,2.57,412.67
LEN,E,NAC,45420,-12.5,6.25,-24.66,BaFN10,1,4.24,SF10,2,11.25
LEN,E,NAC,45421,-25,6.25,-17.57,BaFN10,1,11.48,SF10,2,109.44
LEN,E,NAC,45422,-75,25,-46.07,BK7,2.5,36.65,SF5,4.06,108
LEN,E,NAC,45423,-150,25,-92.3,BK7,2.5,68.87,SF5,4.06,204.15
LEN,E,NAC,45424,-35,12.5,-21.66,BK7,2,17.48,SF5,1.56,50.54
LEN,E,NAC,45828,-25,9,-17.75,BaFN10,2,12.17,SF10,2.55,109.75
LEN,E,NAC,47016,-75,12.5,-46.07,BK7,2.5,36.65,SF5,3,108
LEN,E,NIR,45783,9,6,7.34,LakN22,4,-4.18,SFL6,1.3,-11.58
LEN,E,NIR,45784,12,6,6.84,LakN22,3.2,-5.99,SFL6,1,-69.82
LEN,E,NIR,45785,15,6,8.8,LakN22,3,-7.93,SFL6,1.2,-71.17
LEN,E,NIR,45786,20,6,11.29,LakN22,3,-10.63,SFL6,1.3,-134.8
LEN,E,NIR,45787,25,6,13.95,LakN22,3,-13.4,SFL6,1.3,-193.19
LEN,E,NIR,45788,30,6,16.66,LakN22,3,-16.18,SFL6,1.3,-246.07
LEN,E,NIR,45789,35,6,19.39,LakN22,3,-19,SFL6,1.3,-297.39
LEN,E,NIR,45790,40,6,21.81,LakN22,3,-22.07,SFL6,1.3,-454.78
LEN,E,NIR,45791,18,12,12.05,LakN22,8,-8.65,SFL6,2.5,-37.28
LEN,E,NIR,45792,20,12,13.13,LakN22,8,-9.59,SFL6,2.5,-45.11
LEN,E,NIR,45793,25,12,15.56,LakN22,4.5,-13.75,SFL6,2.5,-84.13
LEN,E,NIR,45794,30,12,17.77,LakN22,4.5,-16.46,SFL6,2.5,-136.8
LEN,E,NIR,45795,35,12,20.23,LakN22,4.5,-19.17,SFL6,2.5,-193.84
LEN,E,NIR,45796,40,12,22.81,LakN22,4.5,-21.91,SFL6,2.5,-250.49
LEN,E,NIR,45797,50,12,28.51,LakN22,3,-28.2,SFL6,2.5,-322.09
LEN,E,NIR,45798,60,12,33.92,LakN22,3,-33.81,SFL6,2.5,-419.99
LEN,E,NIR,45799,75,12,42.11,LakN22,3,-42.3,SFL6,2.5,-565.11
LEN,E,NIR,45800,35,25,23.4,LakN22,11,-20.11,SFL6,4,-87.52
LEN,E,NIR,45801,40,25,26.27,LakN22,11,-22.26,SFL6,4,-105.93
LEN,E,NIR,45802,45,25,29.01,LakN22,9,-25.53,SFL6,4,-132.92
LEN,E,NIR,45803,50,25,31.69,LakN22,8,-28.45,SFL6,4,-161.05
LEN,E,NIR,45804,60,25,36.27,LakN22,8,-33.8,SFL6,4,-248.86,,,,,,,,,
LEN,E,NIR,45805,75,25,43.96,LakN22,6,-42.9,SFL6,4,-392.21,,,,,,,,,
LEN,E,NIR,45806,100,25,57.01,LakN22,6,-57.01,SFL6,4,-656.51,,,,,,,,,
LEN,E,NIR,45821,5,3,3.16,LakN22,2,-2.32,SFL6,1,-12.14,,,,,,,,,
LEN,E,NIR,45822,10,3,5.203,LakN22,1.8,-5.203,SFL6,1,0,,,,,,,,,
LEN,E,NIR,45823,15,3,7.712,LakN22,1.8,-7.712,SFL6,1,0,,,,,,,,,
LEN,E,NIR,45824,15,9,9.68,LakN22,4.2,-7.91,SFL6,2,-39.89,,,,,,,,,
LEN,E,NIR,45825,20,9,11.01,LakN22,3.5,-11.01,SFL6,2,-222.6,,,,,,,,,
LEN,E,NIR,45826,25,15,14.94,LakN22,5.65,-14.94,SFL6,3.7,-120.18,,,,,,,,,
LEN,E,NIR,45827,30,15,17.36,LakN22,5,-17.36,SFL6,2,-187.86,,,,,,,,,
LEN,E,NIR,47271,200,25,112.88,LAKN22,6,-112.88,SFL6,4,-1415.62,,,,,,,,,
LEN,E,NIR,47293,18.444,25,87.52,SFL6,4,20.11,LAKN22,11,-23.4,,1.38,23.4,LAKN22,11,-20.11,SFL6,4,-87.52
LEN,E,NIR,47294,21.576,25,87.52,SFL6,4,20.11,LAKN22,11,-23.4,,2.33,31.69,LakN22,8,-28.45,SFL6,4,-161.05
LEN,E,NIR,47295,23.027,25,87.52,SFL6,4,20.11,LAKN22,11,-23.4,,2.65,36.27,LakN22,8,-33.8,SFL6,4,-248.86
LEN,E,NIR,47296,24.769,25,87.52,SFL6,4,20.11,LAKN22,11,-23.4,,3.02,43.96,LakN22,6,-42.9,SFL6,4,-392.21
LEN,E,NIR,47297,26.766,25,87.52,SFL6,4,20.11,LAKN22,11,-23.4,,3.41,57.01,LakN22,6,-57.01,SFL6,4,-656.51
LEN,E,NIR,47298,26.101,25,161.05,SFL6,4,28.45,LAKN22,8,-31.69,,3.28,31.69,LakN22,8,-28.45,SFL6,4,-161.05
LEN,E,NIR,47299,31.111,25,161.05,SFL6,4,28.45,LAKN22,8,-31.69,,3.97,43.96,LakN22,6,-42.9,SFL6,4,-392.21
LEN,E,NIR,47300,38.744,25,392.21,SFL6,4,42.9,LAKN22,6,-43.96,,4.66,43.96,LakN22,6,-42.9,SFL6,4,-392.21
LEN,E,NIR,47301,44.156,25,392.21,SFL6,4,42.9,LAKN22,6,-43.96,,5.05,57.01,LakN22,6,-57.01,SFL6,4,-656.51
LEN,E,NIR,47302,51.414,25,656.51,SFL6,4,57.01,LAKN22,6,-57.01,,5.45,57.01,LakN22,6,-57.01,SFL6,4,-656.51
LEN,E,NIR,47317,100,50,59.74,LAKN22,14.5,-59.74,SFL6,5.5,-494.7,,,,,,,,,
LEN,E,NIR,47318,150,50,86.84,LAKN22,11,-86.84,SFL6,5.5,-894.7,,,,,,,,,
LEN,E,PCV,45007,-6,6,-4.71,SF11,1.5,0,,,,,,,,,,,,
LEN,E,PCV,45009,-12,6,-6.2,BK7,1.5,0,,,,,,,,,,,,
LEN,E,PCV,45011,-18,6,-9.3,BK7,2,0,,,,,,,,,,,,
LEN,E,PCV,45015,-12,12,-9.42,SF11,2.2,0,,,,,,,,,,,,
LEN,E,PCV,45017,-24,12,-12.4,BK7,3.5,0,,,,,,,,,,,,
LEN,E,PCV,45019,-48,12,-24.81,BK7,3.5,0,,,,,,,,,,,,
LEN,E,PCV,45021,-30,20,-23.54,SF11,3.5,0,,,,,,,,,,,,
LEN,E,PCV,45023,-40,20,-20.67,BK7,3.5,0,,,,,,,,,,,,
LEN,E,PCV,45025,-50,20,-25.84,BK7,3.5,0,,,,,,,,,,,,
LEN,E,PCV,45027,-100,25,-51.68,BK7,3.5,0
LEN,E,PCV,45029,-50,25,-25.84,BK7,3.5,0
LEN,E,PCV,45031,-25,25,-19.62,SF11,3.5,0
LEN,E,PCV,45037,-100,50,-51.68,BK7,5,0
LEN,E,PCV,45039,-125,50,-64.6,BK7,5,0
LEN,E,PCV,45373,-6,3,-4.71,SF11,1,0
LEN,E,PCV,45375,-9,3,-7.06,SF11,1,0
LEN,E,PCV,45377,-18,3,-14.12,SF11,1.5,0
LEN,E,PCV,45379,-9,9,-7.07,SF11,2.25,0
LEN,E,PCV,45381,-18,9,-14.12,SF11,2.25,0
LEN,E,PCV,45383,-27,9,-21.19,SF11,3,0
LEN,E,PCX,31854,18,9,9.32,BK7,2.41,0
LEN,E,PCX,31855,24,12,12.42,BK7,2.8,0
LEN,E,PCX,31856,30,15,15.52,BK7,3.18,0
LEN,E,PCX,31857,36,18,18.62,BK7,3.57,0
LEN,E,PCX,32002,27,18,18.16,SF5,3.8,0
LEN,E,PCX,32005,22.5,15,15.12,SF5,3.35,0
LEN,E,PCX,32007,18,12,12.12,SF5,3,0
LEN,E,PCX,32010,13.5,9,9.09,SF5,2.6,0
LEN,E,PCX,32470,9,6,6.05,SF5,1.75,0
LEN,E,PCX,32472,12,6,6.2,BK7,1.6,0
LEN,E,PCX,32474,18,6,9.3,BK7,1.4,0
LEN,E,PCX,32476,100,20,51.68,BK7,4.3,0
LEN,E,PCX,32478,50,25,25.84,BK7,4.9,0
LEN,E,PCX,32480,75,25,38.76,BK7,4.5,0
LEN,E,PCX,32482,100,25,51.68,BK7,4.3,0
LEN,E,PCX,32484,50,30,33.63,SF5,6.35,0
LEN,E,PCX,32486,75,30,38.76,BK7,6.1,0
LEN,E,PCX,32488,100,30,51.68,BK7,6,0
LEN,E,PCX,32849,36,6,18.61,BK7,1.6,0
LEN,E,PCX,32851,72,6,37.22,BK7,1.6,0
LEN,E,PCX,32853,48,12,24.82,BK7,2.5,0
LEN,E,PCX,32855,60,12,31.02,BK7,2.5,0
LEN,E,PCX,32857,84,12,43.43,BK7,2.5,0
LEN,E,PCX,32860,72,18,37.22,BK7,3,0
LEN,E,PCX,32862,125,25,64.62,BK7,3.5,0
LEN,E,PCX,32864,150,25,77.55,BK7,3.5,0
LEN,E,PCX,32866,175,25,90.47,BK7,3.5,0
LEN,E,PCX,32887,36,12,18.83,K5,3,0
LEN,E,PCX,32891,200,25,104.6,K5,3.2,0
LEN,E,PCX,32893,400,25,209.2,K5,3.2,0
LEN,E,PCX,32895,80,40,41.84,K5,8,0
LEN,E,PCX,32897,100,40,52.3,K5,7,0
LEN,E,PCX,32899,200,40,104.6,K5,5,0
LEN,E,PCX,32937,70,20,36.18,BK7,3,0
LEN,E,PCX,32953,6,3,3.1,BK7,1.8,0
LEN,E,PCX,32955,9,3,4.65,BK7,1.5,0
LEN,E,PCX,32957,24,6,12.4,BK7,1.5,0
LEN,E,PCX,32959,27,9,13.95,BK7,2.5,0
LEN,E,PCX,32961,40,20,20.67,BK7,4.9,0
LEN,E,PCX,32963,60,20,31.01,BK7,4.5,0
LEN,E,PCX,32971,50,50,39.24,SF11,12,0
LEN,E,PCX,32973,100,50,51.68,BK7,10,0
LEN,E,PCX,32975,150,50,77.52,BK7,9,0
LEN,E,PCX,43394,1,1.5,0.85,LaSFN9,0.8,0
LEN,E,PCX,43395,1.5,1.5,1.28,LaSFN9,0.8,0
LEN,E,PCX,43396,1.5,2,1.28,LaSFN9,0.8,0
LEN,E,PCX,43397,2,2,1.7,LaSFN9,0.8,0
LEN,E,PCX,43398,2,2.5,1.7,LaSFN9,0.8,0
LEN,E,PCX,43399,2.5,2.5,2.12,LaSFN9,0.8,0
LEN,E,PCX,45078,6,6,4.71,SF11,2.5,0
LEN,E,PCX,45080,15,6,7.75,BK7,2,0
LEN,E,PCX,45082,9,9,7.06,SF11,3,0
LEN,E,PCX,45084,12,12,9.42,SF11,4,0
LEN,E,PCX,45086,30,12,15.5,BK7,3,0
LEN,E,PCX,45094,15,15,10.09,SF5,5.5,0
LEN,E,PCX,45096,40,15,20.67,BK7,3,0
LEN,E,PCX,45098,25,25,16.82,SF5,8,0
LEN,E,PCX,45118,3,3,2.35,SF11,2,0
LEN,E,PCX,45120,30,6,15.5,BK7,1.3,0
LEN,E,PCX,45122,36,9,18.61,BK7,2.3,0
LEN,E,PCX,45124,42,12,21.71,BK7,2.7,0
LEN,E,PCX,45126,72,12,37.21,BK7,2.4,0
LEN,E,PCX,45128,60,25,31.01,BK7,4.7,0
LEN,E,PCX,45142,4.5,3,3.62,LaSFN30,1.8,0
LEN,E,PCX,45144,4.5,4.5,3.61,LaSFN30,2.59,0
LEN,E,PCX,45146,35,25,18.11,BK7,7.01,0
LEN,E,PCX,45148,9,4.5,4.65,BK7,2.38,0
LEN,E,PCX,45150,60,40,31.03,BK7,9.31,0
LEN,E,PCX,45152,200,50,103.36,BK7,5.07,0
LEN,E,PCX,45154,250,50,129.21,BK7,4.94,0
LEN,E,PCX,45224,4,4,3.21,LaSFN30,1.7,0
LEN,E,PCX,45226,8,4,5.36,BaF10,1.39,0
LEN,E,PCX,45228,5,5,4.02,LaSFN30,1.87,0
LEN,E,PCX,45230,10,5,5.17,BK7,1.64,0
LEN,E,PCX,45232,21,6,10.85,BK7,1.42,0
LEN,E,PCX,45234,48,6,24.81,BK7,1.6,0
LEN,E,PCX,45236,22,9,11.37,BK7,1.93,0
LEN,E,PCX,45238,20,20,15.7,SF11,4.6,0
LEN,E,PCX,45240,30,20,20.1,BaFN10,4.5,0
LEN,E,PCX,45242,60,30,31.01,BK7,6,0
LEN,E,PCX,45244,120,30,62.02,BK7,6,0
LEN,E,PCX,45246,75,50,38.76,BK7,11,0
LEN,E,PCX,45248,125,50,64.6,BK7,10,0
LEN,E,PCX,45250,175,50,90.44,BK7,9,0
LEN,E,PCX,45260,100,15,51.68,BK7,3,0
LEN,E,PCX,45273,12,3,6.2,BK7,1.08,0
LEN,E,PCX,45275,100,12,51.68,BK7,2.5,0
LEN,E,PCX,45277,150,20,77.52,BK7,3,0
LEN,E,PCX,45279,40,25,20.67,BK7,5.6,0
LEN,E,PCX,45281,500,25,258.4,BK7,3.2,0
LEN,E,PCX,45283,750,25,387.6,BK7,3.2,0
LEN,E,PCX,45285,300,40,155.04,BK7,5,0
LEN,E,PCX,45287,400,40,206.72,BK7,5,0
LEN,E,PCX,45289,500,50,258.4,BK7,5,0
LEN,E,PCX,45303,15,12,7.75,BK7,4.5,0
LEN,E,PCX,45305,54,12,27.91,BK7,3,0
LEN,E,PCX,45307,54,18,27.91,BK7,3,0
LEN,E,PCX,45355,15,5,7.75,BK7,1.6,0
LEN,E,PCX,45357,45,9,23.26,BK7,1.54,0
LEN,E,PCX,45359,75,15,38.76,BK7,1.83,0
LEN,E,PCX,45361,50,20,25.84,BK7,3.23,0
LEN,E,PCX,45363,30,25,15.5,BK7,8.06,0
LEN,E,PCX,45365,85,25,43.93,BK7,4.3,0
LEN,E,PCX,45368,75,75,38.76,BK7,32.68,0
LEN,E,PCX,45370,150,75,77.52,BK7,11.45,0
LEN,E,PCX,45372,200,75,103.36,BK7,8.74,0
LEN,E,PCX,45426,15,3,7.78,BK7,1.26,0
LEN,E,PCX,45428,6,4,3.11,BK7,2.26,0
LEN,E,PCX,45430,10,4,5.19,BK7,1.64,0
LEN,E,PCX,45432,12,4,6.22,BK7,1.52,0
LEN,E,PCX,45434,12,5,6.22,BK7,1.77,0
LEN,E,PCX,45436,60,15,31.11,BK7,2.05,0
LEN,E,PCX,45438,18,18,9.33,BK7,10.33,0
LEN,E,PCX,45440,80,20,41.48,BK7,2.35,0
LEN,E,PCX,45588,0.6,1,0.51,LaSFN9,0.8,0
LEN,E,PCX,45589,1,1,0.85,LaSFN9,0.8,0
LEN,E,PCX,45590,3,2.5,2.55,LaSFN9,0.8,0
LEN,E,STEI,45398,12.5,6.25,8.64,BASF1,2,4.09,BK7,5,-4.09,BASF1,2,-8.64
LEN,E,STEI,45399,18,9,12.45,BASF1,2.88,5.89,BK7,7.2,-5.89,BASF1,2.88,-12.45
LEN,E,STEI,45400,25,12.5,17.32,BASF1,4,8.22,BK7,10,-8.22,BASF1,4,-17.32
LEN,E,STEI,47673,12.5,6.25,7.81,BK7,2,4.09,BASF64,5,-4.09,BK7,2,-7.81
LEN,E,UVDV,8034,-20,12.7,-18.648,Silica,2,18.648,,,,,,
LEN,E,UVDV,8035,-30,12.7,-27.818,Silica,2,27.818,,,,,,
LEN,E,UVDV,8036,-35,12.7,-32.404,Silica,2,32.404,,,,,,
LEN,E,UVDV,8037,-45,12.7,-41.573,Silica,2,41.573,,,,,,
LEN,E,UVDV,8038,-50,25.4,-46.236,Silica,2.5,46.236,,,,,,
LEN,E,UVDV,8039,-100,25.4,-92.083,Silica,2.5,92.083,,,,,,
LEN,E,UVDV,8040,-125,25.4,-115.007,Silica,2.5,115.007,,,,,,
LEN,E,UVDV,8041,-100,50.8,-92.239,Silica,3.5,92.239,,,,,,
LEN,E,UVDV,8042,-150,50.8,-138.086,Silica,3.5,138.086,,,,,,
LEN,E,UVDV,8043,-250,50.8,-229.779,Silica,3.5,229.779,,,,,,
LEN,E,UVDX,8012,20,12.7,17.625,Silica,4.37,-17.625,,,,,,
LEN,E,UVDX,8013,30,12.7,26.943,Silica,3.52,-26.943,,,,,,
LEN,E,UVDX,8014,35,12.7,31.566,Silica,3.29,-31.566
LEN,E,UVDX,8015,45,12.7,40.785,Silica,2.99,-40.785
LEN,E,UVDX,8016,50,25.4,44.938,Silica,5.66,-44.938
LEN,E,UVDX,8017,100,25.4,91.094,Silica,3.78,-91.094
LEN,E,UVDX,8018,125,25.4,114.075,Silica,3.42,-114.075
LEN,E,UVDX,8019,100,50.8,90.042,Silica,10.31,-90.042
LEN,E,UVDX,8020,150,50.8,136.305,Silica,7.78,-136.305
LEN,E,UVDX,8021,250,50.8,228.309,Silica,5.83,-228.309
LEN,E,UVDX,8065,75.6,25.4,68.545,Silica,4.87,-68.545
LEN,E,UVDX,8066,150,25.4,136.957,Silica,3.68,-136.957
LEN,E,UVDX,8067,200,25.4,182.851,Silica,3.38,-182.851
LEN,E,UVDX,8068,250,25.4,228.725,Silica,3.21,-228.725
LEN,E,UVDX,8069,500,25.4,457.933,Silica,3.35,-457.933
LEN,E,UVDX,8070,200,50.8,182.348,Silica,6.56,-182.348
LEN,E,UVDX,8071,500,50.8,457.766,Silica,4.41,-457.766
LEN,E,UVDX,8076,12.7,12.7,10.4,Silica,7.09,-10.4
LEN,E,UVDX,8077,25.4,25.4,21.43,Silica,10.9,-21.43
LEN,E,UVDX,8080,10,10,8.225,Silica,5.39,-8.225
LEN,E,UVDX,8081,15,10,13.098,Silica,3.98,-13.098
LEN,E,UVDX,8082,75,12.7,68.362,Silica,2.59,-68.362
LEN,E,UVDX,8083,20,18,17.048,Silica,7.64,-17.048
LEN,E,UVDX,8084,40,18,35.991,Silica,4.29,-35.991
LEN,E,UVDX,8085,60,25.4,54.136,Silica,5.52,-54.136
LEN,E,UVDX,8086,300,25.4,274.601,Silica,3.09,-274.601
LEN,E,UVPV,8022,-25,12.7,-11.462,Silica,2,0
LEN,E,UVPV,8023,-30,12.7,-13.754,Silica,2,0
LEN,E,UVPV,8024,-40,12.7,-18.338,Silica,2,0
LEN,E,UVPV,8025,-50,12.7,-22.923,Silica,2,0
LEN,E,UVPV,8026,-50,25.4,-22.923,Silica,2,0
LEN,E,UVPV,8027,-75,25.4,-34.385,Silica,2.5,0
LEN,E,UVPV,8028,-100,25.4,-45.846,Silica,2.5,0
LEN,E,UVPV,8029,-150,25.4,-68.769,Silica,2.5,0
LEN,E,UVPV,8030,-75,50.8,-34.385,Silica,3.5,0
LEN,E,UVPV,8031,-100,50.8,-45.846,Silica,3.5,0
LEN,E,UVPV,8032,-150,50.8,-68.789,Silica,3.5,0
LEN,E,UVPV,8033,-200,50.8,-91.692,Silica,3.5,0
LEN,E,UVPV,8072,-200,25.4,-91.692,Silica,2.5,0
LEN,E,UVPV,8073,-250,25.4,-114.615,Silica,2.5,0
LEN,E,UVPV,8074,-250,50.8,-114.615,Silica,3.5,0
LEN,E,UVPV,8075,-500,50.8,-229.23,Silica,4,0
LEN,E,UVPV,45697,-9,6,-4.13,Silica,2,0
LEN,E,UVPV,45698,-12,6,-5.5,Silica,2,0
LEN,E,UVPV,45699,-18,6,-8.25,Silica,2,0
LEN,E,UVPV,45700,-13.5,9,-6.2,Silica,2,0
LEN,E,UVPV,45701,-18,9,-8.25,Silica,2,0
LEN,E,UVPV,45702,-27,9,-12.4,Silica,2,0
LEN,E,UVPX,8000,25,12.7,11.462,Silica,3.92,0
LEN,E,UVPX,8001,30,12.7,13.754,Silica,3.55,0
LEN,E,UVPX,8002,40,12.7,18.338,Silica,3.13,0
LEN,E,UVPX,8003,50,12.7,22.923,Silica,2.9,0
LEN,E,UVPX,8004,50,25.4,22.923,Silica,5.84,0
LEN,E,UVPX,8005,75,25.4,34.385,Silica,4.43,0
LEN,E,UVPX,8006,100,25.4,45.848,Silica,3.79,0
LEN,E,UVPX,8007,150,25.4,68.789,Silica,3.18,0
LEN,E,UVPX,8008,75,50.8,34.385,Silica,14.21,0
LEN,E,UVPX,8009,100,50.8,45.846,Silica,10.68,0
LEN,E,UVPX,8010,150,50.8,68.789,Silica,7.86,0
LEN,E,UVPX,8011,200,50.8,91.692,Silica,6.59,0
LEN,E,UVPX,8058,38,25.4,17.421,Silica,7.25,0
LEN,E,UVPX,8059,125,25.4,57.308,Silica,3.42,0
LEN,E,UVPX,8060,175,25.4,80.231,Silica,3.01,0
LEN,E,UVPX,8061,200,25.4,91.692,Silica,2.88,0
LEN,E,UVPX,8062,250,25.4,114.615,Silica,2.71,0
LEN,E,UVPX,8063,250,50.8,114.615,Silica,5.85,0
LEN,E,UVPX,8064,300,50.8,137.538,Silica,5.37,0,
LEN,E,UVPX,8078,100,12.7,45.848,Silica,2.44,0,
LEN,E,UVPX,8079,400,25.4,183.392,Silica,2.44,0,
LEN,E,UVPX,45690,9,6,4.13,Silica,2.5,0,
LEN,E,UVPX,45691,12,6,5.5,Silica,2,0,
LEN,E,UVPX,45692,18,6,8.25,Silica,2,0,
LEN,E,UVPX,45693,13.5,9,6.19,Silica,3,0,
LEN,E,UVPX,45694,18,9,8.25,Silica,3,0,
LEN,E,UVPX,45695,27,9,12.38,Silica,2,0,
CYL,E,,43856,8,5,10,4.13,BK7,3,0
CYL,E,,43857,20,5,10,10.32,BK7,1,0
CYL,E,,43858,30,5,10,15.5,BK7,3,0
CYL,E,,43859,50,5,10,25.8,BK7,1,0
CYL,E,,43860,15,10,20,7.75,BK7,3,0
CYL,E,,43861,75,10,20,38.72,BK7,2,0
CYL,E,,43862,100,10,20,51.63,BK7,3,0
CYL,E,,45940,2.2,3,10,1.5,BK7,3,-1.5
CYL,E,,45941,3.66,5,15,2.5,BK7,5,-2.5
CYL,E,,45942,3.66,5,20,2.5,BK7,5,-2.5
CYL,E,,45943,7.32,10,20,5,BK7,10,-5
CYL,E,,45981,8,5,5,4.13,BK7,3,0
CYL,E,,45982,30,5,5,15.5,BK7,3,0
CYL,E,,45983,50,5,5,25.8,BK7,1,0
CYL,E,,46015,25,25,25,12.96,BK7,11.03,0
CYL,E,,46016,50,25,25,25.93,BK7,4.24,0
CYL,E,,46017,75,25,25,38.89,BK7,3.06,0
CYL,E,,46018,100,25,25,51.85,BK7,3.16,0
CYL,E,,46019,150,25,25,77.78,BK7,3.5,0
CYL,E,,46020,25,25,50,12.96,BK7,11.03,0
CYL,E,,46021,50,25,50,25.933,BK7,4.24,0
CYL,E,,46022,75,25,50,38.89,BK7,3.06,0
CYL,E,,46023,100,25,50,51.85,BK7,3.16,0
CYL,E,,46024,150,25,50,77.78,BK7,3.5,0,,,,,,,,
CYL,E,,46191,-6.25,6.25,6.25,-3.24,BK7,1,0,,,,,,,,
CYL,E,,46192,-12.5,6.25,6.25,-6.48,BK7,1,0,,,,,,,,
CYL,E,,46193,12.5,12.5,12.5,6.48,BK7,7.48,0,,,,,,,,
CYL,E,,46194,25,12.5,12.5,12.96,BK7,2.9,0,,,,,,,,
CYL,E,,46195,50,12.5,12.5,25.93,BK7,1.89,0,,,,,,,,
CYL,E,,46196,-25,25,25,-12.96,BK7,3,0,,,,,,,,
CYL,E,,46197,-50,25,25,-25.93,BK7,3,0,,,,,,,,
CYL,E,,46198,75,50,25,38.89,BK7,10.53,0,,,,,,,,
CYL,E,,46199,100,50,25,51.85,BK7,7.7,0,,,,,,,,
CYL,E,,46200,150,50,25,77.78,BK7,5.3,0,,,,,,,,
CYL,E,,46205,1.6,6.25,6.25,-3.24,REFLECT,0,0,,,,,,,,
CYL,E,,46206,3.2,6.25,6.25,-6.48,REFLECT,0,0,,,,,,,,
CYL,E,,46209,6.5,25,25,-12.96,REFLECT,0,0,,,,,,,,
CYL,E,,46210,13,25,25,-25.93,REFLECT,0,0,,,,,,,,
ASP,E,,47725,11.25,13.5,6.63,-1.076527,0,0.00E+00,2.396046E-04,6.414674E-07,7.685840E-09,-6.476209E-11,0.00E+00,0.00E+00,0.00E+00,L-BAL35,7
ASP,E,,47726,15,13.5,8.84,-1.427973,0,0.00E+00,1.577441E-04,-6.152040E-08,8.528970E-10,-3.504659E-12,0.00E+00,0.00E+00,0.00E+00,L-BAL35,5.5
ASP,E,,47727,18.75,13.5,11.05,-1.832442,0,0.00E+00,1.166845E-04,-2.157671E-07,9.596239E-10,-2.541401E-12,0.00E+00,0.00E+00,0.00E+00,L-BAL35,4.5
ASP,E,,47728,22.5,13.5,13.26,-2.364143,0,0.00E+00,9.556697E-05,-2.609526E-07,1.124621E-09,-2.998908E-12,0.00E+00,0.00E+00,0.00E+00,L-BAL35,4
ASP,E,,47729,18.75,22.5,11.05,-0.7532089,0,0.00E+00,2.055097E-05,2.629697E-08,1.416305E-10,-6.623824E-13,0.00E+00,0.00E+00,0.00E+00,L-BAL35,10
ASP,E,,47730,25,22.5,14.73,-1.439137,0,0.00E+00,3.416666E-05,-6.438044E-09,2.323731E-11,-3.519619E-14,0.00E+00,0.00E+00,0.00E+00,L-BAL35,7.5
ASP,E,,47731,31.25,22.5,18.41,-1.607913,0,0.00E+00,2.063455E-05,-7.648977E-09,1.117573E-11,-1.010058E-14,0.00E+00,0.00E+00,0.00E+00,L-BAL35,6.5
ASP,E,,47732,37.5,22.5,22.09,-2.271309,0,0.00E+00,1.954456E-05,-1.756349E-08,2.597437E-11,-2.414068E-14,0.00E+00,0.00E+00,0.00E+00,L-BAL35,6
CYL,E,,54087,1.46,2,4,1,BK7,2,-1,,,,,,,,
CYL,E,,54088,2.2,3,6,1.5,BK7,3,-1.5,,,,,,,,
CYL,E,,54089,2.93,4,8,2,BK7,4,-2,,,,,,,,
CYL,E,,54090,3.66,5,10,2.5,BK7,5,-2.5,,,,,,,,
