LEN,Manufacturer ID,Category,PN# element,FOC [mm],Dia [mm],R curvature [mm],Glass Type,Th [mm],R2
LEN,IS,IR,BF-PX-12-25,25,12.7,11.296,BaF2,4.0,0
LEN,IS,IR,BF-PX-12-50,50,12.7,22.619,BaF2,3.0,0
LEN,IS,IR,BF-PX-12-75,75,12.7,33.870,BaF2,2.6,0
LEN,IS,IR,BF-PX-25-50,50,25.4,22.619,BaF2,5.9,0
LEN,IS,IR,BF-PX-25-63,63,25.4,28.380,BaF2,5.0,0
LEN,IS,IR,BF-PX-25-75,75,25.4,33.870,BaF2,4.5,0
LEN,IS,IR,BF-PX-25-100,100,25.4,45.080,BaF2,3.9,0
LEN,IS,IR,BF-PX-25-150,150,25.4,67.570,BaF2,3.2,0
LEN,IS,IR,BF-PX-25-200,200,25.4,90.200,BaF2,2.9,0
LEN,IS,IR,BF-PX-25-250,250,25.4,112.720,BaF2,2.7,0
LEN,IS,IR,BF-PX-25-500,500,25.4,224.900,BaF2,2.6,0
LEN,IS,IR,BF-PX-25-1000,1000,25.4,449.500,BaF2,2.2,0
LEN,IS,IR,BF-PX-25-2000,2000,25.4,899.500,BaF2,2.1,0
LEN,IS,IR,BF-PX-38-50,50,38.1,22.619,BaF2,12.5,0
LEN,IS,IR,BF-PX-38-63,63,38.1,28.380,BaF2,9.4,0
LEN,IS,IR,BF-PX-38-75,75,38.1,33.870,BaF2,7.9,0
LEN,IS,IR,BF-PX-38-100,100,38.1,45.080,BaF2,6.3,0
LEN,IS,IR,BF-PX-38-150,150,38.1,67.570,BaF2,4.7,0
LEN,IS,IR,BF-PX-38-200,200,38.1,90.200,BaF2,4.0,0
LEN,IS,IR,BF-PX-38-250,250,38.1,112.720,BaF2,3.6,0
LEN,IS,IR,BF-PX-38-500,500,38.1,224.900,BaF2,2.8,0
LEN,IS,IR,BF-PX-38-1000,1000,38.1,449.500,BaF2,2.4,0
LEN,IS,IR,BF-PX-38-2000,2000,38.1,899.500,BaF2,2.3,0
LEN,IS,IR,BF-PX-50-75,75,50.8,33.870,BaF2,14.0,0
LEN,IS,IR,BF-PX-50-100,100,50.8,45.080,BaF2,10.5,0
LEN,IS,IR,BF-PX-50-150,150,50.8,67.570,BaF2,7.4,0
LEN,IS,IR,BF-PX-50-200,200,50.8,90.200,BaF2,6.1,0
LEN,IS,IR,BF-PX-50-250,250,50.8,112.720,BaF2,5.4,0
LEN,IS,IR,BF-PX-50-500,500,50.8,224.900,BaF2,3.9,0
LEN,IS,IR,BF-PX-50-1000,1000,50.8,449.500,BaF2,3.2,0
LEN,IS,IR,BF-PX-50-2000,2000,50.8,899.500,BaF2,2.8,0
LEN,IS,IR,BF-BX-12-12,12.7,12.7,10.471,BaF2,5.8,-10.471
LEN,IS,IR,BF-BX-12-25,25.4,12.7,22.340,BaF2,3.3,-22.34
LEN,IS,IR,BF-BX-12-50,50.8,12.7,45.430,BaF2,2.4,-45.43
LEN,IS,IR,BF-BX-12-76,76.2,12.7,68.390,BaF2,2.1,-68.39
LEN,IS,IR,BF-BX-25-25,25.4,25.4,21.230,BaF2,10.5,-21.23
LEN,IS,IR,BF-BX-25-50,50.8,25.4,44.870,BaF2,5.7,-44.87
LEN,IS,IR,BF-BX-25-63,63.5,25.4,56.490,BaF2,4.9,-56.49
LEN,IS,IR,BF-BX-25-76,76.2,25.4,67.920,BaF2,4.4,-67.92
LEN,IS,IR,BF-BX-25-100,100.0,25.4,89.540,BaF2,3.8,-89.54
LEN,IS,IR,BF-BX-25-150,150.0,25.4,134.900,BaF2,3.2,-134.9
LEN,IS,IR,BF-BX-38-38,38.1,38.1,31.840,BaF2,15.2,-31.84
LEN,IS,IR,BF-BX-38-50,50.8,38.1,43.950,BaF2,11.2,-43.95
LEN,IS,IR,BF-BX-38-63,63.5,38.1,55.850,BaF2,9.2,-55.85
LEN,IS,IR,BF-BX-38-76,76.2,38.1,67.450,BaF2,8.0,-67.45
LEN,IS,IR,BF-BX-38-100,100.0,38.1,89.130,BaF2,6.6,-89.13
LEN,IS,IR,BF-BX-38-150,150.0,38.1,134.280,BaF2,5.2,-134.28
LEN,IS,IR,BF-BX-50-50,50.8,50.8,42.560,BaF2,19.8,-42.56
LEN,IS,IR,BF-BX-50-76,76.2,50.8,66.620,BaF2,13.1,-66.62
LEN,IS,IR,BF-BX-50-100,100.0,50.8,88.510,BaF2,10.4,-88.51
LEN,IS,IR,BF-BX-50-150,150.0,50.8,134.220,BaF2,7.9,-134.22
LEN,IS,IR,BF-BX-50-200,200.0,50.8,179.470,BaF2,6.6,-179.47
LEN,IS,IR,BF-BX-50-250,250.0,50.8,224.900,BaF2,5.9,-224.9
LEN,IS,IR,BF-BX-50-500,500.0,50.8,449.800,BaF2,4.4,-449.8
LEN,IS,IR,BF-BX-76-150,150.0,76.2,132.980,BaF2,14.6,-132.98
LEN,IS,IR,BF-BX-76-200,200.0,76.2,178.650,BaF2,11.7,-178.65
LEN,IS,IR,BF-BX-76-250,250.0,76.2,224.000,BaF2,10.0,-224
LEN,IS,IR,BF-BX-76-500,500.0,76.2,449.800,BaF2,6.7,-449.8
LEN,IS,IR,CF-PX-12-25,25,12.7,10.00,CaF2,4.3,0
LEN,IS,IR,CF-PX-12-50,50,12.7,20.00,CaF2,3.0,0
LEN,IS,IR,CF-PX-12-75,75,12.7,29.99,CaF2,2.7,0
LEN,IS,IR,CF-PX-25-50,50,25.4,20.00,CaF2,6.4,0
LEN,IS,IR,CF-PX-25-63,63,25.4,25.10,CaF2,5.4,0
LEN,IS,IR,CF-PX-25-75,75,25.4,29.99,CaF2,4.8,0
LEN,IS,IR,CF-PX-25-100,100,25.4,39.99,CaF2,4.1,0
LEN,IS,IR,CF-PX-25-150,150,25.4,59.98,CaF2,3.4,0
LEN,IS,IR,CF-PX-25-200,200,25.4,79.98,CaF2,3.0,0
LEN,IS,IR,CF-PX-25-250,250,25.4,100.00,CaF2,2.8,0
LEN,IS,IR,CF-PX-25-500,500,25.4,199.99,CaF2,2.4,0
LEN,IS,IR,CF-PX-25-1000,1000,25.4,399.90,CaF2,2.2,0
LEN,IS,IR,CF-PX-25-2000,2000,25.4,799.80,CaF2,2.1,0
LEN,IS,IR,CF-PX-38-50,50,38.1,20.00,CaF2,16.0,0
LEN,IS,IR,CF-PX-38-63,63,38.1,25.10,CaF2,10.7,0
LEN,IS,IR,CF-PX-38-75,75,38.1,29.99,CaF2,8.9,0
LEN,IS,IR,CF-PX-38-100,100,38.1,39.99,CaF2,6.8,0
LEN,IS,IR,CF-PX-38-150,150,38.1,59.98,CaF2,5.0,0
LEN,IS,IR,CF-PX-38-200,200,38.1,79.98,CaF2,4.3,0
LEN,IS,IR,CF-PX-38-250,250,38.1,100.00,CaF2,3.8,0
LEN,IS,IR,CF-PX-38-500,500,38.1,199.99,CaF2,2.9,0
LEN,IS,IR,CF-PX-38-1000,1000,38.1,399.90,CaF2,2.5,0
LEN,IS,IR,CF-PX-38-2000,2000,38.1,799.80,CaF2,2.2,0
LEN,IS,IR,CF-PX-50-75,75,50.8,29.99,CaF2,16.5,0
LEN,IS,IR,CF-PX-50-100,100,50.8,39.99,CaF2,11.6,0
LEN,IS,IR,CF-PX-50-150,150,50.8,59.98,CaF2,8.1,0
LEN,IS,IR,CF-PX-50-200,200,50.8,79.98,CaF2,6.6,0
LEN,IS,IR,CF-PX-50-250,250,50.8,100.00,CaF2,5.8,0
LEN,IS,IR,CF-PX-50-500,500,50.8,199.99,CaF2,4.1,0
LEN,IS,IR,CF-PX-50-1000,1000,50.8,399.90,CaF2,3.3,0
LEN,IS,IR,CF-PX-50-2000,2000,50.8,799.80,CaF2,2.9,0
LEN,IS,IR,CF-PX-76-150,150,76.2,59.98,CaF2,16.6,0
LEN,IS,IR,CF-PX-76-200,200,76.2,79.98,CaF2,12.7,0
LEN,IS,IR,CF-PX-76-250,250,76.2,100.00,CaF2,10.5,0
LEN,IS,IR,CF-PX-76-500,500,76.2,199.99,CaF2,6.7,0
LEN,IS,IR,CF-PX-76-1000,1000,76.2,399.90,CaF2,4.8,0
LEN,IS,IR,CF-PX-76-2000,2000,76.2,799.80,CaF2,4.0,0
LEN,IS,IR,CF-PC-12-25,-25.4,12.7,10.209,CaF2,3.7,0
LEN,IS,IR,CF-PC-12-50,-50.8,12.7,20.460,CaF2,2.5,0
LEN,IS,IR,CF-PC-12-76,-76.2,12.7,30.690,CaF2,2.2,0
LEN,IS,IR,CF-PC-25-50,-50.8,25.4,20.460,CaF2,6.4,0
LEN,IS,IR,CF-PC-25-63,-63.5,25.4,25.590,CaF2,5.4,0
LEN,IS,IR,CF-PC-25-76,-76.2,25.4,30.698,CaF2,4.8,0
LEN,IS,IR,CF-PC-25-100,-100.0,25.4,40.350,CaF2,4.0,0
LEN,IS,IR,CF-PC-38-50,-50.8,38.1,20.460,CaF2,15.5,0
LEN,IS,IR,CF-PC-38-63,-63.5,38.1,25.590,CaF2,11.0,0
LEN,IS,IR,CF-PC-38-76,-76.2,38.1,30.698,CaF2,9.1,0
LEN,IS,IR,CF-PC-38-100,-100.0,38.1,40.350,CaF2,7.1,0
LEN,IS,IR,CF-PC-50-76,-76.2,50.8,30.698,CaF2,13.0,0
LEN,IS,IR,CF-PC-50-100,-100.0,50.8,40.350,CaF2,12.0,0
LEN,IS,IR,CF-PC-50-200,-200.0,50.8,80.540,CaF2,7.1,0
LEN,IS,IR,CF-PC-50-500,-500.0,50.8,200.420,CaF2,4.6,0
LEN,IS,IR,CF-BX-12-12,12.7,12.7,9.078,CaF2,6.7,-9.078
LEN,IS,IR,CF-BX-12-25,25.4,12.7,19.770,CaF2,3.6,-19.77
LEN,IS,IR,CF-BX-12-50,50.8,12.7,40.090,CaF2,2.5,-40.09
LEN,IS,IR,CF-BX-12-76,76.2,12.7,60.530,CaF2,2.2,-60.53
LEN,IS,IR,CF-BX-25-25,25.4,25.4,18.365,CaF2,12.2,-18.365
LEN,IS,IR,CF-BX-25-50,50.8,25.4,39.610,CaF2,6.2,-39.61
LEN,IS,IR,CF-BX-25-63,63.5,25.4,49.890,CaF2,5.3,-49.89
LEN,IS,IR,CF-BX-25-76,76.2,25.4,60.120,CaF2,4.7,-60.12
LEN,IS,IR,CF-BX-25-100,100.0,25.4,79.070,CaF2,4.1,-79.07
LEN,IS,IR,CF-BX-25-150,150.0,25.4,119.120,CaF2,3.4,-119.12
LEN,IS,IR,CF-BX-38-38,38.1,38.1,27.610,CaF2,17.7,-27.61
LEN,IS,IR,CF-BX-38-50,50.8,38.1,38.640,CaF2,12.5,-38.64
LEN,IS,IR,CF-BX-38-63,63.5,38.1,49.090,CaF2,10.2,-49.09
LEN,IS,IR,CF-BX-38-76,76.2,38.1,59.430,CaF2,8.8,-59.43
LEN,IS,IR,CF-BX-38-100,100.0,38.1,78.890,CaF2,7.2,-78.89
LEN,IS,IR,CF-BX-38-150,150.0,38.1,118.850,CaF2,5.6,-118.85
LEN,IS,IR,CF-BX-50-50,50.8,50.8,36.900,CaF2,23.3,-36.9
LEN,IS,IR,CF-BX-50-76,76.2,50.8,58.730,CaF2,14.6,-58.73
LEN,IS,IR,CF-BX-50-100,100.0,50.8,78.125,CaF2,11.5,-78.125
LEN,IS,IR,CF-BX-50-150,150.0,50.8,118.580,CaF2,8.5,-118.58
LEN,IS,IR,CF-BX-50-200,200.0,50.8,158.490,CaF2,7.1,-158.49
LEN,IS,IR,CF-BX-50-250,250.0,50.8,199.070,CaF2,6.3,-199.07
LEN,IS,IR,CF-BX-50-500,500.0,50.8,398.100,CaF2,4.6,-398.1
LEN,IS,IR,CF-BX-76-150,150.0,76.2,117.220,CaF2,15.7,-117.22
LEN,IS,IR,CF-BX-76-200,200.0,76.2,157.760,CaF2,12.3,-157.76
LEN,IS,IR,CF-BX-76-250,250.0,76.2,197.700,CaF2,10.4,-197.7
LEN,IS,IR,CF-BX-76-500,500.0,76.2,398.100,CaF2,6.7,-398.1
LEN,IS,IR,QI-PX-25-38,38.1,25.4,17.258,SILICA,7.1,0
LEN,IS,IR,QI-PX-25-50,50.8,25.4,22.810,SILICA,5.4,0
LEN,IS,IR,QI-PX-25-76,76.2,25.4,34.420,SILICA,3.9,0
LEN,IS,IR,QI-PX-25-101,101.6,25.4,45.600,SILICA,3.3,0
LEN,IS,IR,QI-PX-25-127,127.0,25.4,57.150,SILICA,2.9,0
LEN,IS,IR,QI-PX-25-152,152.4,25.4,68.680,SILICA,2.7,0
LEN,IS,IR,QI-PX-25-177,177.8,25.4,79.980,SILICA,2.5,0
LEN,IS,IR,QI-PX-25-203,203.2,25.4,91.200,SILICA,2.4,0
LEN,IS,IR,QI-PX-25-254,254.0,25.4,114.820,SILICA,2.2,0
LEN,IS,IR,QI-PX-25-304,304.8,25.4,137.500,SILICA,2.1,0
LEN,IS,IR,QI-PX-38-50,50.8,38.1,22.810,SILICA,11.8,0
LEN,IS,IR,QI-PX-38-76,76.2,38.1,34.420,SILICA,7.3,0
LEN,IS,IR,QI-PX-38-101,101.6,38.1,45.600,SILICA,5.7,0
LEN,IS,IR,QI-PX-38-127,127.0,38.1,57.150,SILICA,4.8,0
LEN,IS,IR,QI-PX-38-152,152.4,38.1,68.680,SILICA,4.2,0
LEN,IS,IR,QI-PX-38-177,177.8,38.1,79.980,SILICA,3.8,0
LEN,IS,IR,QI-PX-38-203,203.2,38.1,91.200,SILICA,3.5,0
LEN,IS,IR,QI-PX-38-254,254.0,38.1,114.820,SILICA,3.1,0
LEN,IS,IR,QI-PX-38-304,304.8,38.1,137.500,SILICA,2.8,0
LEN,IS,IR,QI-PX-50-76,76.2,50.8,34.420,SILICA,13.6,0
LEN,IS,IR,QI-PX-50-101,101.6,50.8,45.600,SILICA,10.2,0
LEN,IS,IR,QI-PX-50-127,127.0,50.8,57.150,SILICA,8.5,0
LEN,IS,IR,QI-PX-50-152,152.4,50.8,68.680,SILICA,7.4,0
LEN,IS,IR,QI-PX-50-177,177.8,50.8,79.980,SILICA,6.6,0
LEN,IS,IR,QI-PX-50-203,203.2,50.8,91.200,SILICA,6.1,0
LEN,IS,IR,QI-PX-50-254,254.0,50.8,114.820,SILICA,5.3,0
LEN,IS,IR,QI-PX-50-304,304.8,50.8,137.500,SILICA,4.9,0
LEN,IS,IR,QU-PX-12-25,25.4,12.7,11.66,SILICA,3.4,0
LEN,IS,IR,QU-PX-12-38,38.1,12.7,17.53,SILICA,2.7,0
LEN,IS,IR,QU-PX-12-50,50.8,12.7,23.39,SILICA,2.4,0
LEN,IS,IR,QU-PX-12-76,76.2,12.7,35.08,SILICA,2.1,0
LEN,IS,IR,QU-PX-12-101,101.6,12.7,46.77,SILICA,1.9,0
LEN,IS,IR,QU-PX-12-127,127.0,12.7,58.35,SILICA,1.8,0
LEN,IS,IR,QU-PX-12-152,152.4,12.7,70.15,SILICA,1.8,0
LEN,IS,IR,QU-PX-12-177,177.8,12.7,81.85,SILICA,1.7,0
LEN,IS,IR,QU-PX-12-203,203.2,12.7,93.66,SILICA,1.7,0
LEN,IS,IR,QU-PX-12-254,254.0,12.7,116.97,SILICA,1.7,0
LEN,IS,IR,QU-PX-12-304,304.8,12.7,139.96,SILICA,1.6,0
LEN,IS,IR,QU-PX-25-38,38.1,25.4,17.53,SILICA,7.0,0
LEN,IS,IR,QU-PX-25-50,50.8,25.4,23.39,SILICA,5.3,0
LEN,IS,IR,QU-PX-25-76,76.2,25.4,35.08,SILICA,3.9,0
LEN,IS,IR,QU-PX-25-101,101.6,25.4,46.77,SILICA,3.3,0
LEN,IS,IR,QU-PX-25-127,127.0,25.4,58.35,SILICA,2.9,0
LEN,IS,IR,QU-PX-25-152,152.4,25.4,70.15,SILICA,2.7,0
LEN,IS,IR,QU-PX-25-177,177.8,25.4,81.85,SILICA,2.5,0
LEN,IS,IR,QU-PX-25-203,203.2,25.4,93.66,SILICA,2.4,0
LEN,IS,IR,QU-PX-25-254,254.0,25.4,116.97,SILICA,2.2,0
LEN,IS,IR,QU-PX-25-304,304.8,25.4,139.96,SILICA,2.1,0
LEN,IS,IR,QU-PX-38-50,50.8,38.1,23.39,SILICA,11.4,0
LEN,IS,IR,QU-PX-38-76,76.2,38.1,35.08,SILICA,7.2,0
LEN,IS,IR,QU-PX-38-101,101.6,38.1,46.77,SILICA,5.6,0
LEN,IS,IR,QU-PX-38-127,127.0,38.1,58.35,SILICA,4.7,0
LEN,IS,IR,QU-PX-38-152,152.4,38.1,70.15,SILICA,4.1,0
LEN,IS,IR,QU-PX-38-177,177.8,38.1,81.85,SILICA,3.8,0
LEN,IS,IR,QU-PX-38-203,203.2,38.1,93.66,SILICA,3.5,0
LEN,IS,IR,QU-PX-38-254,254.0,38.1,116.97,SILICA,3.1,0
LEN,IS,IR,QU-PX-38-304,304.8,38.1,139.96,SILICA,2.8,0
LEN,IS,IR,QU-PX-50-76,76.2,50.8,35.08,SILICA,13.4,0
LEN,IS,IR,QU-PX-50-101,101.6,50.8,46.77,SILICA,10.0,0
LEN,IS,IR,QU-PX-50-127,127.0,50.8,58.35,SILICA,8.3,0
LEN,IS,IR,QU-PX-50-152,152.4,50.8,70.15,SILICA,7.3,0
LEN,IS,IR,QU-PX-50-177,177.8,50.8,81.85,SILICA,6.5,0
LEN,IS,IR,QU-PX-50-203,203.2,50.8,93.66,SILICA,6.0,0
LEN,IS,IR,QU-PX-50-254,254.0,50.8,116.97,SILICA,5.3,0
LEN,IS,IR,QU-PX-50-304,304.8,50.8,139.96,SILICA,4.8,0
LEN,IS,IR,QU-PC-12-25,-25.4,12.7,11.641,SILICA,2.9,0
LEN,IS,IR,QU-PC-12-38,-38.1,12.7,17.458,SILICA,2.2,0
LEN,IS,IR,QU-PC-12-50,-50.8,12.7,23.280,SILICA,1.9,0
LEN,IS,IR,QU-PC-12-101,-101.6,12.7,46.560,SILICA,1.4,0
LEN,IS,IR,QU-PC-12-127,-127.0,12.7,58.225,SILICA,1.8,0
LEN,IS,IR,QU-PC-12-152,-152.4,12.7,69.820,SILICA,1.8,0
LEN,IS,IR,QU-PC-12-177,-177.8,12.7,81.660,SILICA,1.7,0
LEN,IS,IR,QU-PC-12-203,-203.2,12.7,93.110,SILICA,1.7,0
LEN,IS,IR,QU-PC-12-254,-254.0,12.7,116.410,SILICA,1.7,0
LEN,IS,IR,QU-PC-12-304,-304.8,12.7,139.640,SILICA,1.6,0
LEN,IS,IR,QU-PC-25-38,-38.1,25.4,17.458,SILICA,6.5,0
LEN,IS,IR,QU-PC-25-50,-50.8,25.4,23.280,SILICA,4.8,0
LEN,IS,IR,QU-PC-25-63,-63.5,25.4,29.110,SILICA,3.9,0
LEN,IS,IR,QU-PC-25-76,-76.2,25.4,34.920,SILICA,3.9,0
LEN,IS,IR,QU-PC-25-100,-100.6,25.4,46.560,SILICA,3.3,0
LEN,IS,IR,QU-PC-25-127,-127.0,25.4,58.225,SILICA,2.9,0
LEN,IS,IR,QU-PC-25-152,-152.4,25.4,69.820,SILICA,2.7,0
LEN,IS,IR,QU-PC-25-177,-177.8,25.4,81.660,SILICA,2.5,0
LEN,IS,IR,QU-PC-25-203,-203.2,25.4,93.110,SILICA,2.9,0
LEN,IS,IR,QU-PC-25-254,-254.0,25.4,116.410,SILICA,2.7,0
LEN,IS,IR,QU-PC-25-304,-304.8,25.4,139.640,SILICA,2.6,0
LEN,IS,IR,QU-PC-38-50,-50.8,38.1,23.280,SILICA,10.9,0
LEN,IS,IR,QU-PC-38-63,-63.5,38.1,29.110,SILICA,8.1,0
LEN,IS,IR,QU-PC-38-76,-76.2,38.1,34.920,SILICA,6.7,0
LEN,IS,IR,QU-PC-38-100,-100.6,38.1,46.560,SILICA,5.6,0
LEN,IS,IR,GA-PX-12-25,25.4,12.7,51.64,GaAs,2.4,0
LEN,IS,IR,GA-PX-12-50,50.8,12.7,103.76,GaAs,2.2,0
LEN,IS,IR,GA-PX-12-75,76.2,12.7,157.76,GaAs,2.2,0
LEN,IS,IR,GA-PX-25-50,50.8,25.4,103.76,GaAs,2.8,0
LEN,IS,IR,GA-PX-25-63,63.5,25.4,127.35,GaAs,2.6,0
LEN,IS,IR,GA-PX-25-76,76.2,25.4,157.76,GaAs,2.5,0
LEN,IS,IR,GA-PX-25-100,100.0,25.4,205.14,GaAs,2.4,0
LEN,IS,IR,GA-PX-25-127,127.0,25.4,253.92,GaAs,2.4,0
LEN,IS,IR,GA-PX-25-150,150.0,25.4,299.90,GaAs,2.3,0
LEN,IS,IR,GA-PX-25-250,250.0,25.4,510.00,GaAs,2.2,0
LEN,IS,IR,GA-PX-25-500,500.0,25.4,1020.00,GaAs,2.1,0
LEN,IS,IR,GA-PX-38-50,50.8,38.1,103.76,GaAs,3.8,0
LEN,IS,IR,GA-PX-38-63,63.5,38.1,127.35,GaAs,3.4,0
LEN,IS,IR,GA-PX-38-76,76.2,38.1,157.76,GaAs,3.2,0
LEN,IS,IR,GA-PX-38-100,100.0,38.1,205.14,GaAs,2.9,0
LEN,IS,IR,GA-PX-38-127,127.0,38.1,253.92,GaAs,2.8,0
LEN,IS,IR,GA-PX-38-150,150.0,38.1,299.00,GaAs,2.6,0
LEN,IS,IR,GA-PX-38-200,200.0,38.1,414.00,GaAs,2.4,0
LEN,IS,IR,GA-PX-38-250,250.0,38.1,510.00,GaAs,2.4,0
LEN,IS,IR,GA-PX-38-500,500.0,38.1,1020.00,GaAs,2.2,0
LEN,IS,IR,GA-PX-50-76,76.2,50.8,157.76,GaAs,4.6,0
LEN,IS,IR,GA-PX-50-100,100.0,50.8,205.14,GaAs,4.1,0
LEN,IS,IR,GA-PX-50-127,127.0,50.8,253.92,GaAs,3.8,0
LEN,IS,IR,GA-PX-50-150,150.0,50.8,299.90,GaAs,3.6,0
LEN,IS,IR,GA-PX-50-200,200.0,50.8,414.00,GaAs,3.3,0
LEN,IS,IR,GA-PX-50-250,250.0,50.8,510.00,GaAs,3.1,0
LEN,IS,IR,GA-PX-50-500,500.0,50.8,1020.00,GaAs,2.8,0
LEN,IS,IR,GE-PX-12-25,25.4,12.7,76.05,GERM,2.3,0
LEN,IS,IR,GE-PX-12-50,50.8,12.7,151.01,GERM,2.1,0
LEN,IS,IR,GE-PX-25-50,50.8,25.4,151.01,GERM,2.5,0
LEN,IS,IR,GE-PX-25-63,63.5,25.4,188.80,GERM,2.4,0
LEN,IS,IR,GE-PX-25-76,75.0,25.4,229.10,GERM,2.4,0
LEN,IS,IR,GE-PX-25-100,100.0,25.4,299.90,GERM,2.3,0
LEN,IS,IR,GE-PX-25-127,127.0,25.4,376.70,GERM,2.2,0
LEN,IS,IR,GE-PX-25-150,150.0,25.4,452.90,GERM,2.2,0
LEN,IS,IR,GE-PX-25-200,200.0,25.4,597.16,GERM,2.2,0
LEN,IS,IR,GE-PX-25-254,254.0,25.4,748.20,GERM,2.1,0
LEN,IS,IR,GE-PX-25-500,500.0,25.4,1500.00,GERM,2.0,0
LEN,IS,IR,GE-PX-38-50,50.8,38.1,151.01,GERM,3.2,0
LEN,IS,IR,GE-PX-38-63,63.5,38.1,188.80,GERM,3.0,0
LEN,IS,IR,GE-PX-38-76,75.0,38.1,229.10,GERM,2.8,0
LEN,IS,IR,GE-PX-38-100,100.0,38.1,299.90,GERM,2.6,0
LEN,IS,IR,GE-PX-38-127,127.0,38.1,376.70,GERM,2.5,0
LEN,IS,IR,GE-PX-38-150,150.0,38.1,452.90,GERM,2.4,0
LEN,IS,IR,GE-PX-38-200,200.0,38.1,597.16,GERM,2.3,0
LEN,IS,IR,GE-PX-38-254,254.0,38.1,748.20,GERM,2.2,0
LEN,IS,IR,GE-PX-38-500,500.0,38.1,1500.00,GERM,2.1,0
LEN,IS,IR,GE-PX-38-1000,1000.0,38.1,2965.00,GERM,2.0,0
LEN,IS,IR,GE-PX-38-2000,2000.0,38.1,5929.00,GERM,2.0,0
LEN,IS,IR,GE-PX-50-76,75.0,50.8,229.10,GERM,4.0,0
LEN,IS,IR,GE-PX-50-100,100.0,50.8,299.90,GERM,3.6,0
LEN,IS,IR,GE-PX-50-127,127.0,50.8,376.70,GERM,3.3,0
LEN,IS,IR,GE-PX-50-150,150.0,50.8,452.90,GERM,3.2,0
LEN,IS,IR,GE-PX-50-200,200.0,50.8,597.16,GERM,3.0,0
LEN,IS,IR,GE-PX-50-254,254.0,50.8,748.20,GERM,2.9,0
LEN,IS,IR,GE-PX-50-300,300.0,50.8,855.10,GERM,2.9,0
LEN,IS,IR,GE-PX-50-500,500.0,50.8,1500.00,GERM,2.7,0
LEN,IS,IR,GE-PX-50-1000,1000.0,50.8,2965.00,GERM,2.6,0
LEN,IS,IR,GE-PX-50-2000,2000.0,50.8,5929.00,GERM,2.5,0
LEN,IS,IR,GE-PX-76-150,150.0,76.2,452.90,GERM,4.7,0
LEN,IS,IR,GE-PX-76-200,200.0,76.2,597.16,GERM,4.3,0
LEN,IS,IR,GE-PX-76-250,254.0,76.2,748.20,GERM,4.0,0
LEN,IS,IR,GE-PX-76-500,500.0,76.2,1500.00,GERM,3.5,0
LEN,IS,IR,GE-PX-76-1000,1000.0,76.2,2965.00,GERM,3.3,0
LEN,IS,IR,GE-PX-76-2000,2000.0,76.2,5929.00,GERM,3.2,0
LEN,IS,IR,GE-PM-12-12,13.0,12.7,22.96,GERM,2.5,15.59
LEN,IS,IR,GE-PM-12-25,25.0,12.7,40.27,GERM,2.0,27.13
LEN,IS,IR,GE-PM-12-50,50.0,12.7,79.43,GERM,2.0,52.84
LEN,IS,IR,GE-PM-25-25,25.0,25.4,37.15,GERM,3.0,26.30
LEN,IS,IR,GE-PM-25-38,38.0,25.4,53.95,GERM,2.7,38.04
LEN,IS,IR,GE-PM-25-50,50.0,25.4,74.47,GERM,3.0,51.45
LEN,IS,IR,GE-PM-25-63,63.5,25.4,93.11,GERM,3.0,63.68
LEN,IS,IR,GE-PM-25-76,75.0,25.4,104.23,GERM,2.8,72.78
LEN,IS,IR,GE-PM-25-100,100.0,25.4,161.06,GERM,3.0,106.15
LEN,IS,IR,GE-PM-25-127,127.0,25.4,187.07,GERM,2.9,127.35
LEN,IS,IR,GE-PM-38-38,38.0,38.1,52.36,GERM,4.5,38.04
LEN,IS,IR,GE-PM-38-50,50.0,38.1,77.62,GERM,4.5,53.33
LEN,IS,IR,GE-PM-38-63,63.5,38.1,87.30,GERM,3.9,61.94
LEN,IS,IR,GE-PM-38-76,75.0,38.1,109.65,GERM,4.5,76.03
LEN,IS,IR,GE-PM-38-100,100.0,38.1,151.05,GERM,4.3,102.33
LEN,IS,IR,GE-PM-38-127,127.0,38.1,187.07,GERM,4.5,127.35
LEN,IS,IR,GE-PM-38-150,150.0,38.1,223.40,GERM,4.4,151.36
LEN,IS,IR,GE-PM-38-200,200.0,38.1,290.40,GERM,4.5,100.07
LEN,IS,IR,GE-PM-50-50,50.0,50.8,65.77,GERM,5.2,48.53
LEN,IS,IR,GE-PM-50-63,63.0,50.8,86.70,GERM,5.1,61.94
LEN,IS,IR,GE-PM-50-76,75.0,50.8,106.17,GERM,5.4,74.64
LEN,IS,IR,GE-PM-50-100,100.0,50.8,139.64,GERM,5.8,98.40
LEN,IS,IR,GE-PM-50-127,127.0,50.8,187.07,GERM,5.2,127.35
LEN,IS,IR,GE-PM-50-150,150.0,50.8,200.40,GERM,5.3,141.25
LEN,IS,IR,GE-PM-50-200,200.0,50.8,290.40,GERM,5.2,199.07
LEN,IS,IR,GE-NM-12-12,-13.0,12.7,12.65,GERM,2.0,20.80
LEN,IS,IR,GE-NM-12-25,-25.0,12.7,25.40,GERM,2.1,40.74
LEN,IS,IR,GE-NM-12-50,-50.0,12.7,51.98,GERM,2.2,81.85
LEN,IS,IR,GE-NM-25-25,-25.0,25.4,23.66,GERM,3.0,37.67
LEN,IS,IR,GE-NM-25-38,-38.0,25.4,39.61,GERM,2.9,63.39
LEN,IS,IR,GE-NM-25-50,-50.0,25.4,48.31,GERM,3.1,74.64
LEN,IS,IR,GE-NM-25-63,-63.5,25.4,65.77,GERM,3.0,103.75
LEN,IS,IR,GE-NM-25-76,-75.0,25.4,74.47,GERM,2.9,114.82
LEN,IS,IR,GE-NM-25-100,-100.0,25.4,107.65,GERM,3.2,172.58
LEN,IS,IR,GE-NM-25-127,-127.0,25.4,127.98,GERM,3.2,197.70
LEN,IS,IR,GE-NM-38-38,-38.0,38.1,32.66,GERM,5.0,51.35
LEN,IS,IR,GE-NM-38-50,-50.0,38.1,48.08,GERM,4.9,76.03
LEN,IS,IR,GE-NM-38-63,-63.5,38.1,65.77,GERM,4.9,106.17
LEN,IS,IR,GE-NM-38-76,-75.0,38.1,71.12,GERM,4.8,109.14
LEN,IS,IR,GE-NM-38-100,-100.0,38.1,93.11,GERM,4.8,139.90
LEN,IS,IR,GE-NM-38-127,-127.0,38.1,127.98,GERM,4.8,199.08
LEN,IS,IR,GE-NM-38-150,-150.0,38.1,147.25,GERM,4.7,223.40
LEN,IS,IR,GE-NM-50-50,-50.0,50.8,48.08,GERM,5.1,76.03
LEN,IS,IR,GE-NM-50-63,-63.0,50.8,65.77,GERM,5.1,106.17
LEN,IS,IR,GE-NM-50-76,-75.0,50.8,71.12,GERM,5.1,109.14
LEN,IS,IR,GE-NM-50-100,-100.0,50.8,93.11,GERM,5.2,141.25
LEN,IS,IR,GE-NM-50-127,-127.0,50.8,127.98,GERM,5.3,199.08
LEN,IS,IR,GE-NM-50-150,-150.0,50.8,147.25,GERM,4.7,223.40
LEN,IS,IR,GE-NM-50-200,-200.0,50.8,219.30,GERM,4.7,349.90
LEN,IS,IR,KB-PX-12-25,25.4,12.7,13.336,KBr,3.6,0
LEN,IS,IR,KB-PX-12-50,50.8,12.7,26.670,KBr,2.8,0
LEN,IS,IR,KB-PX-12-76,76.2,12.7,39.990,KBr,2.5,0
LEN,IS,IR,KB-PX-25-50,50.8,25.4,26.670,KBr,5.8,0
LEN,IS,IR,KB-PX-25-63,63.5,25.4,33.340,KBr,5.0,0
LEN,IS,IR,KB-PX-25-76,76.2,25.4,39.990,KBr,4.6,0
LEN,IS,IR,KB-PX-25-100,100.0,25.4,52.820,KBr,4.1,0
LEN,IS,IR,KB-PX-25-150,150.0,25.4,79.070,KBr,3.6,0
LEN,IS,IR,KB-PX-25-200,200.0,25.4,105.000,KBr,3.3,0
LEN,IS,IR,KB-PX-25-250,250.0,25.4,131.220,KBr,3.2,0
LEN,IS,IR,KB-PX-25-500,500.0,25.4,262.400,KBr,2.9,0
LEN,IS,IR,KB-PX-38-50,50.8,38.1,26.670,KBr,11.0,0
LEN,IS,IR,KB-PX-38-63,63.5,38.1,33.340,KBr,9.0,0
LEN,IS,IR,KB-PX-38-76,76.2,38.1,39.990,KBr,7.9,0
LEN,IS,IR,KB-PX-38-100,100.0,38.1,52.820,KBr,6.6,0
LEN,IS,IR,KB-PX-38-150,150.0,38.1,79.070,KBr,5.4,0
LEN,IS,IR,KB-PX-38-200,200.0,38.1,105.000,KBr,4.8,0
LEN,IS,IR,KB-PX-38-250,250.0,38.1,131.220,KBr,4.4,0
LEN,IS,IR,KB-PX-38-500,500.0,38.1,262.400,KBr,3.7,0
LEN,IS,IR,KB-PX-38-1000,1000.0,38.1,529.700,KBr,3.4,0
LEN,IS,IR,KB-PX-38-2000,2000.0,38.1,1052.000,KBr,3.2,0
LEN,IS,IR,KB-PX-50-76,76.2,50.8,39.990,KBr,13.2,0
LEN,IS,IR,KB-PX-50-100,100.0,50.8,52.820,KBr,10.5,0
LEN,IS,IR,KB-PX-50-150,150.0,50.8,79.070,KBr,8.2,0
LEN,IS,IR,KB-PX-50-200,200.0,50.8,105.000,KBr,7.0,0
LEN,IS,IR,KB-PX-50-250,250.0,50.8,131.220,KBr,6.5,0
LEN,IS,IR,KB-PX-50-500,500.0,50.8,262.400,KBr,5.3,0
LEN,IS,IR,KB-PX-50-1000,1000.0,50.8,529.700,KBr,4.6,0
LEN,IS,IR,KB-PX-50-2000,2000.0,50.8,1052.000,KBr,4.3,0
LEN,IS,IR,KB-PX-76-150,150.0,76.2,79.070,KBr,15.0,0
LEN,IS,IR,KB-PX-76-200,200.0,76.2,105.000,KBr,12.7,0
LEN,IS,IR,KB-PX-76-250,250.0,76.2,131.220,KBr,11.2,0
LEN,IS,IR,KB-PX-76-500,500.0,76.2,262.400,KBr,8.3,0
LEN,IS,IR,KB-PX-76-1000,1000.0,76.2,529.700,KBr,6.4,0
LEN,IS,IR,KB-PX-76-2000,2000.0,76.2,1052.000,KBr,5.7,0
LEN,IS,IR,KB-BX-12-12,12.7,12.7,12.06,KBr,5.1,-12.06
LEN,IS,IR,KB-BX-12-25,25.4,12.7,26.12,KBr,3.1,-26.12
LEN,IS,IR,KB-BX-12-50,50.8,12.7,52.97,KBr,2.3,-52.97
LEN,IS,IR,KB-BX-12-76,76.2,12.7,79.80,KBr,2.0,-79.8
LEN,IS,IR,KB-BX-25-25,25.4,25.4,25.03,KBr,8.9,-25.03
LEN,IS,IR,KB-BX-25-50,50.8,25.4,52.48,KBr,5.2,-52.48
LEN,IS,IR,KB-BX-25-63,63.5,25.4,66.07,KBr,4.5,-66.07
LEN,IS,IR,KB-BX-25-76,76.2,25.4,79.07,KBr,4.0,-79.07
LEN,IS,IR,KB-BX-25-100,100.0,25.4,104.47,KBr,3.5,-104.47
LEN,IS,IR,KB-BX-38-38,38.1,38.1,37.69,KBr,12.8,-37.69
LEN,IS,IR,KB-PX-38-50,50.8,38.1,51.64,KBr,9.8,-51.64
LEN,IS,IR,KB-BX-38-63,63.5,38.1,65.31,KBr,8.2,-65.31
LEN,IS,IR,KB-BX-38-76,76.2,38.1,78.89,KBr,7.2,-78.89
LEN,IS,IR,KB-BX-38-100,100.0,38.1,103.99,KBr,6.0,-103.99
LEN,IS,IR,KB-BX-38-150,150.0,38.1,156.68,KBr,4.8,-156.68
LEN,IS,IR,KB-BX-50-50,50.8,50.8,50.23,KBr,16.8,-50.23
LEN,IS,IR,KB-BX-50-76,76.2,50.8,77.98,KBr,11.5,-77.98
LEN,IS,IR,KB-BX-50-100,100.0,50.8,103.51,KBr,9.3,-103.51
LEN,IS,IR,KB-BX-50-150,150.0,50.8,156.38,KBr,7.2,-156.38
LEN,IS,IR,KB-BX-50-200,200.0,50.8,208.90,KBr,6.1,-208.9
LEN,IS,IR,KB-BX-50-250,250.0,50.8,261.80,KBr,5.5,-261.8
LEN,IS,IR,KB-BX-50-500,500.0,50.8,521.20,KBr,4.2,-521.2
LEN,IS,IR,KB-BX-76-150,150.0,76.2,155.24,KBr,13.0,-155.24
LEN,IS,IR,KB-BX-76-200,200.0,76.2,108.00,KBr,10.0,-108
LEN,IS,IR,KB-BX-76-250,250.0,76.2,260.60,KBr,9.1,-260.6
LEN,IS,IR,KB-BX-76-500,500.0,76.2,521.20,KBr,6.3,-521.2
LEN,IS,IR,KC-PX-12-25,25.4,12.7,11.508,KCl,4.0,0
LEN,IS,IR,KC-PX-12-50,50.8,12.7,23.120,KCl,2.9,0
LEN,IS,IR,KC-PX-12-76,76.2,12.7,34.630,KCl,2.6,0
LEN,IS,IR,KC-PX-25-50,50.8,25.4,23.120,KCl,6.3,0
LEN,IS,IR,KC-PX-25-63,63.5,25.4,28.840,KCl,5.4,0
LEN,IS,IR,KC-PX-25-76,76.2,25.4,34.630,KCl,5.0,0
LEN,IS,IR,KC-PX-25-100,100.0,25.4,45.600,KCl,4.3,0
LEN,IS,IR,KC-PX-25-150,150.0,25.4,68.390,KCl,3.7,0
LEN,IS,IR,KC-PX-25-200,200.0,25.4,91.200,KCl,3.4,0
LEN,IS,IR,KC-PX-25-250,250.0,25.4,113.760,KCl,3.2,0
LEN,IS,IR,KC-PX-25-500,500.0,25.4,227.590,KCl,2.9,0
LEN,IS,IR,KC-PX-38-50,50.8,38.1,23.120,KCl,13.0,0
LEN,IS,IR,KC-PX-38-63,63.5,38.1,28.840,KCl,10.2,0
LEN,IS,IR,KC-PX-38-76,76.2,38.1,34.630,KCl,8.7,0
LEN,IS,IR,KC-PX-38-100,100.0,38.1,45.600,KCl,7.2,0
LEN,IS,IR,KC-PX-38-150,150.0,38.1,68.390,KCl,5.7,0
LEN,IS,IR,KC-PX-38-200,200.0,38.1,91.200,KCl,5.0,0
LEN,IS,IR,KC-PX-38-250,250.0,38.1,113.760,KCl,4.6,0
LEN,IS,IR,KC-PX-38-500,500.0,38.1,227.590,KCl,3.8,0
LEN,IS,IR,KC-PX-38-1000,1000.0,38.1,455.000,KCl,3.4,0
LEN,IS,IR,KC-PX-38-2000,2000.0,38.1,918.300,KCl,3.2,0
LEN,IS,IR,KC-PX-50-76,76.2,50.8,34.630,KCl,15.0,0
LEN,IS,IR,KC-PX-50-100,100.0,50.8,45.600,KCl,11.7,0
LEN,IS,IR,KC-PX-50-150,150.0,50.8,68.390,KCl,8.9,0
LEN,IS,IR,KC-PX-50-200,200.0,50.8,91.200,KCl,7.6,0
LEN,IS,IR,KC-PX-50-250,250.0,50.8,113.760,KCl,6.9,0
LEN,IS,IR,KC-PX-50-500,500.0,50.8,227.590,KCl,5.4,0
LEN,IS,IR,KC-PX-50-1000,1000.0,50.8,455.000,KCl,4.7,0
LEN,IS,IR,KC-PX-50-2000,2000.0,50.8,918.300,KCl,4.4,0
LEN,IS,IR,KC-PX-76-150,150.0,76.2,68.390,KCl,15.6,0
LEN,IS,IR,KC-PX-76-200,200.0,76.2,91.200,KCl,12.4,0
LEN,IS,IR,KC-PX-76-250,250.0,76.2,113.760,KCl,10.6,0
LEN,IS,IR,KC-PX-76-500,500.0,76.2,227.590,KCl,7.2,0
LEN,IS,IR,KC-PX-76-1000,1000.0,76.2,455.000,KCl,5.6,0
LEN,IS,IR,KC-PX-76-2000,2000.0,76.2,918.300,KCl,4.8,0
LEN,IS,IR,KC-BX-12-12,12.7,12.7,10.568,KCl,5.8,-10.568
LEN,IS,IR,KC-BX-12-25,25.4,12.7,22.590,KCl,3.3,-22.59
LEN,IS,IR,KC-BX-12-50,50.8,12.7,45.920,KCl,2.4,-45.92
LEN,IS,IR,KC-BX-12-76,76.2,12.7,69.020,KCl,2.1,-69.02
LEN,IS,IR,KC-BX-25-25,25.4,25.4,21.360,KCl,10.4,-21.36
LEN,IS,IR,KC-BX-25-50,50.8,25.4,45.290,KCl,5.7,-45.29
LEN,IS,IR,KC-BX-25-63,63.5,25.4,57.020,KCl,4.9,-57.02
LEN,IS,IR,KC-BX-25-76,76.2,25.4,68.680,KCl,4.4,-68.68
LEN,IS,IR,KC-BX-25-100,100.0,25.4,90.540,KCl,3.8,-90.54
LEN,IS,IR,KC-BX-38-38,38.1,38.1,32.140,KCl,15.0,-32.14
LEN,IS,IR,KC-BX-38-50,50.8,38.1,44.460,KCl,11.1,-44.46
LEN,IS,IR,KC-BX-38-63,63.5,38.1,56.360,KCl,9.2,-56.36
LEN,IS,IR,KC-BX-38-76,76.2,38.1,67.920,KCl,8.0,-67.92
LEN,IS,IR,KC-BX-38-100,100.0,38.1,89.950,KCl,6.6,-89.95
LEN,IS,IR,KC-BX-38-150,150.0,38.1,135.830,KCl,5.2,-135.83
LEN,IS,IR,KB-BX-50-50,50.8,50.8,42.950,KCl,19.6,-42.95
LEN,IS,IR,KB-BX-50-76,76.2,50.8,67.140,KCl,13.0,-67.14
LEN,IS,IR,KC-BX-50-100,100.0,50.8,89.330,KCl,9.9,-89.33
LEN,IS,IR,KC-BX-50-150,150.0,50.8,134.960,KCl,7.8,-134.96
LEN,IS,IR,KC-BX-50-200,200.0,50.8,181.130,KCl,6.6,-181.13
LEN,IS,IR,KC-BX-50-250,250.0,50.8,226.500,KCl,5.9,-226.5
LEN,IS,IR,KC-BX-50-500,500.0,50.8,453.900,KCl,4.4,-453.9
LEN,IS,IR,KC-BX-76-150,150.0,76.2,134.220,KCl,14.6,-134.22
LEN,IS,IR,KC-BX-76-200,200.0,76.2,180.200,KCl,11.7,-180.2
LEN,IS,IR,KC-BX-76-250,250.0,76.2,226.500,KCl,10.0,-226.5
LEN,IS,IR,KC-BX-76-500,500.0,76.2,453.900,KCl,6.7,-453.9
LEN,IS,IR,LF-PX-12-25,25,12.7,11.020,LIFUV,4.0,0
LEN,IS,IR,LF-PX-12-50,50,12.7,22.019,LIFUV,3.0,0
LEN,IS,IR,LF-PX-12-75,75,12.7,33.110,LIFUV,2.7,0
LEN,IS,IR,LF-PX-25-50,50,25.4,22.019,LIFUV,6.0,0
LEN,IS,IR,LF-PX-25-63,63,25.4,27.740,LIFUV,5.1,0
LEN,IS,IR,LF-PX-25-75,75,25.4,33.110,LIFUV,4.5,0
LEN,IS,IR,LF-PX-25-100,100,25.4,44.060,LIFUV,3.9,0
LEN,IS,IR,LF-PX-25-150,150,25.4,66.070,LIFUV,3.2,0
LEN,IS,IR,LF-PX-25-200,200,25.4,88.310,LIFUV,3.0,0
LEN,IS,IR,LF-PX-25-250,250,25.4,110.410,LIFUV,2.7,0
LEN,IS,IR,LF-PX-25-500,500,25.4,220.300,LIFUV,2.4,0
LEN,IS,IR,LF-PX-25-1000,1000,25.4,437.500,LIFUV,2.2,0
LEN,IS,IR,LF-PX-25-2000,2000,25.4,876.490,LIFUV,2.1,0
LEN,IS,IR,LF-PX-38-50,50,38.1,22.019,LIFUV,13.0,0
LEN,IS,IR,LF-PX-38-63,63,38.1,27.740,LIFUV,9.6,0
LEN,IS,IR,LF-PX-38-75,75,38.1,33.110,LIFUV,8.1,0
LEN,IS,IR,LF-PX-38-100,100,38.1,44.060,LIFUV,6.3,0
LEN,IS,IR,LF-PX-38-150,150,38.1,66.070,LIFUV,4.8,0
LEN,IS,IR,LF-PX-38-200,200,38.1,88.310,LIFUV,4.1,0
LEN,IS,IR,LF-PX-38-250,250,38.1,110.410,LIFUV,3.7,0
LEN,IS,IR,LF-PX-38-500,500,38.1,220.300,LIFUV,2.8,0
LEN,IS,IR,LF-PX-38-1000,1000,38.1,437.500,LIFUV,2.4,0
LEN,IS,IR,LF-PX-38-2000,2000,38.1,876.490,LIFUV,2.2,0
LEN,IS,IR,LF-PX-50-75,75,50.8,33.110,LIFUV,14.5,0
LEN,IS,IR,LF-PX-50-100,100,50.8,44.060,LIFUV,10.6,0
LEN,IS,IR,LF-PX-50-150,150,50.8,66.070,LIFUV,7.6,0
LEN,IS,IR,LF-PX-50-200,200,50.8,88.310,LIFUV,6.3,0
LEN,IS,IR,LF-PX-50-250,250,50.8,110.410,LIFUV,5.5,0
LEN,IS,IR,LF-PX-50-500,500,50.8,220.300,LIFUV,4.0,0
LEN,IS,IR,LF-PX-50-1000,1000,50.8,437.500,LIFUV,3.2,0
LEN,IS,IR,LF-PX-50-2000,2000,50.8,876.490,LIFUV,2.9,0
LEN,IS,IR,LF-PX-76-150,150,76.2,66.070,LIFUV,15.1,0
LEN,IS,IR,LF-PX-76-200,200,76.2,88.310,LIFUV,11.7,0
LEN,IS,IR,LF-PX-76-250,250,76.2,110.410,LIFUV,9.8,0
LEN,IS,IR,LF-PX-76-500,500,76.2,220.300,LIFUV,6.3,0
LEN,IS,IR,LF-PX-76-1000,1000,76.2,437.500,LIFUV,4.7,0
LEN,IS,IR,LF-PX-76-2000,2000,76.2,876.490,LIFUV,4.0,0
LEN,IS,IR,LF-BX-12-12,12.7,12.7,10.209,LIFUV,5.9,-10.209
LEN,IS,IR,LF-BX-12-25,25.4,12.7,21.830,LIFUV,3.4,-21.83
LEN,IS,IR,LF-BX-12-50,50.8,12.7,44.360,LIFUV,2.4,-44.36
LEN,IS,IR,LF-BX-12-76,76.2,12.7,66.810,LIFUV,2.1,-66.81
LEN,IS,IR,LF-BX-25-25,25.4,25.4,20.700,LIFUV,10.5,-20.7
LEN,IS,IR,LF-BX-25-50,50.8,25.4,43.850,LIFUV,5.7,-43.85
LEN,IS,IR,LF-BX-25-63,63.5,25.4,55.210,LIFUV,5.0,-55.21
LEN,IS,IR,LF-BX-25-76,76.2,25.4,66.530,LIFUV,4.4,-66.53
LEN,IS,IR,LF-BX-25-100,100.0,25.4,87.300,LIFUV,3.9,-87.3
LEN,IS,IR,LF-BX-25-150,150.0,25.4,131.830,LIFUV,3.2,-131.83
LEN,IS,IR,LF-BX-38-38,38.1,38.1,30.970,LIFUV,15.6,-30.97
LEN,IS,IR,LF-BX-38-50,50.8,38.1,42.950,LIFUV,11.4,-42.95
LEN,IS,IR,LF-BX-38-63,63.5,38.1,54.500,LIFUV,9.4,-54.5
LEN,IS,IR,LF-BX-38-76,76.2,38.1,65.770,LIFUV,8.1,-65.77
LEN,IS,IR,LF-BX-38-100,100.0,38.1,87.100,LIFUV,6.7,-87.1
LEN,IS,IR,LF-BX-38-150,150.0,38.1,131.220,LIFUV,5.3,-131.22
LEN,IS,IR,LF-BX-50-50,50.8,50.8,41.400,LIFUV,20.4,-41.4
LEN,IS,IR,LF-BX-50-76,76.2,50.8,53.260,LIFUV,15.9,-53.26
LEN,IS,IR,LF-BX-50-100,100.00,50.8,86.500,LIFUV,10.6,-86.5
LEN,IS,IR,LF-BX-50-150,150.00,50.8,130.920,LIFUV,8.0,-130.92
LEN,IS,IR,LF-BX-50-200,200.00,50.8,175.390,LIFUV,6.7,-175.39
LEN,IS,IR,LF-BX-50-250,250.00,50.8,220.300,LIFUV,5.9,-220.3
LEN,IS,IR,LF-BX-50-500,500.00,50.8,440.600,LIFUV,4.5,-440.6
LEN,IS,IR,LF-BX-76-150,150.0,76.2,130.020,LIFUV,14.9,-130.02
LEN,IS,IR,LF-BX-76-200,200.0,76.2,174.580,LIFUV,11.9,-174.58
LEN,IS,IR,LF-BX-76-250,250.0,76.2,218.300,LIFUV,10.2,-218.3
LEN,IS,IR,LF-BX-76-500,500.0,76.2,438.500,LIFUV,6.8,-438.5
LEN,IS,IR,MF-BX-12-12,12.7,12.7,9.170,MgF2_O,6.6,-9.17
LEN,IS,IR,MF-BX-12-25,25.4,12.7,19.999,MgF2_O,3.6,-19.999
LEN,IS,IR,MF-BX-12-50,50.8,12.7,40.470,MgF2_O,2.5,-40.47
LEN,IS,IR,MF-BX-12-75,76.2,12.7,61.240,MgF2_O,2.2,-61.24
LEN,IS,IR,MF-BX-25-25,25.4,25.4,18.578,MgF2_O,12.0,-18.578
LEN,IS,IR,MF-BX-25-50,50.8,25.4,10.090,MgF2_O,6.1,-10.09
LEN,IS,IR,MF-BX-25-63,63.5,25.4,50.580,MgF2_O,5.2,-50.58
LEN,IS,IR,MF-BX-25-76,76.2,25.4,60.810,MgF2_O,4.7,-60.81
LEN,IS,IR,MF-BX-25-100,100.0,25.4,80.170,MgF2_O,4.0,-80.17
LEN,IS,IR,MF-BX-25-150,150.0,25.4,120.770,MgF2_O,3.4,-120.77
LEN,IS,IR,MF-BX-38-38,38.1,38.1,27.990,MgF2_O,17.5,-27.99
LEN,IS,IR,MF-BX-38-50,50.8,38.1,39.260,MgF2_O,12.4,-39.26
LEN,IS,IR,MF-BX-38-63,63.5,38.1,49.770,MgF2_O,10.1,-49.77
LEN,IS,IR,MF-BX-38-76,76.2,38.1,60.120,MgF2_O,8.7,-60.12
LEN,IS,IR,MF-BX-38-100,100.0,38.1,79.800,MgF2_O,7.1,-79.8
LEN,IS,IR,MF-BX-38-150,150.0,38.1,120.500,MgF2_O,5.5,-120.5
LEN,IS,IR,MF-BX-50-50,50.8,50.8,37.410,MgF2_O,22.9,-37.41
LEN,IS,IR,MF-BX-50-76,76.2,50.8,59.430,MgF2_O,14.4,-59.43
LEN,IS,IR,MF-BX-50-100,100.0,50.8,79.070,MgF2_O,11.4,-79.07
LEN,IS,IR,MF-BX-50-150,150.0,50.8,119.950,MgF2_O,8.5,-119.95
LEN,IS,IR,MF-BX-50-200,200.0,50.8,159.960,MgF2_O,7.1,-159.96
LEN,IS,IR,MF-BX-50-250,250.0,50.8,201.420,MgF2_O,6.3,-201.42
LEN,IS,IR,MF-BX-50-500,500.0,50.8,403.600,MgF2_O,4.6,-403.6
LEN,IS,IR,MF-BX-76-150,150.0,76.2,118.850,MgF2_O,16.1,-118.85
LEN,IS,IR,MF-BX-76-200,200.0,76.2,159.590,MgF2_O,12.7,-159.59
LEN,IS,IR,MF-BX-76-250,250.0,76.2,200.400,MgF2_O,10.8,-200.4
LEN,IS,IR,MF-BX-76-500,500.0,76.2,402.700,MgF2_O,7.1,-402.7
LEN,IS,IR,MF-PX-12-25,25,12.7,10.18,MgF2_O,4.2,0
LEN,IS,IR,MF-PX-12-50,50,12.7,20.22,MgF2_O,3.0,0
LEN,IS,IR,MF-PX-12-75,75,12.7,30.27,MgF2_O,2.7,0
LEN,IS,IR,MF-PX-25-50,50,25.4,20.22,MgF2_O,6.7,0
LEN,IS,IR,MF-PX-25-63,63,25.4,25.35,MgF2_O,5.6,0
LEN,IS,IR,MF-PX-25-75,75,25.4,30.27,MgF2_O,4.9,0
LEN,IS,IR,MF-PX-25-100,100,25.4,40.35,MgF2_O,4.1,0
LEN,IS,IR,MF-PX-25-150,150,25.4,60.67,MgF2_O,3.4,0
LEN,IS,IR,MF-PX-25-200,200,25.4,80.72,MgF2_O,3.0,0
LEN,IS,IR,MF-PX-25-250,250,25.4,100.84,MgF2_O,2.8,0
LEN,IS,IR,MF-PX-25-500,500,25.4,201.42,MgF2_O,2.4,0
LEN,IS,IR,MF-PX-25-1000,1000,25.4,405.50,MgF2_O,2.2,0
LEN,IS,IR,MF-PX-25-2000,2000,25.4,809.10,MgF2_O,2.1,0
LEN,IS,IR,MF-PX-38-50,50,38.1,20.22,MgF2_O,16.0,0
LEN,IS,IR,MF-PX-38-63,63,38.1,25.35,MgF2_O,11.1,0
LEN,IS,IR,MF-PX-38-75,75,38.1,30.27,MgF2_O,9.1,0
LEN,IS,IR,MF-PX-38-100,100,38.1,40.35,MgF2_O,7.0,0
LEN,IS,IR,MF-PX-38-150,150,38.1,60.67,MgF2_O,5.2,0
LEN,IS,IR,MF-PX-38-200,200,38.1,80.72,MgF2_O,4.4,0
LEN,IS,IR,MF-PX-38-250,250,38.1,100.84,MgF2_O,3.9,0
LEN,IS,IR,MF-PX-38-500,500,38.1,201.42,MgF2_O,2.9,0
LEN,IS,IR,MF-PX-38-1000,1000,38.1,405.50,MgF2_O,2.5,0
LEN,IS,IR,MF-PX-38-2000,2000,38.1,809.10,MgF2_O,2.3,0
LEN,IS,IR,MF-PX-50-75,75,50.8,30.27,MgF2_O,16.8,0
LEN,IS,IR,MF-PX-50-100,100,50.8,40.35,MgF2_O,12.0,0
LEN,IS,IR,MF-PX-50-150,150,50.8,60.67,MgF2_O,8.3,0
LEN,IS,IR,MF-PX-50-200,200,50.8,80.72,MgF2_O,6.8,0
LEN,IS,IR,MF-PX-50-250,250,50.8,100.84,MgF2_O,5.9,0
LEN,IS,IR,MF-PX-50-500,500,50.8,201.42,MgF2_O,4.2,0
LEN,IS,IR,MF-PX-50-1000,1000,50.8,405.50,MgF2_O,3.3,0
LEN,IS,IR,MF-PX-50-2000,2000,50.8,809.10,MgF2_O,3.0,0
LEN,IS,IR,MF-PX-76-150,150,76.2,60.67,MgF2_O,17.2,0
LEN,IS,IR,MF-PX-76-200,200,76.2,80.72,MgF2_O,13.0,0
LEN,IS,IR,MF-PX-76-250,250,76.2,100.84,MgF2_O,10.8,0
LEN,IS,IR,MF-PX-76-500,500,76.2,201.42,MgF2_O,6.8,0
LEN,IS,IR,MF-PX-76-1000,1000,76.2,405.50,MgF2_O,5.0,0
LEN,IS,IR,MF-PX-76-2000,2000,76.2,809.10,MgF2_O,4.0,0
LEN,IS,IR,NC-PX-12-25,25.4,12.7,12.47,NaCl,3.8,0
LEN,IS,IR,NC-PX-12-50,50.8,12.7,24.96,NaCl,2.8,0
LEN,IS,IR,NC-PX-12-76,76.2,12.7,37.28,NaCl,2.6,0
LEN,IS,IR,NC-PX-25-50,50.8,25.4,24.96,NaCl,7.5,0
LEN,IS,IR,NC-PX-25-63,63.5,25.4,31.05,NaCl,6.7,0
LEN,IS,IR,NC-PX-25-76,76.2,25.4,37.28,NaCl,6.2,0
LEN,IS,IR,NC-PX-25-100,100.0,25.4,49.09,NaCl,5.7,0
LEN,IS,IR,NC-PX-25-150,150.0,25.4,73.50,NaCl,5.1,0
LEN,IS,IR,NC-PX-25-200,200.0,25.4,97.72,NaCl,4.8,0
LEN,IS,IR,NC-PX-25-250,250.0,25.4,123.59,NaCl,4.7,0
LEN,IS,IR,NC-PX-25-500,500.0,25.4,245.50,NaCl,4.3,0
LEN,IS,IR,NC-PX-38-50,50.8,38.1,24.96,NaCl,8.0,0
LEN,IS,IR,NC-PX-38-63,63.5,38.1,31.05,NaCl,7.2,0
LEN,IS,IR,NC-PX-38-76,76.2,38.1,37.28,NaCl,6.7,0
LEN,IS,IR,NC-PX-38-100,100.0,38.1,49.09,NaCl,6.2,0
LEN,IS,IR,NC-PX-38-150,150.0,38.1,73.50,NaCl,5.5,0
LEN,IS,IR,NC-PX-38-200,200.0,38.1,97.72,NaCl,5.3,0
LEN,IS,IR,NC-PX-38-250,250.0,38.1,123.59,NaCl,5.2,0
LEN,IS,IR,NC-PX-38-500,500.0,38.1,245.50,NaCl,4.8,0
LEN,IS,IR,NC-PX-38-1000,1000.0,38.1,491.40,NaCl,4.7,0
LEN,IS,IR,NC-PX-38-2000,2000.0,38.1,975.00,NaCl,4.6,0
LEN,IS,IR,NC-PX-50-76,76.2,50.8,37.28,NaCl,14.5,0
LEN,IS,IR,NC-PX-50-100,100.0,50.8,49.09,NaCl,11.6,0
LEN,IS,IR,NC-PX-50-150,150.0,50.8,73.50,NaCl,9.0,0
LEN,IS,IR,NC-PX-50-200,200.0,50.8,97.72,NaCl,7.9,0
LEN,IS,IR,NC-PX-50-250,250.0,50.8,123.59,NaCl,7.1,0
LEN,IS,IR,NC-PX-50-500,500.0,50.8,245.50,NaCl,5.8,0
LEN,IS,IR,NC-PX-50-1000,1000.0,50.8,491.40,NaCl,5.2,0
LEN,IS,IR,NC-PX-50-2000,2000.0,50.8,975.00,NaCl,4.8,0
LEN,IS,IR,NC-PX-76-150,150.0,76.2,73.50,NaCl,15.7,0
LEN,IS,IR,NC-PX-76-200,200.0,76.2,97.72,NaCl,12.8,0
LEN,IS,IR,NC-PX-76-250,250.0,76.2,123.59,NaCl,11.0,0
LEN,IS,IR,NC-PX-76-500,500.0,76.2,245.50,NaCl,8.0,0
LEN,IS,IR,NC-PX-76-1000,1000.0,76.2,491.40,NaCl,6.5,0
LEN,IS,IR,NC-PX-76-2000,2000.0,76.2,975.00,NaCl,5.8,0
LEN,IS,IR,NC-BX-12-12,12.7,12.7,11.508,NaCl,5.3,-11.508
LEN,IS,IR,NC-BX-12-25,25.4,12.7,24.320,NaCl,3.2,-24.32
LEN,IS,IR,NC-BX-12-50,50.8,12.7,49.550,NaCl,2.3,-49.55
LEN,IS,IR,NC-BX-12-76,76.2,12.7,74.300,NaCl,2.0,-74.3
LEN,IS,IR,NC-BX-25-25,25.4,25.4,23.230,NaCl,9.6,-23.23
LEN,IS,IR,NC-BX-25-50,50.8,25.4,48.980,NaCl,5.4,-48.98
LEN,IS,IR,NC-BX-25-63,63.5,25.4,61.520,NaCl,4.7,-61.52
LEN,IS,IR,NC-BX-25-76,76.2,25.4,73.980,NaCl,4.2,-73.98
LEN,IS,IR,NC-BX-25-100,100.0,25.4,97.500,NaCl,3.7,-97.5
LEN,IS,IR,NC-BX-38-38,38.1,38.1,34.920,NaCl,13.8,-34.92
LEN,IS,IR,NC-BX-38-50,50.8,38.1,48.080,NaCl,10.4,-48.08
LEN,IS,IR,NC-BX-38-63,63.5,38.1,60.810,NaCl,8.6,-60.81
LEN,IS,IR,NC-BX-38-76,76.2,38.1,73.500,NaCl,7.5,-73.5
LEN,IS,IR,NC-BX-38-100,100.0,38.1,97.050,NaCl,6.3,-97.05
LEN,IS,IR,NC-BX-38-150,150.0,38.1,146.270,NaCl,5.0,-146.27
LEN,IS,IR,NC-BX-50-50,50.8,50.8,46.670,NaCl,18.0,-46.67
LEN,IS,IR,NC-BX-50-76,76.2,50.8,72.610,NaCl,12.2,-72.61
LEN,IS,IR,NC-BX-50-100,100.0,50.8,96.380,NaCl,9.8,-96.38
LEN,IS,IR,NC-BX-50-150,150.0,50.8,145.880,NaCl,7.5,-145.88
LEN,IS,IR,NC-BX-50-200,200.0,50.8,194.980,NaCl,6.3,-194.98
LEN,IS,IR,NC-BX-50-250,250.0,50.8,244.300,NaCl,5.6,-244.3
LEN,IS,IR,NC-BX-50-500,500.0,50.8,491.400,NaCl,4.3,-491.4
LEN,IS,IR,NC-BX-76-150,150.0,76.2,144.880,NaCl,13.7,-144.88
LEN,IS,IR,NC-BX-76-200,200.0,76.2,194.540,NaCl,11.0,-194.54
LEN,IS,IR,NC-BX-76-250,250.0,76.2,243.790,NaCl,9.5,-243.79
LEN,IS,IR,NC-BX-76-500,500.0,76.2,487.500,NaCl,6.5,-487.5
LEN,IS,IR,AL-PX-12-25,25.4,12.7,15.92,SAPPHIRE_O,2.8,0
LEN,IS,IR,AL-PX-12-50,50.8,12.7,31.62,SAPPHIRE_O,2.1,0
LEN,IS,IR,AL-PX-12-76,76.2,12.7,47.64,SAPPHIRE_O,1.9,0
LEN,IS,IR,AL-PX-25-50,50.8,25.4,31.62,SAPPHIRE_O,4.7,0
LEN,IS,IR,AL-PX-25-63,63.5,25.4,39.61,SAPPHIRE_O,4.1,0
LEN,IS,IR,AL-PX-25-76,76.2,25.4,47.64,SAPPHIRE_O,3.7,0
LEN,IS,IR,AL-PX-25-100,100.0,25.4,62.37,SAPPHIRE_O,3.3,0
LEN,IS,IR,AL-PX-25-200,200.0,25.4,124.74,SAPPHIRE_O,2.7,0
LEN,IS,IR,AL-PX-25-500,500.0,25.4,311.90,SAPPHIRE_O,2.3,0
LEN,IS,IR,AL-PX-38-50,50.8,38.1,31.62,SAPPHIRE_O,8.9,0
LEN,IS,IR,AL-PX-38-63,63.5,38.1,39.61,SAPPHIRE_O,7.4,0
LEN,IS,IR,AL-PX-38-76,76.2,38.1,47.64,SAPPHIRE_O,6.5,0
LEN,IS,IR,AL-PX-38-100,100.0,38.1,62.37,SAPPHIRE_O,5.5,0
LEN,IS,IR,AL-PX-38-200,200.0,38.1,124.74,SAPPHIRE_O,4.0,0
LEN,IS,IR,AL-PX-38-500,500.0,38.1,311.90,SAPPHIRE_O,3.1,0
LEN,IS,IR,AL-PX-50-76,76.2,50.8,47.64,SAPPHIRE_O,9.8,0
LEN,IS,IR,AL-PX-50-100,100.0,50.8,62.37,SAPPHIRE_O,7.9,0
LEN,IS,IR,AL-PX-50-200,200.0,50.8,124.74,SAPPHIRE_O,5.1,0
LEN,IS,IR,AL-PX-50-500,500.0,50.8,311.90,SAPPHIRE_O,3.5,0
LEN,IS,IR,SI-PM-12-12,12.7,12.7,18.92,SILICON,2.6,12.88
LEN,IS,IR,SI-PM-12-25,25.4,12.7,39.26,SILICON,2.3,25.00
LEN,IS,IR,SI-PM-12-50,50.8,12.7,81.67,SILICON,2.1,50.48
LEN,IS,IR,SI-PM-25-25,25.4,25.4,39.26,SILICON,3.3,25.00
LEN,IS,IR,SI-PM-25-38,38.1,25.4,63.39,SILICON,2.9,38.73
LEN,IS,IR,SI-PM-25-50,50.8,25.4,81.67,SILICON,2.6,50.48
LEN,IS,IR,SI-PM-25-63,63.5,25.4,105.45,SILICON,2.5,63.68
LEN,IS,IR,SI-PM-25-76,76.2,25.4,130.61,SILICON,2.4,76.05
LEN,IS,IR,SI-PM-25-100,100.0,25.4,168.27,SILICON,2.3,100.00
LEN,IS,IR,SI-PM-25-127,127.0,25.4,212.83,SILICON,2.3,127.35
LEN,IS,IR,SI-PM-25-150,150.0,25.4,255.90,SILICON,2.3,151.01
LEN,IS,IR,SI-PM-38-38,38.1,38.1,60.13,SILICON,5.0,38.73
LEN,IS,IR,SI-PM-38-50,50.8,38.1,79.43,SILICON,4.4,50.48
LEN,IS,IR,SI-PM-38-63,63.5,38.1,103.05,SILICON,4.1,63.68
LEN,IS,IR,SI-PM-38-76,76.2,38.1,130.61,SILICON,3.9,78.16
LEN,IS,IR,SI-PM-38-100,100.0,38.1,164.47,SILICON,3.7,100.00
LEN,IS,IR,SI-PM-38-127,127.0,38.1,212.83,SILICON,3.6,127.35
LEN,IS,IR,SI-PM-38-150,150.0,38.1,255.90,SILICON,3.4,151.01
LEN,IS,IR,SI-PM-38-200,200.0,38.1,336.39,SILICON,3.3,199.08
LEN,IS,IR,SI-PM-50-50,50.8,50.8,86.70,SILICON,6.2,53.33
LEN,IS,IR,SI-PM-50-63,63.5,50.8,103.05,SILICON,5.6,63.68
LEN,IS,IR,SI-PM-50-76,76.2,50.8,130.61,SILICON,5.3,78.16
LEN,IS,IR,SI-PM-50-100,100.0,50.8,164.47,SILICON,4.8,100.00
LEN,IS,IR,SI-PM-50-127,127.0,50.8,212.83,SILICON,4.5,127.35
LEN,IS,IR,SI-PM-50-150,150.0,50.8,255.90,SILICON,4.4,151.01
LEN,IS,IR,SI-PM-50-200,200.0,50.8,336.39,SILICON,4.2,199.08
LEN,IS,IR,SI-NM-12-12,-12.7,12.7,12.70,SILICON,1.2,22.91
LEN,IS,IR,SI-NM-12-25,-25.4,12.7,25.35,SILICON,1.7,45.29
LEN,IS,IR,SI-NM-12-50,-50.8,12.7,50.70,SILICON,1.9,89.14
LEN,IS,IR,SI-NM-25-25,-25.4,25.4,25.35,SILICON,1.5,45.29
LEN,IS,IR,SI-NM-25-38,-38.1,25.4,39.08,SILICON,2.1,70.15
LEN,IS,IR,SI-NM-25-50,-50.8,25.4,50.70,SILICON,2.3,89.14
LEN,IS,IR,SI-NM-25-63,-63.5,25.4,69.66,SILICON,2.6,130.62
LEN,IS,IR,SI-NM-25-76,-76.2,25.4,76.39,SILICON,2.6,134.29
LEN,IS,IR,SI-NM-25-100,-100.0,25.4,96.38,SILICON,2.7,162.22
LEN,IS,IR,SI-NM-25-127,-127.0,25.4,127.98,SILICON,2.8,222.86
LEN,IS,IR,SI-NM-25-150,-150.0,25.4,151.05,SILICON,2.8,265.52
LEN,IS,IR,SI-NM-38-38,-38.1,38.1,39.08,SILICON,1.8,70.15
LEN,IS,IR,SI-NM-38-50,-50.8,38.1,50.70,SILICON,2.3,89.14
LEN,IS,IR,SI-NM-38-63,-63.5,38.1,69.66,SILICON,2.7,130.62
LEN,IS,IR,SI-NM-38-76,-76.2,38.1,76.39,SILICON,2.8,134.29
LEN,IS,IR,SI-NM-38-100,-100.0,38.1,96.38,SILICON,3.2,162.22
LEN,IS,IR,SI-NM-38-127,-127.0,38.1,127.98,SILICON,3.4,222.86
LEN,IS,IR,SI-NM-38-150,-150.0,38.1,151.05,SILICON,3.4,265.52
LEN,IS,IR,SI-NM-38-200,-200.0,38.1,200.37,SILICON,3.4,349.85
LEN,IS,IR,SI-NM-50-50,-50.8,50.8,50.70,SILICON,1.9,89.14
LEN,IS,IR,SI-NM-50-63,-63.5,50.8,69.66,SILICON,2.7,130.62
LEN,IS,IR,SI-NM-50-76,-76.2,50.8,76.39,SILICON,3.1,134.29
LEN,IS,IR,SI-NM-50-100,-100.0,50.8,96.38,SILICON,3.6,162.22
LEN,IS,IR,SI-NM-50-127,-127.0,50.8,127.98,SILICON,3.9,222.86
LEN,IS,IR,SI-NM-50-150,-150.0,50.8,151.05,SILICON,4.1,265.52
LEN,IS,IR,SI-NM-50-200,-200.0,50.8,200.37,SILICON,4.1,349.85
LEN,IS,IR,SI-PX-12-25,25.4,12.7,61.66,SILICON,2.3,0
LEN,IS,IR,SI-PX-12-50,50.8,12.7,123.59,SILICON,2.1,0
LEN,IS,IR,SI-PX-12-76,76.2,12.7,184.50,SILICON,2.1,0
LEN,IS,IR,SI-PX-25-50,50.8,25.4,123.59,SILICON,2.6,0
LEN,IS,IR,SI-PX-25-63,63.5,25.4,154.17,SILICON,2.5,0
LEN,IS,IR,SI-PX-25-76,76.2,25.4,184.50,SILICON,2.4,0
LEN,IS,IR,SI-PX-25-100,100.0,25.4,242.42,SILICON,2.3,0
LEN,IS,IR,SI-PX-25-150,150.0,25.4,363.54,SILICON,2.2,0
LEN,IS,IR,SI-PX-25-200,200.0,25.4,483.10,SILICON,2.1,0
LEN,IS,IR,SI-PX-25-250,250.0,25.4,608.10,SILICON,2.1,0
LEN,IS,IR,SI-PX-25-500,500.0,25.4,1213.90,SILICON,2.0,0
LEN,IS,IR,SI-PX-27-50,50.8,27.94,123.59,SILICON,2.8,0
LEN,IS,IR,SI-PX-27-63,63.5,27.94,154.17,SILICON,2.6,0
LEN,IS,IR,SI-PX-27-76,76.2,27.94,184.50,SILICON,2.5,0
LEN,IS,IR,SI-PX-27-100,100.0,27.94,242.42,SILICON,2.4,0
LEN,IS,IR,SI-PX-27-150,150.0,27.94,363.54,SILICON,2.3,0
LEN,IS,IR,SI-PX-27-200,200.0,27.94,483.10,SILICON,2.2,0
LEN,IS,IR,SI-PX-27-250,250.0,27.94,608.10,SILICON,2.2,0
LEN,IS,IR,SI-PX-27-500,500.0,27.94,1213.90,SILICON,2.1,0
LEN,IS,IR,SI-PX-38-50,50.8,38.1,123.59,SILICON,3.5,0
LEN,IS,IR,SI-PX-38-63,63.5,38.1,154.17,SILICON,3.2,0
LEN,IS,IR,SI-PX-38-76,76.2,38.1,184.50,SILICON,3.0,0
LEN,IS,IR,SI-PX-38-100,100.0,38.1,242.42,SILICON,2.8,0
LEN,IS,IR,SI-PX-38-150,150.0,38.1,363.54,SILICON,2.5,0
LEN,IS,IR,SI-PX-38-200,200.0,38.1,483.10,SILICON,2.4,0
LEN,IS,IR,SI-PX-38-250,250.0,38.1,608.10,SILICON,2.3,0
LEN,IS,IR,SI-PX-38-500,500.0,38.1,1213.90,SILICON,2.2,0
LEN,IS,IR,SI-PX-38-1000,1000.0,38.1,2425.10,SILICON,2.1,0
LEN,IS,IR,SI-PX-38-2000,2000.0,38.1,4920.00,SILICON,2.0,0
LEN,IS,IR,SI-PX-50-76,76.2,50.8,184.50,SILICON,4.3,0
LEN,IS,IR,SI-PX-50-100,100.0,50.8,242.42,SILICON,3.8,0
LEN,IS,IR,SI-PX-50-150,150.0,50.8,363.54,SILICON,3.4,0
LEN,IS,IR,SI-PX-50-200,200.0,50.8,483.10,SILICON,3.2,0
LEN,IS,IR,SI-PX-50-250,250.0,50.8,608.10,SILICON,3.0,0
LEN,IS,IR,SI-PX-50-500,500.0,50.8,1213.90,SILICON,2.8,0
LEN,IS,IR,SI-PX-50-1000,1000.0,50.8,2425.10,SILICON,2.6,0
LEN,IS,IR,SI-PX-50-2000,2000.0,50.8,4920.00,SILICON,2.6,0
LEN,IS,IR,SI-PX-76-150,150.0,76.2,363.54,SILICON,5.0,0
LEN,IS,IR,SI-PX-76-200,200.0,76.2,483.10,SILICON,4.5,0
LEN,IS,IR,SI-PX-76-250,250.0,76.2,608.10,SILICON,4.2,0
LEN,IS,IR,SI-PX-76-500,500.0,76.2,1213.90,SILICON,3.6,0
LEN,IS,IR,SI-PX-76-1000,1000.0,76.2,2425.10,SILICON,3.3,0
LEN,IS,IR,SI-PX-76-2000,2000.0,76.2,4920.00,SILICON,3.2,0
LEN,IS,IR,ZC-PX-12-25,25.4,12.7,35.97,ZNSE,2.6,0
LEN,IS,IR,ZC-PX-12-50,50.8,12.7,71.46,ZNSE,2.3,0
LEN,IS,IR,ZC-PX-25-50,50.8,25.4,71.46,ZNSE,3.1,0
LEN,IS,IR,ZC-PX-25-63,63.5,25.4,89.14,ZNSE,2.9,0
LEN,IS,IR,ZC-PX-25-76,75.0,25.4,106.15,ZNSE,2.8,0
LEN,IS,IR,ZC-PX-25-100,100.0,25.4,139.96,ZNSE,2.6,0
LEN,IS,IR,ZC-PX-25-127,127.0,25.4,180.32,ZNSE,2.5,0
LEN,IS,IR,ZC-PX-25-150,150.0,25.4,209.91,ZNSE,2.4,0
LEN,IS,IR,ZC-PX-25-200,200.0,25.4,281.20,ZNSE,2.3,0
LEN,IS,IR,ZC-PX-25-254,254.0,25.4,356.51,ZNSE,2.2,0
LEN,IS,IR,ZC-PX-25-500,500.0,25.4,698.17,ZNSE,2.1,0
LEN,IS,IR,ZC-PX-38-50,50.8,38.1,71.46,ZNSE,4.6,0
LEN,IS,IR,ZC-PX-38-63,63.5,38.1,89.14,ZNSE,4.1,0
LEN,IS,IR,ZC-PX-38-76,76.2,38.1,106.15,ZNSE,3.7,0
LEN,IS,IR,ZC-PX-38-100,100.0,38.1,139.96,ZNSE,3.3,0
LEN,IS,IR,ZC-PX-38-127,127.0,38.1,180.32,ZNSE,3.0,0
LEN,IS,IR,ZC-PX-38-150,150.0,38.1,209.91,ZNSE,2.9,0
LEN,IS,IR,ZC-PX-38-200,200.0,38.1,281.20,ZNSE,2.6,0
LEN,IS,IR,ZC-PX-38-254,254.0,38.1,356.51,ZNSE,2.5,0
LEN,IS,IR,ZC-PX-38-500,500.0,38.1,698.17,ZNSE,2.3,0
LEN,IS,IR,ZC-PX-38-1000,1000.0,38.1,1404.00,ZNSE,2.1,0
LEN,IS,IR,ZC-PX-38-2000,2000.0,38.1,2808.00,ZNSE,2.1,0
LEN,IS,IR,ZC-PX-50-76,75.0,50.8,106.15,ZNSE,5.6,0
LEN,IS,IR,ZC-PX-50-100,100.0,50.8,139.96,ZNSE,4.8,0
LEN,IS,IR,ZC-PX-50-127,127.0,50.8,180.32,ZNSE,4.3,0
LEN,IS,IR,ZC-PX-50-150,150.0,50.8,209.91,ZNSE,4.0,0
LEN,IS,IR,ZC-PX-50-200,200.0,50.8,281.20,ZNSE,3.7,0
LEN,IS,IR,ZC-PX-50-254,254.0,50.8,356.51,ZNSE,3.4,0
LEN,IS,IR,ZC-PX-50-300,300.0,50.8,424.67,ZNSE,3.3,0
LEN,IS,IR,ZC-PX-50-500,500.0,50.8,698.17,ZNSE,3.0,0
LEN,IS,IR,ZC-PX-50-1000,1000.0,50.8,1404.00,ZNSE,2.7,0
LEN,IS,IR,ZC-PX-50-2000,2000.0,50.8,2808.00,ZNSE,2.6,0
LEN,IS,IR,ZC-PX-76-150,150.0,76.2,209.91,ZNSE,6.5,0
LEN,IS,IR,ZC-PX-76-200,200.0,76.2,281.20,ZNSE,5.6,0
LEN,IS,IR,ZC-PX-76-254,254.0,76.2,356.51,ZNSE,5.1,0
LEN,IS,IR,ZC-PX-76-500,500.0,76.2,698.17,ZNSE,4.0,0
LEN,IS,IR,ZC-PX-76-1000,1000.0,76.2,1404.00,ZNSE,3.5,0
LEN,IS,IR,ZC-PX-76-2000,2000.0,76.2,2808.00,ZNSE,3.3,0
LEN,IS,IR,ZC-PM-12-12,13.0,12.7,22.96,ZNSE,2.7,10.79
LEN,IS,IR,ZC-PM-12-25,25.4,12.7,64.27,ZNSE,2.1,23.66
LEN,IS,IR,ZC-PM-12-50,50.8,12.7,107.65,ZNSE,1.8,42.85
LEN,IS,IR,ZC-PM-25-25,25.4,25.4,58.34,ZNSE,4.4,22.91
LEN,IS,IR,ZC-PM-25-38,38.1,25.4,122.73,ZNSE,3.6,38.04
LEN,IS,IR,ZC-PM-25-50,50.8,25.4,107.65,ZNSE,3.2,43.95
LEN,IS,IR,ZC-PM-25-63,63.5,25.4,161.08,ZNSE,2.9,58.49
LEN,IS,IR,ZC-PM-25-76,76.2,25.4,179.47,ZNSE,2.8,68.23
LEN,IS,IR,ZC-PM-25-100,101.0,25.4,250.00,ZNSE,2.6,90.78
LEN,IS,IR,ZC-PM-25-127,127.0,25.4,449.80,ZNSE,2.5,127.35
LEN,IS,IR,ZC-PM-25-150,150.0,25.4,299.90,ZNSE,2.4,124.17
LEN,IS,IR,ZC-PM-38-38,38.1,38.1,79.98,ZNSE,6.6,33.57
LEN,IS,IR,ZC-PM-38-50,50.8,38.1,107.65,ZNSE,5.7,43.95
LEN,IS,IR,ZC-PM-38-63,63.5,38.1,161.08,ZNSE,5.1,58.49
LEN,IS,IR,ZC-PM-38-76,76.2,38.1,179.47,ZNSE,4.7,68.23
LEN,IS,IR,ZC-PM-38-100,101.0,38.1,250.00,ZNSE,4.3,90.78
LEN,IS,IR,ZC-PM-38-127,127.0,38.1,449.80,ZNSE,4.0,127.35
LEN,IS,IR,ZC-PM-38-150,150.0,38.1,299.90,ZNSE,3.9,124.17
LEN,IS,IR,ZC-PM-38-200,203.0,38.1,633.90,ZNSE,3.6,199.07
LEN,IS,IR,ZC-PM-50-50,50.8,50.8,103.05,ZNSE,8.4,43.95
LEN,IS,IR,ZC-PM-50-63,63.5,50.8,202.30,ZNSE,7.3,63.68
LEN,IS,IR,ZC-PM-50-76,76.2,50.8,179.47,ZNSE,6.6,68.23
LEN,IS,IR,ZC-PM-50-100,101.0,50.8,225.90,ZNSE,5.8,89.13
LEN,IS,IR,ZC-PM-50-127,127.0,50.8,449.80,ZNSE,5.3,127.35
LEN,IS,IR,ZC-PM-50-150,150.0,50.8,299.90,ZNSE,5.0,124.17
LEN,IS,IR,ZC-PM-50-200,203.0,50.8,633.90,ZNSE,4.6,199.08
LEN,IS,IR,ZC-NM-12-12,-13.0,12.7,10.72,ZNSE,2.2,29.38
LEN,IS,IR,ZC-NM-12-25,-25.0,12.7,22.96,ZNSE,2.2,70.15
LEN,IS,IR,ZC-NM-12-50,-50.0,12.7,43.47,ZNSE,2.5,118.84
LEN,IS,IR,ZC-NM-25-25,-25.0,25.4,21.23,ZNSE,3.0,58.49
LEN,IS,IR,ZC-NM-25-38,-38.0,25.4,37.15,ZNSE,3.0,130.62
LEN,IS,IR,ZC-NM-25-50,-50.0,25.4,43.47,ZNSE,3.2,118.84
LEN,IS,IR,ZC-NM-25-63,-63.5,25.4,64.27,ZNSE,3.0,236.02
LEN,IS,IR,ZC-NM-25-76,-75.0,25.4,66.25,ZNSE,2.7,182.39
LEN,IS,IR,ZC-NM-25-100,-100.0,25.4,104.24,ZNSE,3.0,414.00
LEN,IS,IR,ZC-NM-25-127,-127.0,25.4,127.98,ZNSE,3.2,483.06
LEN,IS,IR,ZC-NM-38-38,-38.0,38.1,37.15,ZNSE,4.3,130.62
LEN,IS,IR,ZC-NM-38-50,-50.0,38.1,43.47,ZNSE,4.0,118.84
LEN,IS,IR,ZC-NM-38-63,-63.5,38.1,64.27,ZNSE,4.0,236.02
LEN,IS,IR,ZC-NM-38-76,-75.0,38.1,66.25,ZNSE,3.8,182.39
LEN,IS,IR,ZC-NM-38-100,-100.0,38.1,104.24,ZNSE,4.0,414.00
LEN,IS,IR,ZC-NM-38-127,-127.0,38.1,127.98,ZNSE,5.0,483.06
LEN,IS,IR,ZC-NM-38-150,-150.0,38.1,151.05,ZNSE,4.0,535.80
LEN,IS,IR,ZC-NM-50-50,-50.0,50.8,43.47,ZNSE,4.0,118.84
LEN,IS,IR,ZC-NM-50-76,-75.0,50.8,66.25,ZNSE,4.0,182.39
LEN,IS,IR,ZC-NM-50-100,-100.0,50.8,104.24,ZNSE,6.2,414.00
LEN,IS,IR,ZC-NM-50-127,-127.0,50.8,127.98,ZNSE,6.0,483.06
LEN,IS,IR,ZC-NM-50-150,-150.0,50.8,130.61,ZNSE,5.7,354.84
LEN,IS,IR,ZC-NM-50-200,-200.0,50.8,200.37,ZNSE,6.2,698.17
