TYPE,MANUF. ID,CAT,P/N,Focal Lth,CA,Radius 1,Material,Thick,Radius 2
LEN,MG,,01LAM059,74.16,16.2,17.1,SF8,4,23.25
LEN,MG,,01LAM059,73.5,18,17.1,SF8,4,23.25
LEN,MG,,01LAM111,117.18,16.2,28.35,SF8,4,41.18
LEN,MG,,01LAM111,116.2,18,28.35,SF8,4,41.18
LEN,MG,,01LAM117,131.26,17.1,32,SF8,4,47
LEN,MG,,01LAM117,130.2,19,32,SF8,4,47
LEN,MG,,01LAM126,147.56,28.35,35.2,SF8,6,50.1
LEN,MG,,01LAM126,146.4,31.5,35.2,SF8,6,50.1
LEN,MG,,01LAM138,176.61,36,42.21,SF8,7,60.26
LEN,MG,,01LAM138,175.2,40,42.21,SF8,7,60.26
LEN,MG,,01LAM148,216.24,17.1,53.9,SF8,4,81.9
LEN,MG,,01LAM148,214.6,19,53.9,SF8,4,81.9
LEN,MG,,01LAM155,235.42,28.35,57.93,SF8,6,86.31
LEN,MG,,01LAM155,233.6,31.5,57.93,SF8,6,86.31
LEN,MG,,01LAM225,292.96,36,72.31,SF8,7,108.23
LEN,MG,,01LAM225,290.7,40,72.31,SF8,7,108.23
LEN,MG,,01LAM229,365.59,28.35,91.45,SF8,6,139.74
LEN,MG,,01LAM229,362.8,31.5,91.45,SF8,6,139.74
LEN,MG,,01LAM277,511.72,36,128.59,SF8,7,197.93
LEN,MG,,01LAM277,507.8,40,128.59,SF8,7,197.93
LEN,MG,,01LAM459,73.5,18,17.1,N-SF8,4,23.25
LEN,MG,,01LAM511,116.2,18,28.35,N-SF8,4,41.18
LEN,MG,,01LAM517,130.2,19,32,N-SF8,4,47
LEN,MG,,01LAM526,146.4,31.5,35.2,N-SF8,6,50.1
LEN,MG,,01LAM538,175.2,40,42.21,N-SF8,7,60.26
LEN,MG,,01LAM548,214.6,19,53.9,N-SF8,4,81.9
LEN,MG,,01LAM555,233.6,31.5,57.93,N-SF8,6,86.31
LEN,MG,,01LAM625,290.7,40,72.31,N-SF8,7,108.23
LEN,MG,,01LAM629,362.8,31.5,91.45,N-SF8,6,139.74
LEN,MG,,01LAM677,507.8,40,128.59,N-SF8,7,197.93
LEN,MG,,01LDX001,7.0242,4.5,6.707,BK7,3,-6.707
LEN,MG,,01LDX003,8.0279,5.4,7.711,BK7,3.2,-7.711
LEN,MG,,01LDX005,10.036,4.5,9.91,BK7,2.6,-9.91
LEN,MG,,01LDX009,10.035,9,9.477,BK7,4.8,-9.477
LEN,MG,,01LDX013,12.746,5.67,12.679,BK7,2.8,-12.679
LEN,MG,,01LDX015,14.251,11.25,13.822,BK7,5,-13.822
LEN,MG,,01LDX017,15.055,6.75,15.05,BK7,2.9,-15.05
LEN,MG,,01LDX019,15.053,13.05,14.479,BK7,5.9,-14.479
LEN,MG,,01LDX023,18.065,11.7,17.89,BK7,4.4,-17.89
LEN,MG,,01LDX025,20.072,13.5,19.875,BK7,4.9,-19.875
LEN,MG,,01LDX027,20.071,18.9,19.239,BK7,8.2,-19.239
LEN,MG,,01LDX029,22.078,18,21.577,BK7,6.9,-21.577
LEN,MG,,01LDX035,25.09,20.16,24.623,BK7,7.3,-24.623
LEN,MG,,01LDX041,25.492,18,25.265,BK7,6.1,-25.265
LEN,MG,,01LDX043,25.49,22.86,24.712,BK7,9,-24.712
LEN,MG,,01LDX049,28.705,11.43,29.078,BK7,3.4,-29.078
LEN,MG,,01LDX055,30.108,20.16,30.007,BK7,6.3,-30.007
LEN,MG,,01LDX057,30.111,27,29.256,BK7,10.3,-29.256
LEN,MG,,01LDX061,31.815,22.86,31.589,BK7,7.3,-31.589
LEN,MG,,01LDX063,31.812,31.5,30.513,BK7,12.9,-30.513
LEN,MG,,01LDX065,33.121,9,33.768,BK7,2.7,-33.768
LEN,MG,,01LDX067,35.128,17.55,35.489,BK7,4.7,-35.489
LEN,MG,,01LDX079,38.236,34.29,37.281,BK7,12.4,-37.281
LEN,MG,,01LDX085,40.146,22.5,40.464,BK7,5.9,-40.464
LEN,MG,,01LDX103,50.184,22.5,50.986,BK7,5.1,-50.986
LEN,MG,,01LDX104,50.177,27,50.731,BK7,6.5,-50.731
LEN,MG,,01LDX107,50.181,37.8,49.883,BK7,11.2,-49.883
LEN,MG,,01LDX117,50.977,54,48.284,BK7,23.7,-48.284
LEN,MG,,01LDX123,60.214,45,59.956,BK7,12.9,-59.956
LEN,MG,,01LDX127,63.731,45,63.541,BK7,13.2,-63.541
LEN,MG,,01LDX129,65.239,31.5,66.27,BK7,6.7,-66.27
LEN,MG,,01LDX135,70.263,27,71.727,BK7,5.2,-71.727
LEN,MG,,01LDX141,75.277,22.5,77.119,BK7,4,-77.119
LEN,MG,,01LDX145,76.479,45.72,77.038,BK7,11.5,-77.038
LEN,MG,,01LDX149,80.296,20.16,82.393,BK7,3.5,-82.393
LEN,MG,,01LDX157,80.294,42.3,81.447,BK7,8.9,-81.447
LEN,MG,,01LDX161,89.229,22.86,91.575,BK7,3.8,-91.575
LEN,MG,,01LDX167,100.37,20.16,103.19,BK7,3.2,-103.19
LEN,MG,,01LDX168,100.37,27,103.02,BK7,4.2,-103.02
LEN,MG,,01LDX171,100.03,45,102.32,BK7,8.2,-102.32
LEN,MG,,01LDX179,101.97,45.72,103.79,BK7,9.3,-103.79
LEN,MG,,01LDX185,125.46,22.5,129.13,BK7,3.2,-129.13
LEN,MG,,01LDX187,125.46,36,128.8,BK7,5.1,-128.8
LEN,MG,,01LDX202,150.56,27,155.02,BK7,3.5,-155.02
LEN,MG,,01LDX205,150.56,45,154.57,BK7,6.1,-154.57
LEN,MG,,01LDX209,149.52,67.5,153.5,BK7,12.2,-153.5
LEN,MG,,01LDX218,200.74,27,206.96,BK7,3.1,-206.96
LEN,MG,,01LDX222,200.74,45,206.63,BK7,5,-206.63
LEN,MG,,01LDX223,200.74,90,204.67,BK7,16.3,-204.67
LEN,MG,,01LDX225,250.93,37.8,258.73,BK7,3.7,-258.73
LEN,MG,,01LDX235,250.92,90,257,BK7,13.7,-257
LEN,MG,,01LDX237,301.11,37.8,310.65,BK7,3.4,-310.65
LEN,MG,,01LDX243,401.49,37.8,414.45,BK7,3.1,-414.45
LEN,MG,,01LDX245,501.86,27,518.31,BK7,2.4,-518.31
LEN,MG,,01LDX248,501.85,45,518.17,BK7,3.2,-518.17
LEN,MG,,01LDX258,1003.7,27,1037.1,BK7,2.2,-1037.1
LEN,MG,,01LDX262,1003.7,45,1037,BK7,2.6,-1037
LEN,MG,,01LDX263,2007.4,37.8,2074.5,BK7,2.2,-2074.5
LEN,MG,,01LDX301,10,12.5,8.972,BK7,7.1,-8.972
LEN,MG,,01LDX303,12.5,12.5,11.943,BK7,5.5,-11.943
LEN,MG,,01LDX305,15,12.5,14.695,BK7,4.8,-14.695
LEN,MG,,01LDX307,20,12.5,20.042,BK7,4,-20.042
LEN,MG,,01LDX309,25,12.5,25.312,BK7,3.6,-25.312
LEN,MG,,01LDX311,30,12.5,30.548,BK7,3.3,-30.548
LEN,MG,,01LDX313,40,12.5,40.985,BK7,3,-40.985
LEN,MG,,01LDX315,50,12.5,51.395,BK7,2.8,-51.395
LEN,MG,,01LDX317,75,12.5,77.377,BK7,2.5,-77.377
LEN,MG,,01LDX319,100,12.5,103.336,BK7,2.4,-103.336
LEN,MG,,01LDX321,125,12.5,129.285,BK7,2.3,-129.285
LEN,MG,,01LDX323,175,12.5,181.173,BK7,2.2,-181.173
LEN,MG,,01LDX325,250,12.5,258.992,BK7,2.2,-258.992
LEN,MG,,01LDX327,20,25,18.487,BK7,11.8,-18.487
LEN,MG,,01LDX329,25,25,24.315,BK7,8.9,-24.315
LEN,MG,,01LDX331,37.5,25,37.81,BK7,6.2,-37.81
LEN,MG,,01LDX333,62.5,25,64.068,BK7,4.5,-64.068
LEN,MG,,01LDX335,100,25,103.139,BK7,3.5,-103.139
LEN,MG,,01LDX337,150,25,155.1,BK7,3,-155.1
LEN,MG,,01LDX339,175,25,181.061,BK7,2.9,-181.061
LEN,MG,,01LDX341,200,25,207.016,BK7,2.8,-207.016
LEN,MG,,01LDX343,250,25,258.914,BK7,2.6,-258.914
LEN,MG,,01LDX345,300,25,310.804,BK7,2.5,-310.804
LEN,MG,,01LDX347,350,25,362.688,BK7,2.4,-362.688
LEN,MG,,01LDX349,400,25,414.57,BK7,2.4,-414.57
LEN,MG,,01LDX351,500,25,518.327,BK7,2.3,-518.327
LEN,MG,,01LDX353,600,25,622.079,BK7,2.3,-622.079
LEN,MG,,01LDX355,700,25,725.829,BK7,2.2,-725.829
LEN,MG,,01LDX357,800,25,829.578,BK7,2.2,-829.578
LEN,MG,,01LDX359,1000,25,1037.073,BK7,2.2,-1037.073
LEN,MG,,01LDX361,1500,25,1555.801,BK7,2.1,-1555.801
LEN,MG,,01LDX363,2000,25,2074.526,BK7,2.1,-2074.526
LEN,MG,,01LDX365,40,50,37.277,BK7,22.2,-37.277
LEN,MG,,01LDX367,50,50,49.017,BK7,15.8,-49.017
LEN,MG,,01LDX369,75,50,75.792,BK7,11.5,-75.792
LEN,MG,,01LDX371,250,50,258.43,BK7,5.4,-258.43
LEN,MG,,01LDX373,325,50,336.336,BK7,4.9,-336.336
LEN,MG,,01LDX375,625,50,647.722,BK7,4,-647.722
LEN,MG,,01LDX377,750,50,777.43,BK7,3.8,-777.43
LEN,MG,,01LDX379,1500,50,1555.579,BK7,3.4,-1555.579
LEN,MG,,01LDX381,2000,50,2074.316,BK7,3.3,-2074.316
LEN,MG,,01LDX401,4.5,4.5,4.281,BK7,2,-4.281
LEN,MG,,01LMP001,101.87,22.5,33.72,BK7,4,90
LEN,MG,,01LMP003,98.216,45,33.72,BK7,10.3,90
LEN,MG,,01LMP005,126.66,22.5,38.47,BK7,4,90
LEN,MG,,01LMP007,123.48,45,38.47,BK7,8,90
LEN,MG,,01LMP009,151.6,22.5,42.52,BK7,4,90
LEN,MG,,01LMP011,148.5,45,42.52,BK7,7,90
LEN,MG,,01LMP015,173.08,45,46.05,BK7,7,90
LEN,MG,,01LMP017,202.51,22.5,49.03,BK7,3.5,90
LEN,MG,,01LMP019,197.72,45,49.03,BK7,6.5,90
LEN,MG,,01LMP021,250.79,22.5,83.96,BK7,3.5,235
LEN,MG,,01LMP023,250.06,45,83.96,BK7,4.8,235
LEN,MG,,01LMP025,301.03,22.5,94.08,BK7,3.5,235
LEN,MG,,01LMP027,300.1,45,94.08,BK7,4.8,235
LEN,MG,,01LMP029,351.04,22.5,102.9,BK7,3.5,235
LEN,MG,,01LMP031,350.14,45,102.9,BK7,4.5,235
LEN,MG,,01LMP033,401.26,22.5,110.72,BK7,3.5,235
LEN,MG,,01LMP035,400.17,45,110.72,BK7,4.5,235
LEN,MG,,01LMP037,501.73,22.5,123.9,BK7,3.5,235
LEN,MG,,01LMP039,500.21,45,123.9,BK7,4.5,235
LEN,MG,,01LMP041,600.5,22.5,204.95,BK7,3.5,600
LEN,MG,,01LMP045,800.71,22.5,245.39,BK7,3.5,600
LEN,MG,,01LMP049,1000.9,22.5,278.34,BK7,3.5,600
LEN,MG,,01LMP051,1000.4,45,278.34,BK7,4,600
LEN,MG,,01LMP053,1501.6,22.5,339.05,BK7,3.5,600
LEN,MG,,01LMP055,1500.6,45,339.05,BK7,4,600
LEN,MG,,01LMP057,2002.3,22.5,380.54,BK7,3.5,600
LEN,MG,,01LMP059,2000.7,45,380.54,BK7,4,600
LEN,MG,,01LMP061,4006.3999,22.5,466.12,BK7,3.5,600
LEN,MG,,01LMP063,4001.3999,45,466.12,BK7,4,600
LEN,MG,,01LMS002,1.1,1.44,1,LASFN9,2,-1
LEN,MG,,01LMS003,1.7,2.16,1.5,LASFN9,3,-1.5
LEN,MG,,01LMS005,2.8,3.6,2.5,LASFN9,5,-2.5
LEN,MG,,01LMS102,1.1,1.44,1,LASFN9,2,-1
LEN,MG,,01LMS103,1.7,2.16,1.5,LASFN9,3,-1.5
LEN,MG,,01LMS105,2.8,3.6,2.5,LASFN9,5,-2.5
LEN,MG,,01LMS202,1.1,1.44,1,LASFN9,2,-1
LEN,MG,,01LMS203,1.7,2.16,1.5,LASFN9,3,-1.5
LEN,MG,,01LMS205,2.8,3.6,2.5,LASFN9,5,-2.5
LEN,MG,,01LMS302,1.1,1.44,1,LASFN9,2,-1
LEN,MG,,01LMS303,1.7,2.16,1.5,LASFN9,3,-1.5
LEN,MG,,01LMS305,2.8,3.6,2.5,LASFN9,5,-2.5
LEN,MG,,01LMS402,1.1,1.44,1,LASFN9,2,-1
LEN,MG,,01LMS403,1.7,2.16,1.5,LASFN9,3,-1.5
LEN,MG,,01LMS405,2.8,3.6,2.5,LASFN9,5,-2.5
LEN,MG,,01LPX001,8.0302,3.6,4.15,BK7,2.5,0
LEN,MG,,01LPX003,10.037,4.5,5.187,BK7,2.6,0
LEN,MG,,01LPX005,10.037,7.2,5.187,BK7,3.9,0
LEN,MG,,01LPX007,12.69,5.67,6.558,BK7,2.8,0
LEN,MG,,01LPX008,13.048,6.75,6.743,BK7,2,0
LEN,MG,,01LPX009,15.056,7.2,7.781,BK7,3.1,0
LEN,MG,,01LPX011,15.056,9,7.781,BK7,3.8,0
LEN,MG,,01LPX013,17.063,5.4,8.818,BK7,2.5,0
LEN,MG,,01LPX015,18.067,7.2,9.337,BK7,2.9,0
LEN,MG,,01LPX017,18.067,13.5,9.337,BK7,5.7,0
LEN,MG,,01LPX019,20.074,9,10.374,BK7,3.3,0
LEN,MG,,01LPX021,20.074,10.8,10.374,BK7,3.9,0
LEN,MG,,01LPX023,21.078,13.5,10.893,BK7,5,0
LEN,MG,,01LPX025,22.082,8.1,11.412,BK7,2.9,0
LEN,MG,,01LPX027,22.082,9,11.412,BK7,3.1,0
LEN,MG,,01LPX029,25.093,10.8,12.968,BK7,3.5,0
LEN,MG,,01LPX035,25.093,12.6,12.968,BK7,4,0
LEN,MG,,01LPX037,25.495,5.67,13.176,BK7,2.4,0
LEN,MG,,01LPX041,25.495,22.86,13.176,BK7,11.4,0
LEN,MG,,01LPX043,26.097,12.15,13.487,BK7,3.8,0
LEN,MG,,01LPX045,28.706,11.43,14.835,BK7,3.4,0
LEN,MG,,01LPX047,30.112,10.53,15.562,BK7,3.2,0
LEN,MG,,01LPX049,30.112,16.65,15.562,BK7,5,0
LEN,MG,,01LPX055,31.817,22.86,16.443,BK7,7.9,0
LEN,MG,,01LPX057,32.821,14.22,16.962,BK7,3.9,0
LEN,MG,,01LPX061,34.127,19.8,17.637,BK7,5.8,0
LEN,MG,,01LPX063,35.13,18,18.155,BK7,4.2,0
LEN,MG,,01LPX064,35.13,27,18.155,BK7,9.9,0
LEN,MG,,01LPX065,36.134,13.5,18.674,BK7,3.6,0
LEN,MG,,01LPX067,38.241,11.43,19.763,BK7,3,0
LEN,MG,,01LPX079,40.149,9,20.749,BK7,2.6,0
LEN,MG,,01LPX081,40.149,18,20.749,BK7,4.5,0
LEN,MG,,01LPX083,40.149,20.16,20.749,BK7,5.3,0
LEN,MG,,01LPX084,40.149,27,20.749,BK7,8.4,0
LEN,MG,,01LPX085,43.16,11.7,22.305,BK7,3,0
LEN,MG,,01LPX087,44.665,11.43,23.083,BK7,2.4,0
LEN,MG,,01LPX101,47.175,9.9,24.38,BK7,2.6,0
LEN,MG,,01LPX105,50.186,13.5,25.936,BK7,3.1,0
LEN,MG,,01LPX107,50.186,18,25.936,BK7,4,0
LEN,MG,,01LPX108,50.186,24.3,25.936,BK7,5.8,0
LEN,MG,,01LPX110,50.186,27,25.936,BK7,6.8,0
LEN,MG,,01LPX111,50.186,36,25.936,BK7,11.3,0
LEN,MG,,01LPX113,50.989,22.86,26.351,BK7,5.2,0
LEN,MG,,01LPX115,50.989,34.29,26.351,BK7,10,0
LEN,MG,,01LPX119,55.205,9,28.53,BK7,2.4,0
LEN,MG,,01LPX123,60.223,20.16,31.123,BK7,4.1,0
LEN,MG,,01LPX125,60.223,27,31.123,BK7,5.8,0
LEN,MG,,01LPX133,63.736,22.86,32.939,BK7,4.5,0
LEN,MG,,01LPX135,63.736,34.29,32.939,BK7,8,0
LEN,MG,,01LPX137,70.261,27,36.311,BK7,5.2,0
LEN,MG,,01LPX141,70.261,54,36.311,BK7,18.6,0
LEN,MG,,01LPX143,76.484,22.86,39.527,BK7,4.1,0
LEN,MG,,01LPX145,76.484,45.72,39.527,BK7,12.1,0
LEN,MG,,01LPX147,80.298,13.5,41.498,BK7,2.7,0
LEN,MG,,01LPX149,80.298,20.16,41.498,BK7,3.5,0
LEN,MG,,01LPX153,80.298,27,41.498,BK7,4.8,0
LEN,MG,,01LPX157,80.298,45,41.498,BK7,10.4,0
LEN,MG,,01LPX159,85.315,31.5,44.091,BK7,5.6,0
LEN,MG,,01LPX163,90.335,36,46.685,BK7,6.5,0
LEN,MG,,01LPX167,95.354,45,49.279,BK7,9.7,0
LEN,MG,,01LPX169,100.37,13.5,51.872,BK7,2.5,0
LEN,MG,,01LPX177,100.37,20.16,51.872,BK7,3.2,0
LEN,MG,,01LPX178,100.57,27,51.872,BK7,4.2,0
LEN,MG,,01LPX179,100.37,36,51.872,BK7,6,0
LEN,MG,,01LPX181,100.37,46.8,51.872,BK7,9.9,0
LEN,MG,,01LPX183,100.37,54,51.872,BK7,12.5,0
LEN,MG,,01LPX187,100.37,72,51.872,BK7,21.6,0
LEN,MG,,01LPX198,105.39,22.5,54.466,BK7,3.4,0
LEN,MG,,01LPX201,110.41,27,57.059,BK7,4,0
LEN,MG,,01LPX209,120.45,54,62.247,BK7,10.6,0
LEN,MG,,01LPX211,120.45,72,62.247,BK7,17.4,0
LEN,MG,,01LPX217,125.46,27,64.84,BK7,3.7,0
LEN,MG,,01LPX219,127.47,22.86,65.878,BK7,3.2,0
LEN,MG,,01LPX229,135.5,22.5,70.027,BK7,3.1,0
LEN,MG,,01LPX235,140.52,69.3,72.621,BK7,13.9,0
LEN,MG,,01LPX237,150.56,20.16,77.808,BK7,2.8,0
LEN,MG,,01LPX238,150.56,27,77.808,BK7,3.5,0
LEN,MG,,01LPX239,150.56,37.8,77.808,BK7,4.9,0
LEN,MG,,01LPX249,152.97,45.72,79.053,BK7,7.2,0
LEN,MG,,01LPX257,160.6,26.1,82.996,BK7,3.3,0
LEN,MG,,01LPX259,177.66,45.72,91.814,BK7,6.6,0
LEN,MG,,01LPX263,185.69,67.5,95.964,BK7,10.6,0
LEN,MG,,01LPX265,196.73,13.5,101.67,BK7,2.3,0
LEN,MG,,01LPX267,200.74,20.16,103.74,BK7,2.6,0
LEN,MG,,01LPX268,200.74,27,103.74,BK7,3.1,0
LEN,MG,,01LPX277,200.74,45,103.74,BK7,6,0
LEN,MG,,01LPX281,200.74,117,103.74,BK7,26.6,0
LEN,MG,,01LPX282,250.93,27,129.68,BK7,2.9,0
LEN,MG,,01LPX286,250.93,45,129.68,BK7,4.4,0
LEN,MG,,01LPX289,250.93,130.5,129.68,BK7,25.9,0
LEN,MG,,01LPX303,254.93,91.44,131.75,BK7,14.1,0
LEN,MG,,01LPX305,301.12,42.3,155.62,BK7,3.8,0
LEN,MG,,01LPX311,331.23,130.5,171.18,BK7,20,0
LEN,MG,,01LPX313,401.49,22.5,207.49,BK7,2.4,0
LEN,MG,,01LPX319,501.86,22.5,259.36,BK7,2.3,0
LEN,MG,,01LPX322,501.86,45,259.36,BK7,3.2,0
LEN,MG,,01LPX323,602.23,37.8,311.23,BK7,2.7,0
LEN,MG,,01LPX329,702.61,22.5,363.11,BK7,2.2,0
LEN,MG,,01LPX332,702.61,45,363.11,BK7,2.9,0
LEN,MG,,01LPX333,1003.7,22.5,518.72,BK7,2.1,0
LEN,MG,,01LPX336,451.68,130.5,233.43,BK7,15.5,0
LEN,MG,,01LPX343,802.98,45,414.98,BK7,2.8,0
LEN,MG,,01LPX345,1003.7,27,518.72,BK7,2.2,0
LEN,MG,,01LPX347,1003.7,45,518.72,BK7,2.6,0
LEN,MG,,01LPX401,0.9999,1.35,0.8502,LASFN9,0.8,0
LEN,MG,,01LPX407,1.1996,1.8,1.02,LASFN9,0.92,0
LEN,MG,,01LPX413,1.5995,2.25,1.36,LASFN9,0.99,0
LEN,MG,,01LPX415,2.4996,2.52,2.09,LASFN9,1.5,0
LEN,MG,,01LPX421,3.5004,3.24,2.004,BAK1,2,0
LEN,MG,,01LPX423,4,3.78,2.29,BAK1,1.9,0
LEN,MG,,01LPX427,6.0004,3.6,3.101,BK7,1.5,0
LEN,MG,,01LPX435,12.5,6.75,6.46,BK7,2.2,0
LEN,MG,,01LPX443,67.999,4.59,35.142,BK7,2,0
LEN,MG,,01LPX501,12.5,12.5,8.806,SF15,4,0
LEN,MG,,01LPX503,15,12.5,7.781,BK7,4.5,0
LEN,MG,,01LPX505,20,12.5,10.374,BK7,4,0
LEN,MG,,01LPX507,25,12.5,12.968,BK7,4,0
LEN,MG,,01LPX509,30,12.5,15.561,BK7,4,0
LEN,MG,,01LPX511,40,12.5,20.748,BK7,3.5,0
LEN,MG,,01LPX513,50,12.5,25.935,BK7,3.5,0
LEN,MG,,01LPX515,75,12.5,38.903,BK7,3.5,0
LEN,MG,,01LPX517,100,12.5,51.87,BK7,3,0
LEN,MG,,01LPX519,125,12.5,64.838,BK7,3,0
LEN,MG,,01LPX521,175,12.5,90.773,BK7,3,0
LEN,MG,,01LPX523,250,12.5,129.675,BK7,3,0
LEN,MG,,01LPX525,25,25,17.611,SF15,6.5,0
LEN,MG,,01LPX527,37.5,25,19.451,BK7,6,0
LEN,MG,,01LPX531,62.5,25,32.419,BK7,4,0
LEN,MG,,01LPX533,75,25,38.903,BK7,4,0
LEN,MG,,01LPX535,100,25,51.87,BK7,4,0
LEN,MG,,01LPX537,125,25,64.838,BK7,4,0
LEN,MG,,01LPX541,175,25,90.773,BK7,3,0
LEN,MG,,01LPX547,300,25,155.61,BK7,3,0
LEN,MG,,01LPX549,350,25,181.545,BK7,3,0
LEN,MG,,01LPX555,600,25,311.22,BK7,3,0
LEN,MG,,01LPX561,1500,25,778.05,BK7,3,0
LEN,MG,,01LPX563,2000,25,1037.4,BK7,3,0
LEN,MG,,01LPX565,800,25,414.96,BK7,3,0
LEN,MG,,01LPX567,75,50,38.903,BK7,10.5,0
LEN,MG,,01LPX569,100,50,51.87,BK7,9,0
LEN,MG,,01LPX571,125,50,64.838,BK7,7,0
LEN,MG,,01LPX573,150,50,77.805,BK7,6,0
LEN,MG,,01LPX577,375,50,194.513,BK7,4,0
LEN,MG,,01LPX581,625,50,324.188,BK7,3,0
LEN,MG,,01LPX583,750,50,389.025,BK7,3,0
LEN,MG,,01LPX587,1500,50,778.05,BK7,3,0
LEN,MG,,01LPX589,2000,50,1037.4,BK7,3,0
LEN,MG,,01LPX591,3000,50,-3000,BK7,3,0
LEN,MG,,01LPX593,4000,50,-4000,BK7,3,0
LEN,MG,,01LPX595,5000,50,-5000,BK7,3,0
LEN,MG,,01LQB005,10,4.5,8.754,SILICA,2.7,-8.754
LEN,MG,,01LQB011,10,9,8.253,SILICA,5.4,-8.253
LEN,MG,,01LQB016,25,9,22.505,SILICA,3.1,-22.505
LEN,MG,,01LQB023,25,13.5,22.255,SILICA,4.6,-22.255
LEN,MG,,01LQB028,25,22.5,21.265,SILICA,10.2,-21.265
LEN,MG,,01LQB036,50,22.5,45.124,SILICA,5.5,-45.124
LEN,MG,,01LQB045,50,36,44.101,SILICA,11.6,-44.101
LEN,MG,,01LQB055,50,45,42.752,SILICA,19.2,-42.752
LEN,MG,,01LQB066,75,22.5,68.327,SILICA,4.3,-68.327
LEN,MG,,01LQB111,75,45,66.949,SILICA,12.7,-66.949
LEN,MG,,01LQB116,100,22.5,91.429,SILICA,3.7,-91.429
LEN,MG,,01LQB128,100,45,90.396,SILICA,10.1,-90.396
LEN,MG,,01LQB136,100,67.5,88.799,SILICA,19.7,-88.799
LEN,MG,,01LQB145,150,22.5,137.533,SILICA,3.1,-137.533
LEN,MG,,01LQB155,150,45,136.815,SILICA,7.6,-136.815
LEN,MG,,01LQB166,150,67.5,135.846,SILICA,13.6,-135.846
LEN,MG,,01LQB178,200,22.5,183.573,SILICA,2.9,-183.573
LEN,MG,,01LQB222,200,45,183.017,SILICA,6.4,-183.017
LEN,MG,,01LQB227,250,22.5,229.613,SILICA,2.7,-229.613
LEN,MG,,01LQB235,250,45,229.137,SILICA,5.7,-229.137
LEN,MG,,01LQB249,300,22.5,275.637,SILICA,2.6,-275.637
LEN,MG,,01LQB259,300,45,275.209,SILICA,5.3,-275.209
LEN,MG,,01LQB277,500,22.5,459.715,SILICA,2.3,-459.715
LEN,MG,,01LQD001,25,22.5,21.265,SILUV,10.2,-21.265
LEN,MG,,01LQD003,50,22.5,45.124,SILUV,5.5,-45.124
LEN,MG,,01LQD005,50,45,42.752,SILUV,19.2,-42.752
LEN,MG,,01LQD007,75,22.5,68.327,SILUV,4.3,-68.327
LEN,MG,,01LQD009,75,45,66.949,SILUV,12.7,-66.949
LEN,MG,,01LQD011,100,22.5,91.429,SILUV,3.7,-91.429
LEN,MG,,01LQD013,100,45,90.396,SILUV,10.1,-90.396
LEN,MG,,01LQD015,150,22.5,137.533,SILUV,3.1,-137.533
LEN,MG,,01LQD017,150,45,136.815,SILUV,7.6,-136.815
LEN,MG,,01LQD019,200,22.5,183.573,SILUV,2.9,-183.573
LEN,MG,,01LQD021,200,45,183.017,SILUV,6.4,-183.017
LEN,MG,,01LQD023,300,22.5,275.637,SILUV,2.6,-275.637
LEN,MG,,01LQD025,300,45,275.209,SILUV,5.3,-275.209
LEN,MG,,01LQD027,500,22.5,459.715,SILUV,2.3,-459.715
LEN,MG,,01LQD029,500,45,459.384,SILUV,4.4,-459.384
LEN,MG,,01LQD033,1000,22.5,919.809,SILUV,2.2,-919.809
LEN,MG,,01LQD035,1000,45,919.573,SILUV,3.7,-919.573
LEN,MG,,01LQF005,10,4.5,4.601,SILICA,2.7,0
LEN,MG,,01LQF011,15,6.75,6.901,SILICA,3.1,0
LEN,MG,,01LQF016,25,9,11.502,SILICA,3.1,0
LEN,MG,,01LQF023,25,13.5,11.502,SILICA,4.8,0
LEN,MG,,01LQF028,50,22.5,23.004,SILICA,5.7,0
LEN,MG,,01LQF036,50,36,23.004,SILICA,13.7,0
LEN,MG,,01LQF045,75,22.5,34.506,SILICA,4.4,0
LEN,MG,,01LQF055,75,36,34.506,SILICA,8.4,0
LEN,MG,,01LQF066,75,45,34.506,SILICA,13.8,0
LEN,MG,,01LQF078,100,22.5,46.008,SILICA,3.7,0
LEN,MG,,01LQF111,100,36,46.008,SILICA,6.6,0
LEN,MG,,01LQF116,100,45,46.008,SILICA,10.4,0
LEN,MG,,01LQF136,150,22.5,69.012,SILICA,3.1,0
LEN,MG,,01LQF145,150,45,69.012,SILICA,7.7,0
LEN,MG,,01LQF222,200,22.5,92.016,SILICA,2.9,0
LEN,MG,,01LQF227,200,45,92.016,SILICA,6.5,0
LEN,MG,,01LQF235,250,22.5,115.02,SILICA,2.7,0
LEN,MG,,01LQF244,250,45,115.02,SILICA,5.8,0
LEN,MG,,01LQF249,250,67.5,115.02,SILICA,9.3,0
LEN,MG,,01LQF259,300,22.5,138.023,SILICA,2.6,0
LEN,MG,,01LQF277,300,45,138.023,SILICA,5.3,0
LEN,MG,,01LQF299,500,22.5,230.039,SILICA,2.3,0
LEN,MG,,01LQF337,500,45,230.039,SILICA,4.4,0
LEN,MG,,01LQF346,500,67.5,230.039,SILUV,6.1,0
LEN,MG,,01LQP001,50,22.5,23.004,SILUV,5.7,0
LEN,MG,,01LQP003,75,22.5,34.506,SILUV,4.4,0
LEN,MG,,01LQP005,75,45,34.506,SILUV,13.8,0
LEN,MG,,01LQP007,100,22.5,46.008,SILUV,3.7,0
LEN,MG,,01LQP009,100,45,46.008,SILUV,10.4,0
LEN,MG,,01LQP011,125,22.5,57.51,SILUV,3.4,0
LEN,MG,,01LQP013,150,45,69.012,SILUV,3.1,0
LEN,MG,,01LQP015,150,45,69.012,SILUV,7.7,0
LEN,MG,,01LQP017,175,22.5,80.514,SILUV,3,0
LEN,MG,,01LQP019,175,45,80.514,SILUV,7,0
LEN,MG,,01LQP021,200,22.5,92.016,SILUV,2.9,0
LEN,MG,,01LQP023,200,45,92.016,SILUV,6.5,0
LEN,MG,,01LQP025,250,22.5,115.02,SILUV,2.7,0
LEN,MG,,01LQP027,250,45,115.02,SILUV,5.8,0
LEN,MG,,01LQP029,300,22.5,138.023,SILUV,2.6,0
LEN,MG,,01LQP033,300,45,138.023,SILUV,5.3,0
LEN,MG,,01LQP035,500,22.5,230.039,SILUV,2.3,0
LEN,MG,,01LQP037,500,45,230.039,SILUV,4.4,0
LEN,MG,,01LQP039,1000,22.5,460.078,SILUV,2.2,0
LEN,MG,,01LQP041,1000,45,460.078,SILUV,3.7,0
LEN,MG,,01LQP147,10,4.5,4.601,SILUV,2.7,0
LEN,MG,,01LQP155,15,6.75,6.901,SILUV,3.1,0
LEN,MG,,01LQP166,25,9,11.502,SILUV,3.1,0
LEN,MG,,01LQP177,25,13.5,11.502,SILUV,4.8,0
LEN,MG,,01LSX001,5,4.5,3.854,SAPPHIRE,2.92,0
LEN,MG,,01LSX003,10,4.5,7.708,SAPPHIRE,2.42,0
LEN,MG,,01LSX005,10,9,7.708,SAPPHIRE,3.84,0
LEN,MG,,01LSX007,20,9,15.416,SAPPHIRE,2.83,0
LEN,MG,,01LSX009,20,18,15.416,SAPPHIRE,5.68,0
LEN,MG,,01LSX013,25,22.5,19.27,SAPPHIRE,6.6,0
LEN,MG,,01LSX017,50,22.5,38.54,SAPPHIRE,4.08,0
LEN,MG,,01LSX023,100,22.5,77.08,SAPPHIRE,3.02,0
LEN,MG,,01LUC025,37.5,25,17.552,CaF2,8.25,0
LEN,MG,,01LUC027,50,25,23.402,CaF2,6.7,0
LEN,MG,,01LUC029,75,25,35.103,CaF2,5.3,0
LEN,MG,,01LUC031,100,25,46.804,CaF2,4.76,0
LEN,MG,,01LUC033,150,25,70.206,CaF2,4.16,0
LEN,MG,,01LUC035,200,25,93.608,CaF2,3.87,0
LEN,MG,,01LUC037,250,25,117.01,CaF2,3.69,0
LEN,MG,,01LUC039,500,25,234.02,CaF2,3.34,0
LEN,MG,,01LUC041,750,25,351.03,CaF2,3.23,0
LEN,MG,,01LUC043,1000,25,468.04,CaF2,3.17,0
LEN,MG,,01LUC045,1500,25,702.06,CaF2,3.12,0
LEN,MG,,01LUC047,2000,25,936.08,CaF2,3.1,0
LEN,MG,,01LUC049,75,50,35.103,CaF2,13.47,0
LEN,MG,,01LUC051,100,50,46.804,CaF2,10.25,0
LEN,MG,,01LUC053,150,50,70.206,CaF2,7.6,0
LEN,MG,,01LUC055,200,50,93.608,CaF2,6.4,0
LEN,MG,,01LUC057,250,50,117.01,CaF2,5.79,0
LEN,MG,,01LUC059,500,50,234.02,CaF2,4.38,0
LEN,MG,,01LUC061,750,50,351.03,CaF2,3.92,0
LEN,MG,,01LUC063,1000,50,468.04,CaF2,3.69,0
LEN,MG,,01LUC065,2000,50,936.08,CaF2,3.35,0
LEN,MG,,01LUD001,12.5,12.5,10.687,SILICA,6,-10.687
LEN,MG,,01LUD002,10,6.25,8.886,SILICA,3,-8.886
LEN,MG,,01LUD003,15,12.5,13.238,SILICA,5,-13.238
LEN,MG,,01LUD005,20,12.5,18.122,SILICA,4,-18.122
LEN,MG,,01LUD007,25,12.5,22.823,SILICA,4,-22.823
LEN,MG,,01LUD009,30,12.5,27.606,SILICA,3.5,-27.606
LEN,MG,,01LUD011,40,12.5,37.002,SILICA,3.5,-37.002
LEN,MG,,01LUD013,50,12.5,46.396,SILICA,3.5,-46.396
LEN,MG,,01LUD015,75,12.5,69.96,SILICA,3,-69.96
LEN,MG,,01LUD017,100,12.5,93.442,SILICA,3,-93.442
LEN,MG,,01LUD019,125,12.5,116.924,SILICA,3,-116.924
LEN,MG,,01LUD021,175,12.5,163.886,SILICA,3,-163.886
LEN,MG,,01LUD023,250,12.5,234.33,SILICA,3,-234.33
LEN,MG,,01LUD025,25,25,21.757,SILICA,10,-21.757
LEN,MG,,01LUD027,37.5,25,34.235,SILICA,6,-34.235
LEN,MG,,01LUD029,62.5,25,57.892,SILICA,5,-57.892
LEN,MG,,01LUD031,75,25,69.635,SILICA,5,-69.635
LEN,MG,,01LUD033,100,25,93.118,SILICA,5,-93.118
LEN,MG,,01LUD035,125,25,116.601,SILICA,5,-116.601
LEN,MG,,01LUD037,175,25,163.564,SILICA,5,-163.564
LEN,MG,,01LUD039,300,25,280.971,SILICA,5,-280.971
LEN,MG,,01LUD041,350,25,327.933,SILICA,5,-327.933
LEN,MG,,01LUD043,600,25,562.744,SILICA,5,-562.744
LEN,MG,,01LUD045,800,25,750.592,SILICA,5,-750.592
LEN,MG,,01LUD047,50,50,43.884,SILICA,18,-43.884
LEN,MG,,01LUD049,75,50,68.47,SILICA,12,-68.47
LEN,MG,,01LUD051,100,50,92.463,SILICA,9,-92.463
LEN,MG,,01LUD053,125,50,116.113,SILICA,8,-116.113
LEN,MG,,01LUD055,150,50,139.596,SILICA,8,-139.596
LEN,MG,,01LUD057,375,50,350.932,SILICA,8,-350.932
LEN,MG,,01LUD059,625,50,585.744,SILICA,8,-585.744
LEN,MG,,01LUD061,750,50,703.149,SILICA,8,-703.149
LEN,MG,,01LUP001,10,6.25,4.696,SILICA,3,0
LEN,MG,,01LUP002,12.5,6.25,5.87,SILICA,3,0
LEN,MG,,01LUP003,15,12.5,7.044,SILICA,6,0
LEN,MG,,01LUP005,20,12.5,9.392,SILICA,5,0
LEN,MG,,01LUP007,25,12.5,11.741,SILICA,4.5,0
LEN,MG,,01LUP009,30,12.5,14.089,SILICA,4,0
LEN,MG,,01LUP011,40,12.5,18.785,SILICA,3.5,0
LEN,MG,,01LUP013,50,12.5,23.481,SILICA,3.5,0
LEN,MG,,01LUP015,75,12.5,35.222,SILICA,3.5,0
LEN,MG,,01LUP017,100,12.5,46.962,SILICA,3.5,0
LEN,MG,,01LUP019,125,12.5,58.703,SILICA,3.5,0
LEN,MG,,01LUP021,175,12.5,82.184,SILICA,3.5,0
LEN,MG,,01LUP023,250,12.5,117.405,SILICA,3.5,0
LEN,MG,,01LUP025,37.5,25,17.611,SILICA,9,0
LEN,MG,,01LUP027,62.5,25,29.351,SILICA,6,0
LEN,MG,,01LUP029,75,25,35.222,SILICA,6,0
LEN,MG,,01LUP031,100,25,46.962,SILICA,5,0
LEN,MG,,01LUP033,125,25,58.703,SILICA,5,0
LEN,MG,,01LUP035,175,25,82.184,SILICA,4.5,0
LEN,MG,,01LUP037,300,25,140.886,SILICA,4,0
LEN,MG,,01LUP039,350,25,164.367,SILICA,4,0
LEN,MG,,01LUP041,600,25,281.772,SILICA,4,0
LEN,MG,,01LUP043,1500,25,704.43,SILICA,4,0
LEN,MG,,01LUP045,2000,25,939.24,SILICA,4,0
LEN,MG,,01LUP047,800,25,375.696,SILICA,4,0
LEN,MG,,01LUP049,75,50,35.222,SILICA,13,0
LEN,MG,,01LUP051,100,50,46.962,SILICA,11,0
LEN,MG,,01LUP053,125,50,58.703,SILICA,9,0
LEN,MG,,01LUP055,150,50,70.443,SILICA,9,0
LEN,MG,,01LUP057,375,50,176.108,SILICA,9,0
LEN,MG,,01LUP059,625,50,293.513,SILICA,9,0
LEN,MG,,01LUP061,750,50,352.215,SILICA,9,0
LEN,MG,,01LUP063,1500,50,704.43,SILICA,9,0
LEN,MG,,01LUP065,2000,50,939.24,SILICA,9,0
LEN,MG,,06LMS001,0.55,1,0.5,LASFN9,1,-0.5
LEN,MG,,06LMS101,0.55,1,0.5,LASFN9,1,-0.5
LEN,MG,,06LMS201,0.55,1,0.5,LASFN9,1,-0.5
LEN,MG,,06LMS301,0.56,1,0.5,LASFN9,1,-0.5
LEN,MG,,06LMS401,0.56,1,0.5,LASFN9,1,-0.5
LEN,MG,,01LDK001,-5.0195,4.6,-5.509,BK7,2,5.509
LEN,MG,,01LDK003,-8.0304,5.6,-8.628,BK7,2,8.628
LEN,MG,,01LDK005,-12.045,11.6,-12.782,BK7,2,12.782
LEN,MG,,01LDK007,-20.075,19.6,-21.085,BK7,2,21.085
LEN,MG,,01LDK009,-25.094,24.6,-26.273,BK7,2,26.273
LEN,MG,,01LDK013,-30.112,19.6,-31.461,BK7,2,31.461
LEN,MG,,01LDK015,-30.112,29.6,-31.461,BK7,2,31.461
LEN,MG,,01LDK016,-35.131,19.6,-36.649,BK7,2,36.649
LEN,MG,,01LDK017,-40.15,22,-41.837,BK7,2,41.837
LEN,MG,,01LDK018,-50.187,29.6,-52.212,BK7,2,52.212
LEN,MG,,01LDK021,-50.187,41.2,-52.212,BK7,2,52.212
LEN,MG,,01LDK023,-70.261,19.6,-72.961,BK7,2,72.961
LEN,MG,,01LDK024,-100.38,29.6,-104.09,BK7,2,104.09
LEN,MG,,01LDK026,-100.38,49.2,-104.09,BK7,2,104.09
LEN,MG,,01LDK027,-150.56,22,-155.96,BK7,2,155.96
LEN,MG,,01LDK031,-150.56,49.2,-155.96,BK7,2,155.96
LEN,MG,,01LDK034,-200.74,29.6,-207.83,BK7,2,207.83
LEN,MG,,01LDK036,-250.93,49.2,-207.83,BK7,2,207.83
LEN,MG,,01LDK041,-501.86,41.2,-519.06,BK7,2,519.06
LEN,MG,,01LDK105,-12.5,12.5,13.301,BK7,2,-13.301
LEN,MG,,01LDK107,-15,12.5,15.896,BK7,2,-15.896
LEN,MG,,01LDK109,-20,12.5,21.085,BK7,2,-21.085
LEN,MG,,01LDK111,-25,12.5,26.273,BK7,2,-26.273
LEN,MG,,01LDK113,-30,12.5,31.461,BK7,2,-31.461
LEN,MG,,01LDK115,-37.5,25,39.243,BK7,2,-39.243
LEN,MG,,01LDK117,-40,12.5,41.836,BK7,2,-41.836
LEN,MG,,01LDK119,-50,12.5,52.211,BK7,2,-52.211
LEN,MG,,01LDK121,-50,25,52.211,BK7,2,-52.211
LEN,MG,,01LDK122,-50,50,52.211,BK7,2,-52.211
LEN,MG,,01LDK123,-62.5,25,65.18,BK7,2,-65.18
LEN,MG,,01LDK125,-75,12.5,78.148,BK7,2,-78.148
LEN,MG,,01LDK127,-75,25,78.148,BK7,2,-78.148
LEN,MG,,01LDK129,-75,50,78.148,BK7,2,-78.148
LEN,MG,,01LDK131,-100,12.5,104.084,BK7,2,-104.084
LEN,MG,,01LDK133,-100,25,104.084,BK7,2,-104.084
LEN,MG,,01LDK135,-125,12.5,130.021,BK7,2,-130.021
LEN,MG,,01LDK137,-125,25,130.021,BK7,2,-130.021
LEN,MG,,01LDK139,-150,25,155.957,BK7,2,-155.957
LEN,MG,,01LDK141,-175,12.5,181.893,BK7,2,-181.893
LEN,MG,,01LDK143,-175,25,181.893,BK7,2,-181.893
LEN,MG,,01LDK145,-200,25,207.829,BK7,2,-207.829
LEN,MG,,01LDK147,-250,12.5,259.701,BK7,2,-259.701
LEN,MG,,01LDK149,-250,25,259.701,BK7,2,-259.701
LEN,MG,,01LDK151,-300,25,311.573,BK7,2,-311.573
LEN,MG,,01LDK153,-300,50,311.573,BK7,2,-311.573
LEN,MG,,01LMN001,-100.65,25,90,BK7,3,32.59
LEN,MG,,01LMN009,-151.67,25,90,BK7,3,41.42
LEN,MG,,01LMN011,-151.67,50,90,BK7,3,41.42
LEN,MG,,01LMN013,-177.08,25,90,BK7,3,44.86
LEN,MG,,01LMN017,-202.52,25,90,BK7,3,47.84
LEN,MG,,01LMN019,-202.52,50,90,BK7,3,47.84
LEN,MG,,01LMN021,-250.54,25,235,BK7,3,83.12
LEN,MG,,01LMN025,-300.67,25,235,BK7,3,93.13
LEN,MG,,01LMN027,-300.67,50,235,BK7,3,93.13
LEN,MG,,01LMN033,-400.42,25,235,BK7,3,109.56
LEN,MG,,01LMN035,-400.42,50,235,BK7,3,109.56
LEN,MG,,01LMN037,-500.54,25,235,BK7,3,122.6
LEN,MG,,01LMN041,-599.99,25,600,BK7,3,204.08
LEN,MG,,01LMN045,-799.91,25,600,BK7,3,244.34
LEN,MG,,01LMN047,-799.91,50,600,BK7,3,244.34
LEN,MG,,01LMN049,-999.88,25,600,BK7,3,277.16
LEN,MG,,01LMN051,-999.88,50,600,BK7,3,277.16
LEN,MG,,01LMN053,-1499.6,25,600,BK7,3,337.6
LEN,MG,,01LMN055,-1499.6,50,600,BK7,3,337.6
LEN,MG,,01LMN057,-1997.7,25,600,BK7,3,378.82
LEN,MG,,01LMN059,-1997.7,50,600,BK7,3,378.82
LEN,MG,,01LMN061,-3991.3999,25,600,BK7,3,464.01
LEN,MG,,01LMN063,-3991.3999,50,600,BK7,3,464.01
LEN,MG,,01LPK001,-20.074,9.6,-10.374,BK7,2,0
LEN,MG,,01LPK002,-10.037,4.6,-5.187,BK7,2,0
LEN,MG,,01LPK003,-25.093,24.6,-12.968,BK7,2,0
LEN,MG,,01LPK004,-15.054,7.6,-7.78,BK7,2,0
LEN,MG,,01LPK007,-30.112,19.6,-15.562,BK7,2,0
LEN,MG,,01LPK011,-38.241,25,-19.763,BK7,2,0
LEN,MG,,01LPK013,-40.149,20.6,-20.749,BK7,2,0
LEN,MG,,01LPK015,-50.186,19.6,-25.936,BK7,2,0
LEN,MG,,01LPK017,-50.186,22,-25.936,BK7,2,0
LEN,MG,,01LPK019,-50.186,29.6,-25.936,BK7,2,0
LEN,MG,,01LPK029,-75.279,14.6,-38.904,BK7,2,0
LEN,MG,,01LPK033,-75.279,49.2,-38.904,BK7,3,0
LEN,MG,,01LPK035,-85.315,21.6,-44.091,BK7,2,0
LEN,MG,,01LPK043,-100.37,29.6,-51.872,BK7,2,0
LEN,MG,,01LPK045,-100.37,41.2,-51.872,BK7,2,0
LEN,MG,,01LPK047,-100.37,49.2,-51.872,BK7,2,0
LEN,MG,,01LPK049,-125.46,29.6,-64.84,BK7,2,0
LEN,MG,,01LPK055,-125.46,49.2,-64.84,BK7,3,0
LEN,MG,,01LPK057,-150.56,22,-77.808,BK7,2,0
LEN,MG,,01LPK058,-150.56,29.6,-77.808,BK7,2,0
LEN,MG,,01LPK061,-150.56,49.2,-77.808,BK7,3,0
LEN,MG,,01LPK064,-200.74,49.2,-103.74,BK7,2,0
LEN,MG,,01LPK065,-602.23,94.2,-311.23,BK7,3,0
LEN,MG,,01LPK066,-602.23,49.2,-311.23,BK7,2,0
LEN,MG,,01LPK101,-12.5,12.5,-6.484,BK7,2,0
LEN,MG,,01LPK103,-15,12.5,-7.781,BK7,2,0
LEN,MG,,01LPK105,-20,12.5,-10.374,BK7,2,0
LEN,MG,,01LPK107,-25,12.5,-12.968,BK7,2,0
LEN,MG,,01LPK109,-30,12.5,-15.562,BK7,2,0
LEN,MG,,01LPK111,-40,12.5,-20.749,BK7,2,0
LEN,MG,,01LPK113,-50,12.5,-25.936,BK7,2,0
LEN,MG,,01LPK115,-75,12.5,-38.904,BK7,2,0
LEN,MG,,01LPK117,-100,12.5,-51.872,BK7,2,0
LEN,MG,,01LPK119,-125,12.5,-64.84,BK7,2,0
LEN,MG,,01LPK121,-175,12.5,-90.776,BK7,2,0
LEN,MG,,01LPK123,-250,12.5,-129.68,BK7,2,0
LEN,MG,,01LPK125,-37.5,25,-19.452,BK7,2,0
LEN,MG,,01LPK127,-62.5,25,-32.42,BK7,2,0
LEN,MG,,01LPK129,-75,25,-38.904,BK7,2,0
LEN,MG,,01LPK131,-125,25,-64.84,BK7,2,0
LEN,MG,,01LPK133,-150,25,-77.808,BK7,2,0
LEN,MG,,01LPK135,-175,25,-90.776,BK7,2,0
LEN,MG,,01LPK137,-200,25,-103.744,BK7,2,0
LEN,MG,,01LPK139,-250,25,-129.68,BK7,2,0
LEN,MG,,01LPK141,-300,25,-155.616,BK7,2,0
LEN,MG,,01LPK143,-350,25,-181.552,BK7,2,0
LEN,MG,,01LPK145,-400,25,-207.488,BK7,2,0
LEN,MG,,01LPK147,-500,25,-259.36,BK7,2,0
LEN,MG,,01LPK149,-600,25,-311.232,BK7,2,0
LEN,MG,,01LPK151,-700,25,-363.104,BK7,2,0
LEN,MG,,01LPK153,-800,25,-414.976,BK7,2,0
LEN,MG,,01LPK155,-1000,25,-518.72,BK7,2,0
LEN,MG,,01LPK157,-1500,25,-778.08,BK7,2,0
LEN,MG,,01LPK159,-2000,25,-1037.44,BK7,2,0
LEN,MG,,01LPK161,-250,50,-129.68,BK7,3,0
LEN,MG,,01LPK163,-325,50,-168.584,BK7,3,0
LEN,MG,,01LPK165,-500,50,-259.36,BK7,3,0
LEN,MG,,01LPK167,-625,50,-324.2,BK7,3,0
LEN,MG,,01LPK169,-750,50,-389.04,BK7,3,0
LEN,MG,,01LPK171,-1000,50,-518.72,BK7,3,0
LEN,MG,,01LPK173,-1500,50,-778.08,BK7,3,0
LEN,MG,,01LPK175,-2000,50,-1037.44,BK7,3,0
LEN,MG,,01LQS000,-10,4.6,-4.601,SILUV,2,0
LEN,MG,,01LQS001,-15,7.1,-6.901,SILUV,2,0
LEN,MG,,01LQS003,-50,24.6,-23.004,SILUV,2,0
LEN,MG,,01LQS004,-75,24.6,-34.506,SILUV,2,0
LEN,MG,,01LQS005,-100,24.6,-46.008,SILUV,2,0
LEN,MG,,01LQS006,-100,49.6,-46.008,SILUV,3,0
LEN,MG,,01LQS007,-150,24.6,-69.012,SILUV,2,0
LEN,MG,,01LQS014,-300,24.6,-138.023,SILUV,2,0
LEN,MG,,01LQS016,-500,24.6,-230.039,SILUV,2,0
LEN,MG,,01LQS018,-1000,24.6,-460.078,SILUV,2,0
LEN,MG,,01LQS019,-1000,49.6,-460.078,SILUV,3,0
LEN,MG,,01LQT000,-10,4.6,-4.601,SILICA,2,0
LEN,MG,,01LQT001,-15,7.1,-6.901,SILICA,2,0
LEN,MG,,01LQT002,-25,9.6,-11.502,SILICA,2,0
LEN,MG,,01LQT003,-50,24.6,-23.004,SILICA,2,0
LEN,MG,,01LQT004,-75,24.6,-34.506,SILICA,2,0
LEN,MG,,01LQT005,-100,24.6,-46.008,SILICA,2,0
LEN,MG,,01LQT006,-100,49.6,-46.008,SILICA,3,0
LEN,MG,,01LQT007,-150,24.6,-69.012,SILICA,2,0
LEN,MG,,01LQT009,-200,24.6,-92.016,SILICA,2,0
LEN,MG,,01LQT012,-250,24.6,-115.02,SILICA,2,0
LEN,MG,,01LQT014,-300,24.6,-138.023,SILICA,2,0
LEN,MG,,01LQT015,-300,49.6,-138.023,SILICA,3,0
LEN,MG,,01LQT016,-500,24.6,-230.039,SILICA,2,0
LEN,MG,,01LQT017,-500,49.6,-230.039,SILICA,3,0
LEN,MG,,01LQT018,-1000,24.6,-460.078,SILICA,2,0
LEN,MG,,01LQT019,-1000,49.6,-460.078,SILICA,3,0
LEN,MG,,01LUB001,-12.5,12.5,12.052,SILICA,2,-12.052
LEN,MG,,01LUB002,-10,6.25,9.702,SILICA,2,-9.702
LEN,MG,,01LUB003,-15,12.5,14.401,SILICA,2,-14.401
LEN,MG,,01LUB005,-20,12.5,19.099,SILICA,2,-19.099
LEN,MG,,01LUB007,-25,12.5,23.796,SILICA,2,-23.796
LEN,MG,,01LUB009,-30,12.5,28.649,SILICA,3,-28.649
LEN,MG,,01LUB011,-40,12.5,38.043,SILICA,3,-38.043
LEN,MG,,01LUB013,-50,12.5,47.437,SILICA,3,-47.437
LEN,MG,,01LUB015,-75,12.5,70.919,SILICA,3,-70.919
LEN,MG,,01LUB017,-100,12.5,94.401,SILICA,3,-94.401
LEN,MG,,01LUB019,-125,12.5,117.882,SILICA,3,-117.882
LEN,MG,,01LUB021,-175,12.5,164.845,SILICA,3,-164.845
LEN,MG,,01LUB023,-250,12.5,235.288,SILICA,3,-235.288
LEN,MG,,01LUB025,-25,25,23.951,SILICA,3,-23.951
LEN,MG,,01LUB027,-37.5,25,35.694,SILICA,3,-35.694
LEN,MG,,01LUB029,-62.5,25,59.178,SILICA,3,-59.178
LEN,MG,,01LUB031,-75,25,70.919,SILICA,3,-70.919
LEN,MG,,01LUB033,-100,25,94.48,SILICA,3.5,-94.48
LEN,MG,,01LUB035,-125,25,118.12,SILICA,4.5,-118.12
LEN,MG,,01LUB037,-175,25,165.083,SILICA,4.5,-165.083
LEN,MG,,01LUB039,-300,25,282.489,SILICA,4.5,-282.489
LEN,MG,,01LUB041,-350,25,329.451,SILICA,4.5,-329.451
LEN,MG,,01LUB043,-600,25,564.262,SILICA,4.5,-564.262
LEN,MG,,01LUB045,-800,25,752.11,SILICA,4.5,-752.11
LEN,MG,,01LUB047,-50,50,47.748,SILICA,5,-47.748
LEN,MG,,01LUB049,-75,50,71.233,SILICA,5,-71.233
LEN,MG,,01LUB051,-100,50,94.716,SILICA,5,-94.716
LEN,MG,,01LUB053,-125,50,118.199,SILICA,5,-118.199
LEN,MG,,01LUB055,-150,50,141.68,SILICA,5,-141.68
LEN,MG,,01LUB057,-375,50,353.25,SILICA,6.5,-353.25
LEN,MG,,01LUB059,-625,50,588.062,SILICA,6.5,-588.062
LEN,MG,,01LUB061,-750,50,705.547,SILICA,7,-705.547
LEN,MG,,01LUK001,-10,6.25,-4.696,SILICA,2,0
LEN,MG,,01LUK002,-12.5,6.25,-5.87,SILICA,2,0
LEN,MG,,01LUK003,-15,12.5,-7.044,SILICA,2,0
LEN,MG,,01LUK005,-20,12.5,-9.392,SILICA,2,0
LEN,MG,,01LUK007,-25,12.5,-11.741,SILICA,2.5,0
LEN,MG,,01LUK009,-30,12.5,-14.089,SILICA,3,0
LEN,MG,,01LUK011,-40,12.5,-18.785,SILICA,3.5,0
LEN,MG,,01LUK013,-50,12.5,-23.481,SILICA,3.5,0
LEN,MG,,01LUK015,-75,12.5,-35.222,SILICA,4,0
LEN,MG,,01LUK017,-100,12.5,-46.962,SILICA,4,0
LEN,MG,,01LUK019,-125,12.5,-58.703,SILICA,4,0
LEN,MG,,01LUK021,-175,12.5,-82.184,SILICA,4,0
LEN,MG,,01LUK023,-250,12.5,-117.405,SILICA,4,0
LEN,MG,,01LUK025,-37.5,25,-17.611,SILICA,5,0
LEN,MG,,01LUK027,-62.5,25,-29.351,SILICA,5,0
LEN,MG,,01LUK029,-75,25,-35.222,SILICA,5,0
LEN,MG,,01LUK031,-100,25,-46.962,SILICA,5,0
LEN,MG,,01LUK033,-125,25,-58.703,SILICA,5,0
LEN,MG,,01LUK035,-175,25,-82.184,SILICA,6,0
LEN,MG,,01LUK037,-300,25,-140.886,SILICA,6,0
LEN,MG,,01LUK039,-350,25,-164.367,SILICA,6,0
LEN,MG,,01LUK041,-600,25,-281.772,SILICA,6,0
LEN,MG,,01LUK043,-1500,25,-704.43,SILICA,6,0
LEN,MG,,01LUK045,-2000,25,-939.24,SILICA,6,0
LEN,MG,,01LUK047,-800,25,-375.696,SILICA,6,0
LEN,MG,,01LUK049,-75,50,-35.222,SILICA,3,0
LEN,MG,,01LUK051,-100,50,-46.962,SILICA,4,0
LEN,MG,,01LUK053,-125,50,-58.703,SILICA,5,0
LEN,MG,,01LUK055,-150,50,-70.443,SILICA,6,0
LEN,MG,,01LUK057,-375,50,-176.108,SILICA,9,0
LEN,MG,,01LUK059,-625,50,-293.513,SILICA,9,0
LEN,MG,,01LUK061,-750,50,-352.215,SILICA,10,0
LEN,MG,,01LUK063,-1500,50,-704.43,SILICA,10,0
LEN,MG,,01LUK065,-2000,50,-939.24,SILICA,10,0
LEN,MG,,01LAI001,9.9721,5,6.3238,SK11,2.5,-3.97,SF5,1,-15.894
LEN,MG,,01LAI003,24.934,10,15.901,SK11,3.5,-10.478,SF5,1.5,-42.482
LEN,MG,,01LAI005,39.898,15,25.586,SK11,3.5,-17.137,SF5,2,-69.121
LEN,MG,,01LAI007,59.86,20,38.138,SK11,4.5,-25.63,SF5,2,-106.12
LEN,MG,,01LAI009,79.82,25,50.752,SK11,6,-33.993,SF5,2.5,-141.81
LEN,MG,,01LAI011,99.781,30,63.419,SK11,7,-42.406,SF5,3,-177.46
LEN,MG,,01LAI013,144.69,40,91.8,SK11,9,-61.498,SF5,3.5,-259.49
LEN,MG,,01LAI015,189.61,50,120.36,SK11,9.5,-80.89,SF5,4,-341.67
LEN,MG,,01LAL001,10,5,6.07,BALKN3,2.18,-4.81,SF15,1.5,-12.2
LEN,MG,,01LAL003,15,7.5,9.13,BALKN3,2.78,-7.38,SF15,2,-18.78
LEN,MG,,01LAL005,20,10,12.07,BALKN3,3.39,-9.99,SF15,2.5,-25.84
LEN,MG,,01LAL007,25,12,15.04,BALKN3,3.76,-12.48,SF15,2,-33.1
LEN,MG,,01LAL009,30,12,18.71,BALKN3,3.29,-14.35,SF15,2.5,-36.7
LEN,MG,,01LAL011,40,15,24.92,BALKN3,4,-18.99,SF15,3,-48.99
LEN,MG,,01LAL013,50,20,30.59,BALKN3,4.83,-24.37,SF15,3,-64.45
LEN,MG,,01LAL015,75,25,45.85,BALKN3,5,-35.93,SF15,2,-97.21
LEN,MG,,01LAL017,100,40,60.45,BALKN3,9,-49.2,SF15,3,-133.8
LEN,MG,,01LAL401,10,5,6.43,N-BAK4,2.18,-4.94,N-SF10,1.5,-15.09
LEN,MG,,01LAL403,15,7.5,9.63,N-BAK4,2.78,-7.6,N-SF10,2,-23.44
LEN,MG,,01LAL405,20,10,12.83,N-BAK4,3.39,-10.17,N-SF10,2.5,-31.57
LEN,MG,,01LAL407,25,12,15.93,N-BAK4,3.76,-12.75,N-SF10,2,-41.07
LEN,MG,,01LAL409,30,12,19.47,N-BAK4,3.29,-15.11,N-SF10,2.5,-47.31
LEN,MG,,01LAL411,40,15,26.01,N-BAK4,4,-20.05,N-SF10,3,-62.94
LEN,MG,,01LAL413,50,20,32.29,N-BAK4,4.83,-25.43,N-SF10,3,-81.06
LEN,MG,,01LAL415,75,25,48.5,N-BAK4,5,-37.8,N-SF10,2,-122.61
LEN,MG,,01LAL417,100,40,64.12,N-BAK4,9,-51.14,N-SF10,3,-167.28
LEN,MG,,01LAO001,10.013,6,6.75,SSK4A,3.69,-4.04,SF8,0.72,-23.39
LEN,MG,,01LAO001,10,6,6.75,SSK4A,3.7,-4.04,SF8,0.7,-23.39
LEN,MG,,01LAO004,12.007,7,8.04,SSK4A,3.9,-4.98,SF8,0.84,-29.74
LEN,MG,,01LAO004,12,7,8.04,SSK4A,3.9,-4.98,SF8,0.8,-29.74
LEN,MG,,01LAO007,16.007,8,10.92,SSK4A,3.96,-6.62,SF8,0.95,-37.87
LEN,MG,,01LAO007,16,8,10.92,SSK4A,4,-6.62,SF8,1,-37.87
LEN,MG,,01LAO011,20.01,10,13.64,SSK4A,4.39,-8.46,SF8,1.18,-48.5
LEN,MG,,01LAO011,20,10,13.64,SSK4A,4.4,-8.46,SF8,1.2,-48.5
LEN,MG,,01LAO014,21.018,14,14.25,SSK4A,6.42,-9.47,SF8,1.67,-52.08
LEN,MG,,01LAO014,21,14,14.25,SSK4A,6.4,-9.47,SF8,1.7,-52.08
LEN,MG,,01LAO018,25.244,8,16.53,SK11,2.63,-10.88,SF5,2.5,-39.8
LEN,MG,,01LAO018,25,8,16.53,SK11,2.6,-10.88,SF5,2.5,-39.8
LEN,MG,,01LAO019,24.979,12,15.04,BALKN3,3.76,-12.48,SF15,2,-33.1
LEN,MG,,01LAO019,25,12,15.04,BALKN3,3.8,-12.48,SF15,2,-33.1
LEN,MG,,01LAO022,30.002,8,20.43,SSK4A,3.07,-12.78,SF8,1.43,-75.97
LEN,MG,,01LAO022,30,8,20.43,SSK4A,3.1,-12.78,SF8,1.4,-75.97
LEN,MG,,01LAO024,30.007,12.5,20.46,SSK4A,3.98,-12.93,SF8,1.35,-75.71
LEN,MG,,01LAO024,30,12.5,20.46,SSK4A,4,-12.93,SF8,1.4,-75.71
LEN,MG,,01LAO028,31.015,17.5,21.24,SSK4A,6.79,-13.7,SF8,2.06,-75.57
LEN,MG,,01LAO028,31,17.5,21.24,SSK4A,6.8,-13.7,SF8,2.1,-75.57
LEN,MG,,01LAO034,36.01,16,24.59,SSK4A,5.21,-15.58,SF8,1.72,-90.2
LEN,MG,,01LAO034,36,16,24.59,SSK4A,5.2,-15.58,SF8,1.7,-90.2
LEN,MG,,01LAO037,40.019,18,27.25,SSK4A,5.94,-17.36,SF8,2.1,-101.11
LEN,MG,,01LAO037,40,18,27.25,SSK4A,5.9,-17.36,SF8,2.1,-101.11
LEN,MG,,01LAO045,40.513,13,26.04,SK11,3.33,-18.02,SF5,1.3,-72.03
LEN,MG,,01LAO045,40.5,13,26.04,SK11,3.3,-18.02,SF5,1.3,-72.03
LEN,MG,,01LAO047,44.015,14,28.58,SSK4A,3.8,-19.69,SF8,1.4,-141.61
LEN,MG,,01LAO047,44,14,28.58,SSK4A,3.8,-19.69,SF8,1.4,-141.61
LEN,MG,,01LAO055,47.954,16,31.15,SSK4A,3.7,-21.75,SF8,1.5,-156.87
LEN,MG,,01LAO055,48,16,31.15,SSK4A,3.7,-21.75,SF8,1.5,-156.87
LEN,MG,,01LAO059,50.015,18,32.16,SK11,4.46,-22.47,SF5,1.5,-89.36
LEN,MG,,01LAO059,50,18,32.16,SK11,4.5,-22.47,SF5,1.5,-89.36
LEN,MG,,01LAO068,56.016,19,35.99,SK11,4.44,-25.13,SF5,1.5,-100.53
LEN,MG,,01LAO068,56,19,35.99,SK11,4.4,-25.13,SF5,1.5,-100.53
LEN,MG,,01LAO077,60.015,18,41.07,SSK4A,3.7,-26.3,SF8,1.5,-155.08
LEN,MG,,01LAO077,60,18,41.07,SSK4A,3.7,-26.3,SF8,1.5,-155.08
LEN,MG,,01LAO079,59.984,30,39.49,SK11,9.99,-27.8,SF5,2.47,-100.98
LEN,MG,,01LAO079,60,30,39.49,SK11,10,-27.8,SF5,2.5,-100.98
LEN,MG,,01LAO083,64.963,25,39.38,BALKN3,6,-31.61,SF15,2,-85.9
LEN,MG,,01LAO083,64.9,25,39.38,BALKN3,6,-31.61,SF15,2,-85.9
LEN,MG,,01LAO088,73.018,17,47.77,SSK4A,3.5,-33.04,SF8,1.7,-231.3
LEN,MG,,01LAO088,73,17,47.77,SSK4A,3.5,-33.04,SF8,1.7,-231.3
LEN,MG,,01LAO111,80.023,18,51.34,SSK4A,3.4,-36.85,SF8,1.8,-282.42
LEN,MG,,01LAO111,80,18,51.34,SSK4A,3.4,-36.85,SF8,1.8,-282.42
LEN,MG,,01LAO114,80.011,31.5,52.93,SK11,7.3,-37.16,SF8,2.2,-128.45
LEN,MG,,01LAO114,80,31.5,52.93,SK11,7.3,-37.16,SF8,2.2,-128.45
LEN,MG,,01LAO117,90.018,19,57.54,SSK4A,3.6,-41.58,SF8,1.9,-324.93
LEN,MG,,01LAO117,90,19,57.54,SSK4A,3.6,-41.58,SF8,1.9,-324.93
LEN,MG,,01LAO119,89.955,25,55.32,BALKN3,4.5,-42.34,SF15,2,-114.68
LEN,MG,,01LAO119,89.9,25,55.32,BALKN3,4.5,-42.34,SF15,2,-114.68
LEN,MG,,01LAO123,100.02,26.5,64.04,SK11,4.8,-44.88,SF5,2,-182.72
LEN,MG,,01LAO123,100,26.5,64.04,SK11,4.8,-44.88,SF5,2,-182.72
LEN,MG,,01LAO124,100.02,30,64.28,SK11,6.23,-44.98,SF5,2.5,-180.43
LEN,MG,,01LAO124,100,30,64.28,SK11,6.2,-44.98,SF5,2.5,-180.43
LEN,MG,,01LAO126,100.02,31.5,64.28,SK11,6.23,-44.98,SF5,2.5,-180.43
LEN,MG,,01LAO126,100,31.5,64.28,SK11,6.2,-44.98,SF5,2.5,-180.43
LEN,MG,,01LAO134,120.02,24,79.62,SSK4A,3.5,-54.38,SF8,2,-360.75
LEN,MG,,01LAO134,120,24,79.62,SSK4A,3.5,-54.38,SF8,2,-360.75
LEN,MG,,01LAO135,121.03,30,79.65,BK7,7.68,-50.53,SF5,3,-133.85
LEN,MG,,01LAO135,120,30,79.65,BK7,7.7,-50.53,SF5,3,-133.85
LEN,MG,,01LAO138,120.03,40,77.21,SK11,8.2,-54.09,SF5,3,-216.1
LEN,MG,,01LAO138,120,40,77.21,SK11,8.2,-54.09,SF5,3,-216.1
LEN,MG,,01LAO139,140,30,93.22,BK7,6.52,-59.14,SF5,2.51,-156.67
LEN,MG,,01LAO139,140,30,93.22,BK7,6.5,-59.14,SF5,2.5,-156.67
LEN,MG,,01LAO145,140.02,40,89.93,SK11,7.14,-62.91,SF5,3,-253.81
LEN,MG,,01LAO145,140,40,89.93,SK11,7.1,-62.91,SF5,3,-253.81
LEN,MG,,01LAO148,148.02,19,93.95,SK11,2.7,-68.1,SF5,1.9,-283.49
LEN,MG,,01LAO148,148,19,93.95,SK11,2.7,-68.1,SF5,1.9,-283.49
LEN,MG,,01LAO149,160.02,30,106.07,SSK4A,4.1,-72.69,SF8,2.4,-484.14
LEN,MG,,01LAO149,160,30,106.07,SSK4A,4.1,-72.69,SF8,2.4,-484.14
LEN,MG,,01LAO155,160.02,31.5,106.07,SSK4A,4.1,-72.69,SF8,2.4,-484.14
LEN,MG,,01LAO155,160,31.5,106.07,SSK4A,4.1,-72.69,SF8,2.4,-484.14
LEN,MG,,01LAO159,160.02,40,102.6,SK11,6.43,-71.92,SF5,3,-292.26
LEN,MG,,01LAO159,160,40,102.6,SK11,6.4,-71.92,SF5,3,-292.26
LEN,MG,,01LAO167,175.03,25,118.99,SSK4A,3,-78.38,SF8,2.5,-476.29
LEN,MG,,01LAO167,175,25,118.99,SSK4A,3,-78.38,SF8,2.5,-476.29
LEN,MG,,01LAO169,180.01,30,120.15,BK7,5.21,-76.21,SF5,2.9,-201.9
LEN,MG,,01LAO169,180,30,120.15,BK7,5.2,-76.21,SF5,2.9,-201.9
LEN,MG,,01LAO177,180.03,40,118.42,SK11,6,-80.25,SF5,3.6,-308.46
LEN,MG,,01LAO177,180,40,118.42,SK11,6,-80.25,SF5,3.6,-308.46
LEN,MG,,01LAO188,190.03,19,134.1,BAK4,3,-51.38,F3,3,-322.72
LEN,MG,,01LAO188,190,19,134.1,BAK4,3,-51.38,F3,3,-322.72
LEN,MG,,01LAO189,200.04,30,135.56,SSK4A,4.9,-89.37,SF8,3.2,-548.68
LEN,MG,,01LAO189,200,30,135.56,SSK4A,4.9,-89.37,SF8,3.2,-548.68
LEN,MG,,01LAO222,200.04,31.5,135.56,SSK4A,4.9,-89.37,SF8,3.2,-548.68
LEN,MG,,01LAO222,200,31.5,135.56,SSK4A,4.9,-89.37,SF8,3.2,-548.68
LEN,MG,,01LAO225,200.01,40,128.09,SSK4A,6.6,-92.73,SF8,4,-718.39
LEN,MG,,01LAO225,200,40,128.09,SSK4A,6.6,-92.73,SF8,4,-718.39
LEN,MG,,01LAO226,250.05,30,158.61,SK11,4.12,-115.31,SF5,3.1,-480.67
LEN,MG,,01LAO226,250,30,158.61,SK11,4.1,-115.31,SF5,3.1,-480.67
LEN,MG,,01LAO229,250.05,31.5,158.61,SK11,4.12,-115.31,SF5,3.1,-480.67
LEN,MG,,01LAO229,250,31.5,158.61,SK11,4.1,-115.31,SF5,3.1,-480.67
LEN,MG,,01LAO235,260.04,32,164.95,SK11,4.36,-119.92,SF5,3.2,-499.88
LEN,MG,,01LAO235,260,32,164.95,SK11,4.4,-119.92,SF5,3.2,-499.88
LEN,MG,,01LAO238,260.04,50,166.64,SK11,6.89,-117.58,SF5,5.4,-478.4
LEN,MG,,01LAO238,260,50,166.64,SK11,6.9,-117.58,SF5,5.4,-478.4
LEN,MG,,01LAO239,300.06,30,210.75,BAK4,5,-81.29,F3,4.4,-515.63
LEN,MG,,01LAO239,300,30,210.75,BAK4,5,-81.29,F3,4.4,-515.63
LEN,MG,,01LAO244,300.06,31.5,210.75,BAK4,5,-81.29,F3,4.4,-515.63
LEN,MG,,01LAO244,300,31.5,210.75,BAK4,5,-81.29,F3,4.4,-515.63
LEN,MG,,01LAO248,300.05,40,190.8,SK11,5.12,-138.02,SF5,4.2,-571.76
LEN,MG,,01LAO248,300,40,190.8,SK11,5.1,-138.02,SF5,4.2,-571.76
LEN,MG,,01LAO256,300.06,50,192.49,SK11,6.65,-136.61,SF5,8,-552.26
LEN,MG,,01LAO256,300,50,192.49,SK11,6.7,-136.61,SF5,8,-552.26
LEN,MG,,01LAO267,300.06,82,197.87,SK11,12.5,-133.7,SF5,7.1,-509.46
LEN,MG,,01LAO267,300,82,197.87,SK11,12.5,-133.7,SF5,7.1,-509.46
LEN,MG,,01LAO277,349.83,40,238.73,SSK4A,4,-156.53,SF8,3,-942.12
LEN,MG,,01LAO277,349.8,40,238.73,SSK4A,4,-156.53,SF8,3,-942.12
LEN,MG,,01LAO288,400.06,40,274.38,SSK4A,4,-178.41,SF8,4,-1056.1
LEN,MG,,01LAO288,400,40,274.38,SSK4A,4,-178.41,SF8,4,-1056.1
LEN,MG,,01LAO333,400.06,63,262.13,SK11,7,-179.77,SF5,5,-699.22
LEN,MG,,01LAO333,400,63,262.13,SK11,7,-179.77,SF5,5,-699.22
LEN,MG,,01LAO339,450.06,40,312.55,BAK4,4.3,-122.43,F3,3.9,-799.23
LEN,MG,,01LAO339,450,40,312.55,BAK4,4.3,-122.43,F3,3.9,-799.23
LEN,MG,,01LAO355,699.63,50,428.09,BALKN3,5,-320.99,SF15,5,-892.94
LEN,MG,,01LAO355,699.5,50,428.09,BALKN3,5,-320.99,SF15,5,-892.94
LEN,MG,,01LAO366,1000.1,80,679.14,SSK4A,5,-449.41,SF8,5,-2757.7
LEN,MG,,01LAO366,1000,80,679.14,SSK4A,5,-449.41,SF8,5,-2757.7
LEN,MG,,01LAO367,1000.2,150,635.83,SK11,14.63,-460.41,SF5,10,-1912
LEN,MG,,01LAO367,1000,150,635.83,SK11,14.6,-460.41,SF5,10,-1912
LEN,MG,,01LAO379,2000.4,150,1267,SK11,13.27,-929.32,SF5,10,-3898
LEN,MG,,01LAO379,2000,150,1267,SK11,13.3,-929.32,SF5,10,-3898
LEN,MG,,01LAO399,3000.5,150,1901.7,SK11,13.51,-1393.3,SF5,10,-5841.3999
LEN,MG,,01LAO399,3000,150,1901.7,SK11,13.5,-1393.3,SF5,10,-5841.4
LEN,MG,,01LAO401,10,6,6.174,N-BAK4,3.7,-4.619,N-SF10,0.7,-15.81
LEN,MG,,01LAO404,12,7,6.918,N-BAK4,3.9,-5.792,N-SF10,0.8,-24.301
LEN,MG,,01LAO407,16,8,10.92,N-BAK4,4,-7.239,N-SF10,1,-20.991
LEN,MG,,01LAO411,20,10,12.833,N-BAK4,3.4,-10.169,N-SF10,2.5,-31.574
LEN,MG,,01LAO414,21,14,13.076,N-BAK4,6.4,-10.748,N-SF10,1.7,-35.445
LEN,MG,,01LAO418,25,8,16.53,N-SK11,2.6,-10.88,N-SF5,2.5,-39.799
LEN,MG,,01LAO419,25,12,15.926,N-BAK4,3.8,-12.751,N-SF10,2,-41.067
LEN,MG,,01LAO422,30,8,20.43,N-BAK4,3.1,-13.993,N-SF10,1.4,-41.71
LEN,MG,,01LAO424,30,12.5,19.176,N-BAK4,4,-15.037,N-SF10,1.4,-49.147
LEN,MG,,01LAO428,31.1,17.5,20.622,N-BAK4,6.8,-15.387,N-SF10,2.1,-45.648
LEN,MG,,01LAO434,36,16,24.59,N-BAK4,5.2,-17.099,N-SF10,1.7,-49.975
LEN,MG,,01LAO437,40,18,25.987,N-BAK4,5.9,-19.704,N-SF10,2.1,-62.266
LEN,MG,,01LAO445,40.5,13,26.04,N-SK11,3.3,-18.02,N-SF5,1.3,-72.031
LEN,MG,,01LAO447,44,14,28.58,N-BAK4,3.8,-21.605,N-SF10,1.4,-69.624
LEN,MG,,01LAO455,48,16,31.15,N-BAK4,3.7,-23.846,N-SF10,1.5,-76.865
LEN,MG,,01LAO459,50,18,32.16,N-SK11,4.5,-22.47,N-SF5,1.5,-89.358
LEN,MG,,01LAO468,56,19,35.991,N-SK11,4.4,-25.13,N-SF5,1.5,-100.533
LEN,MG,,01LAO477,60,18,41.069,N-BAK4,3.7,-28.804,N-SF10,1.5,-85.575
LEN,MG,,01LAO479,60,30,39.49,N-SK11,10,-27.8,N-SF5,2.5,-100.98
LEN,MG,,01LAO483,65,25,39.379,N-BAK4,6,-33.847,N-SF10,2,-126.086
LEN,MG,,01LAO488,73,17,47.769,N-BAK4,3.5,-36.002,N-SF10,1.7,-115.3
LEN,MG,,01LAO492,75,25,48.499,N-BAK4,5,-37.798,N-SF10,2,-122.608
LEN,MG,,01LAO511,80,18,51.34,N-BAK4,3.4,-40.123,N-SF10,1.8,-133.123
LEN,MG,,01LAO514,80,31.5,52.93,N-SK11,7.3,-37.16,N-SF8,2.2,-128.452
LEN,MG,,01LAO517,90,19,57.541,N-BAK4,3.6,-45.207,N-SF10,1.9,-151.242
LEN,MG,,01LAO519,90,25,55.319,N-BK7,4.5,-40.672,N-SF5,2,-118.192
LEN,MG,,01LAO523,100,26.5,64.041,N-SK11,4.8,-44.879,N-SF5,2,-182.715
LEN,MG,,01LAO524,100,30,64.28,N-SK11,6.2,-44.98,N-SF5,2.5,-180.44
LEN,MG,,01LAO526,100,31.5,64.28,N-SK11,6.2,-44.98,N-SF5,2.5,-180.44
LEN,MG,,01LAO527,100.1,50,65.786,N-BAK4,14,-50.057,N-SF10,3.5,-155.17
LEN,MG,,01LAO534,120,24,79.618,N-BAK4,3.5,-58.956,N-SF10,2,-185.171
LEN,MG,,01LAO535,120,30,79.65,N-BK7,7.7,-50.531,N-SF5,3,-133.851
LEN,MG,,01LAO536,120,50,75.124,N-BK7,13,-55.192,N-SF5,4,-152.595
LEN,MG,,01LAO538,120,40,77.208,N-SK11,8.2,-54.089,N-SF5,3,-216.123
LEN,MG,,01LAO539,140,30,93.223,N-BK7,6.5,-59.14,N-SF5,2.5,-156.666
LEN,MG,,01LAO545,140,40,89.928,N-SK11,7.1,-62.909,N-SF5,3,-253.807
LEN,MG,,01LAO548,148,19,93.95,N-SK11,2.7,-68.101,N-SF5,1.9,-283.49
LEN,MG,,01LAO549,160,30,106.067,N-BAK1,4.1,-70.367,N-SF8,2.4,-271.982
LEN,MG,,01LAO550,150,25,91.273,N-BAK1,4,-69.362,N-SF8,2.2,-329.506
LEN,MG,,01LAO551,150,50,88.664,N-BAK4,9.5,-80.518,N-SF10,3,-322.521
LEN,MG,,01LAO555,160,31.5,106.067,N-BAK4,4.1,-78.784,N-SF10,2.4,-247.949
LEN,MG,,01LAO559,160,40,102.596,N-SK11,6.4,-71.922,N-SF5,3,-292.227
LEN,MG,,01LAO560,160,80,105.109,N-BAK4,22,-80.151,N-SF10,5,-248.979
LEN,MG,,01LAO567,175,25,100.668,N-BK7,3,-81.886,N-SF5,2.5,-268.88
LEN,MG,,01LAO569,180,30,120.149,N-BK7,5.2,-76.208,N-SF5,2.9,-201.898
LEN,MG,,01LAO577,180,40,118.413,N-SK11,6,-80.25,N-SF5,3.6,-308.452
LEN,MG,,01LAO588,190,19,134.102,N-BAK1,3,-79.198,N-SF8,3,-277.256
LEN,MG,,01LAO589,200,30,135.556,N-BAK1,4.9,-85.881,N-SF8,3.2,-319.736
LEN,MG,,01LAO622,200,31.5,135.556,N-BAK1,4.9,-86.067,N-SF8,3.2,-320.173
LEN,MG,,01LAO624,200,50,123.117,N-BK7,9,-90.964,N-SF5,3.5,-263.829
LEN,MG,,01LAO625,200,40,113.547,N-BK7,6.6,-94.595,N-SF5,4,-317.314
LEN,MG,,01LAO626,250,30,158.604,N-SK11,4.1,-115.314,N-SF5,3.1,-480.769
LEN,MG,,01LAO629,250,31.5,158.604,N-SK11,4.1,-115.314,N-SF5,3.1,-480.769
LEN,MG,,01LAO631,250,50,151.578,N-BAK1,8.5,-116.719,N-SF8,4.3,-558.548
LEN,MG,,01LAO635,260.1,32,164.962,N-SK11,4.4,-119.918,N-SF5,3.2,-500
LEN,MG,,01LAO638,260.1,50,166.639,N-SK11,6.9,-117.578,N-SF5,5.4,-478.469
LEN,MG,,01LAO639,300,30,186.873,N-BK7,5,-134.007,N-SF5,4.4,-385.903
LEN,MG,,01LAO644,300,31.5,186.873,N-BK7,5,-134.007,N-SF5,4.4,-385.903
LEN,MG,,01LAO648,300.1,40,190.803,N-SK11,5.1,-138.026,N-SF5,4.2,-571.755
LEN,MG,,01LAO656,300.1,50,192.493,N-SK11,6.7,-136.612,N-SF5,8,-552.181
LEN,MG,,01LAO667,300,82,197.863,N-SK11,12.5,-133.708,N-SF5,7.1,-509.424
LEN,MG,,01LAO677,349.9,40,238.72,N-BAK1,4,-149.476,N-SF8,3,-553.671
LEN,MG,,01LAO688,400,40,225.599,N-BK7,4,-191.537,N-SF5,4,-654.553
LEN,MG,,01LAO690,400,50,277.283,N-BK7,6,-164.797,N-SF5,5,-422.819
LEN,MG,,01LAO733,400.1,63,262.123,N-SK11,7,-179.759,N-SF5,5,-699.301
LEN,MG,,01LAO739,450,40,291.698,N-BK7,4.3,-193.784,N-SF5,3.9,-533.947
LEN,MG,,01LAO745,500,50,274.551,N-BK7,6,-240.809,N-SF5,4,-875.832
LEN,MG,,01LAO766,1000,80,554.102,N-BK7,5,-486.797,N-SF5,5,-1732.129
LEN,MG,,01LAO771,15,12.5,10.127,N-SSK8,6.3,-7.887,SF11,1.5,-26.177
LEN,MG,,01LAO773,20,12.5,12.493,N-BAK4,5.5,-9.911,N-SF10,1.5,-32.975
LEN,MG,,01LAO775,25,12.5,15.796,N-BAK4,4.5,-12.419,N-SF10,1,-41.521
LEN,MG,,01LAO777,50,12.5,31.04,N-BK7,3.5,-22.154,N-SF5,1.5,-63.386
LEN,MG,,01LAO779,100,12.5,62.198,N-BK7,3,-44.382,N-SF5,1.5,-128.057
LEN,MG,,01LAO781,250,12.5,224.625,N-BK7,3,-91.365,N-SF5,1.5,-197.011
LEN,MG,,01LAO783,25,25,18.911,N-SSK5,15,-13.5,SF6,4,-39.99
LEN,MG,,01LAO785,37.5,25,23.46,N-BAK4,12,-18.334,N-SF10,3,-60.289
LEN,MG,,01LAO787,50,25,31.954,N-BAK4,9,-24.125,N-SF10,2.5,-78.956
LEN,MG,,01LAO789,125,25,77.602,N-BK7,5,-55.89,N-SF5,2.3,-160.899
LEN,MG,,01LAO791,200,25,124.328,N-BK7,4,-89.446,N-SF5,2.5,-258.327
LEN,MG,,01LAO793,250,25,158.012,N-BK7,3.8,-110.493,N-SF5,2.5,-312.647
LEN,MG,,01LAO795,300,25,187.461,N-BK7,3,-134.005,N-SF5,2.5,-385.149
LEN,MG,,01LAO797,350,25,227.631,N-BK7,3,-151.921,N-SF5,2.5,-415.724
LEN,MG,,01LAO799,400,25,259.202,N-BK7,3,-174.014,N-SF5,2.5,-478.46
LEN,MG,,01LAO801,500,25,354.083,N-BK7,3,-205.789,N-SF5,2.5,-517.218
LEN,MG,,01LAO803,50,50,36.454,N-SSK5,28.5,-28,SF6,6,-93.506
LEN,MG,,01LAO805,75,50,48.982,N-SSK8,20,-40.934,SF11,4,-155.788
LEN,MG,,01LAO807,600,50,366.82,N-BK7,5,-272.428,N-SF5,5,-807.518
LEN,MG,,01LAO809,700,50,436.565,N-BK7,5,-313.093,N-SF5,5,-903.011
LEN,MG,,01LAO811,800,50,521.253,N-BK7,5,-346.947,N-SF5,4,-948.212
LEN,MG,,01LAO813,1000,50,570.912,N-BK7,5,-478.603,N-SF5,4.8,-1596.606
LEN,MG,,01LAO815,100,75,69.027,N-BAF10,31,-55.96,SF11,7,-315.303,,,,,,,,,,,,
LEN,MG,,01LAO817,125,75,80.937,N-SSK8,27,-70.712,SF11,7,-275.657,,,,,,,,,,,,
LEN,MG,,01LAO819,150,75,99.578,N-SSK8,25,-80.783,SF11,5,-300.603,,,,,,,,,,,,
LEN,MG,,01LAO821,150,75,88.527,N-BK7,25,-70.228,N-SF5,7,-210.922,,,,,,,,,,,,
LEN,MG,,01CMP001,10,10,0,PYREX,3.2,-9.423,Air,0.51,9.423,PYREX,3.2,0,,,,,,,,,
LEN,MG,,01CMP005,15,15,0,PYREX,3.86,-14.173,Air,0.51,14.173,PYREX,3.86,0,,,,,,,,,
LEN,MG,,01CMP009,25,25,0,PYREX,5.23,-23.724,Air,0.53,23.724,PYREX,5.23,0,,,,,,,,,
LEN,MG,,01CMP021,75,75,0,PYREX,12.73,-71.374,Air,0.64,71.374,PYREX,12.73,0,,,,,,,,,
LEN,MG,,01CMP101,10,10,-17.932,PYREX,3.89,-6.807,Air,0.23,18.059,PYREX,3.1,-18.059,,,,,,,,,
LEN,MG,,01CMP109,25,25,-56.921,PYREX,7.39,-16.967,Air,0.3,48.26,PYREX,6.53,-48.26,,,,,,,,,
LEN,MG,,01CMP113,35,35,-79.68,PYREX,10.36,-23.749,Air,0.46,67.564,PYREX,9.14,-67.564,,,,,,,,,
LEN,MG,,01CMP117,50,50,-151.308,PYREX,12.4,-35.484,Air,0.64,98.171,PYREX,10.69,-98.171,,,,,,,,,
LEN,MG,,01CMP121,75,75,-311.861,PYREX,15.16,-56.413,Air,0.97,146.101,PYREX,13.41,-146.101,,,,,,,,,
LEN,MG,,01CMP103,10,10,-37.033,SILICA,3.94,-7.163,Air,0.23,18.618,SILICA,3.25,-18.618,,,,,,,,,
LEN,MG,,01CMP107,15,15,-55.55,SILICA,5.89,-10.744,Air,0.33,27.94,SILICA,4.88,-27.94,,,,,,,,,
LEN,MG,,GLC001,6.5095,10,15.018,BAK2,4.441,-6.9485,SF4,1.283,-39.009,AIR,0.128,10.509,SF11,3.64,23.925,AIR,0.979,5.6561,SF11,5.132,0
LEN,MG,,GLC002,8.0191,10,9.7887,SF11,2.5,79.436,AIR,0.2,5.4911,SF11,2.5,6.9493,AIR,1,0,SF11,4,0
LEN,MG,,GLC003,14.515,8,16.214,SK11,3.558,-10.487,SF5,2.542,-42.576,AIR,0.587,7.965,SF11,4,8.486,,,
LEN,MG,,GLC004,25.598,8,16.214,SK11,3.558,-10.487,SF5,2.542,-42.576,,,,,,,,,
LEN,MG,,GLC005,48.15,10,31.15,SSK4,3.7,-21.75,SF8,1.5,-156.87,,,,,,,,,
LEN,MG,,GLC006,50.062,20,73.311,SK11,6.862,-39.927,SF5,3.815,-244.07,AIR,0.469,33.109,SF10,4.851,76.07,,,
LEN,MG,,GLR001,119.93,48,125.27,SK11,7.997,-115.2,SF5,4.205,-555.67,AIR,0.748,73.859,SF11,5.776,110,,,
LEN,MG,,GLR002,211.42,48,125.27,SK11,7.997,-115.2,SF5,4.205,-555.67,,,,,,,,,
