TYPE,MANUF. ID,CAT,P/N,Focal Lth,CA,Radius 1,Material1,Thick1,Radius 2,Material2,Thick2,Radius 3,Material3,Thick3,Radius 4,Material4,Thick4,Radius 5,Material5,Thick5,Radius 6
LEN,OS,,11-0040,1.5,1.8,1.28,LaSFN9,1.9,0,,,,,,,,,,,,
LEN,OS,,11-0050,2,1.8,1.71,LaSFN9,1.5,0,,,,,,,,,,,,
LEN,OS,,11-0060,2.5,1.8,2.14,LaSFN9,1.6,0,,,,,,,,,,,,
LEN,OS,,11-0070,3,1.8,2.57,LaSFN9,1.3,0,,,,,,,,,,,,
LEN,OS,,11-0080,2.5,2.7,2.14,LaSFN9,2.1,0,,,,,,,,,,,,
LEN,OS,,11-0090,3,2.7,2.57,LaSFN9,2,0,,,,,,,,,,,,
LEN,OS,,11-0110,4,2.7,3.42,LaSFN9,1.3,0,,,,,,,,,,,,
LEN,OS,,11-0120,6,2.7,3.66,SK2,1.4,0,,,,,,,,,,,,
LEN,OS,,11-0150,4,3.6,2.44,SK2,2.5,0,,,,,,,,,,,,
LEN,OS,,11-0160,6,3.6,3.66,SK2,1.3,0,,,,,,,,,,,,
LEN,OS,,11-0170,8,3.6,4.88,SK2,1.5,0,,,,,,,,,,,,
LEN,OS,,11-0180,10,3.6,6.1,SK2,1.5,0,,,,,,,,,,,,
LEN,OS,,11-0220,8,4.5,4.15,BK7,2.2,0,,,,,,,,,,,,
LEN,OS,,11-0225,9,4.5,4.67,BK7,2,0,,,,,,,,,,,,
LEN,OS,,11-0230,10,4.5,5.19,BK7,1.9,0,,,,,,,,,,,,
LEN,OS,,11-0250,12,4.5,6.23,BK7,1.7,0
LEN,OS,,11-0260,15,4.5,7.79,BK7,1.6,0
LEN,OS,,11-0270,20,4.5,10.38,BK7,1.4,0
LEN,OS,,11-0280,25,4.5,12.98,BK7,1.3,0
LEN,OS,,11-0290,30,4.5,15.57,BK7,1.3,0
LEN,OS,,11-0330,8,5.4,4.15,BK7,2.3,0
LEN,OS,,11-0340,9,5.4,4.67,BK7,2.1,0
LEN,OS,,11-0350,10,5.4,1.67,BK7,2,0
LEN,OS,,11-0370,15,5.4,7.79,BK7,1.6,0
LEN,OS,,11-0380,20,5.4,10.38,BK7,1.4,0
LEN,OS,,11-0440,30,5.4,15.57,BK7,1.3,0
LEN,OS,,11-0450,12,5.4,6.23,BK7,1.8,0
LEN,OS,,11-0460,25,5.4,12.98,BK7,1.4,0
LEN,OS,,11-0461,10,6.3,5.19,BK7,3.4,0
LEN,OS,,11-0462,12,6.3,6.23,BK7,3,0
LEN,OS,,11-0463,15,6.3,7.79,BK7,2.6,0
LEN,OS,,11-0464,20,6.3,10.38,BK7,2.3,0
LEN,OS,,11-0465,25,6.3,12.98,BK7,2.2,0
LEN,OS,,11-0466,30,6.3,15.57,BK7,2,0
LEN,OS,,11-0467,40,6.3,20.76,BK7,1.9,0
LEN,OS,,11-0468,50,6.3,25.95,BK7,1.8,0
LEN,OS,,11-0470,10,7.2,5.19,BK7,3.4,0
LEN,OS,,11-0480,12,7.2,6.23,BK7,3,0
LEN,OS,,11-0490,15,7.2,7.79,BK7,2.6,0
LEN,OS,,11-0550,20,7.2,10.38,BK7,2.3,0
LEN,OS,,11-0560,25,7.2,12.98,BK7,2.1,0
LEN,OS,,11-0570,30,7.2,15.57,BK7,2,0
LEN,OS,,11-0580,40,7.2,20.76,BK7,1.9,0
LEN,OS,,11-0590,50,7.2,25.95,BK7,1.8,0
LEN,OS,,11-0660,15,9,7.79,BK7,3.8,0
LEN,OS,,11-0670,20,9,10.38,BK7,3.3,0
LEN,OS,,11-0680,25,9,12.98,BK7,3,0
LEN,OS,,11-0690,30,9,15.57,BK7,2.8,0
LEN,OS,,11-0770,40,9,20.76,BK7,2.6,0
LEN,OS,,11-0780,50,9,25.95,BK7,2.5,0
LEN,OS,,11-0790,60,9,31.14,BK7,2.4,0
LEN,OS,,11-0870,70,9,36.33,BK7,2.3,0
LEN,OS,,11-0890,80,9,41.52,BK7,2.3,0
LEN,OS,,11-0900,90,9,46.71,BK7,2.3,0
LEN,OS,,11-0990,100,9,51.9,BK7,2.2,0
LEN,OS,,11-1110,20,11.4,10.38,BK7,4.2,0
LEN,OS,,11-1120,25,11.4,12.98,BK7,3.7,0
LEN,OS,,11-1125,30,11.4,15.57,BK7,3.4,0
LEN,OS,,11-1130,40,11.4,20.76,BK7,3,0
LEN,OS,,11-1140,50,11.4,25.95,BK7,2.5,0
LEN,OS,,11-1150,60,11.4,31.14,BK7,2.5,0
LEN,OS,,11-1155,70,11.4,36.33,BK7,2.6,0
LEN,OS,,11-1160,80,11.4,41.52,BK7,2.3,0
LEN,OS,,11-1170,100,11.4,51.9,BK7,2.2,0
LEN,OS,,11-1180,20,13.5,10.38,BK7,5.2,0
LEN,OS,,11-1190,25,13.5,12.98,BK7,4.4,0
LEN,OS,,11-1220,30,13.5,15.57,BK7,3.9,0
LEN,OS,,11-1230,40,13.5,20.76,BK7,3.4,0
LEN,OS,,11-1240,50,13.5,25.95,BK7,3.1,0
LEN,OS,,11-1250,60,13.5,31.14,BK7,2.9,0
LEN,OS,,11-1255,70,13.5,36.33,BK7,2.8,0
LEN,OS,,11-1260,80,13.5,41.52,BK7,2.7,0
LEN,OS,,11-1265,90,13.5,46.71,BK7,2.6,0
LEN,OS,,11-1270,100,13.5,51.9,BK7,2.5,0
LEN,OS,,11-1275,120,13.5,62.28,BK7,2.5,0
LEN,OS,,11-1280,150,13.5,77.85,BK7,2.4,0
LEN,OS,,11-1290,25,18,12.98,BK7,6.7,0
LEN,OS,,11-1330,30,18,15.57,BK7,5.6,0
LEN,OS,,11-1340,40,18,20.76,BK7,4.6,0
LEN,OS,,11-1350,50,18,25.95,BK7,4,0
LEN,OS,,11-1360,60,18,31.14,BK7,3.7,0
LEN,OS,,11-1365,70,18,36.33,BK7,3.4,0
LEN,OS,,11-1370,80,18,41.52,BK7,3.2,0
LEN,OS,,11-1375,90,18,46.71,BK7,3.1,0
LEN,OS,,11-1380,100,18,51.9,BK7,3,0
LEN,OS,,11-1390,120,18,62.28,BK7,2.8,0
LEN,OS,,11-1440,150,18,77.85,BK7,2.6,0
LEN,OS,,11-1445,170,18,88.23,BK7,2.6,0
LEN,OS,,11-1450,200,18,103.8,BK7,2.5,0
LEN,OS,,11-1460,30,22.5,15.57,BK7,8.3,0
LEN,OS,,11-1470,35,22.5,18.17,BK7,7,0
LEN,OS,,11-1480,40,22.5,20.76,BK7,6.2,0
LEN,OS,,11-1490,50,22.5,25.95,BK7,5.2,0
LEN,OS,,11-1550,60,22.5,31.14,BK7,4.6,0
LEN,OS,,11-1555,70,22.5,36.33,BK7,4.2,0
LEN,OS,,11-1560,80,22.5,41.52,BK7,3.9,0
LEN,OS,,11-1565,90,22.5,46.71,BK7,3.7,0
LEN,OS,,11-1570,100,22.5,51.9,BK7,3.5,0
LEN,OS,,11-1580,120,22.5,62.28,BK7,3.3,0
LEN,OS,,11-1590,150,22.5,77.85,BK7,3,0
LEN,OS,,11-1610,170,22.5,88.23,BK7,2.9,0
LEN,OS,,11-1660,200,22.5,103.8,BK7,2.8,0
LEN,OS,,11-1670,250,22.5,129.75,BK7,2.6,0
LEN,OS,,11-1675,30,22.9,15.57,BK7,8.5,0
LEN,OS,,11-1677,35,22.9,18.17,BK7,7,0
LEN,OS,,11-1680,40,22.9,20.76,BK7,6.2,0
LEN,OS,,11-1690,50,22.9,25.95,BK7,5.2,0
LEN,OS,,11-1770,60,22.9,31.14,BK7,4.6,0
LEN,OS,,11-1775,70,22.9,36.33,BK7,4.2,0
LEN,OS,,11-1780,80,22.9,41.52,BK7,3.9,0
LEN,OS,,11-1785,90,22.9,46.71,BK7,3.7,0
LEN,OS,,11-1790,100,22.9,51.9,BK7,3.5,0
LEN,OS,,11-1880,120,22.9,62.28,BK7,3.3,0
LEN,OS,,11-1890,150,22.9,77.85,BK7,3,0
LEN,OS,,11-1892,170,22.9,88.23,BK7,2.9,0
LEN,OS,,11-1895,200,22.9,103.8,BK7,2.8,0
LEN,OS,,11-1990,250,22.9,129.75,BK7,2.6,0
LEN,OS,,11-1992,300,22.9,155.7,BK7,2.7,0
LEN,OS,,11-1996,500,22.9,259.5,BK7,2.4,0
LEN,OS,,11-1999,700,22.9,363.3,BK7,2.3,0
LEN,OS,,11-2004,1000,22.9,519,BK7,2.2,0
LEN,OS,,11-2220,35,27,18.17,BK7,9.9,0
LEN,OS,,11-2230,40,27,20.76,BK7,8.4,0
LEN,OS,,11-2240,50,27,25.95,BK7,6.8,0
LEN,OS,,11-2250,60,27,31.14,BK7,5.9,0
LEN,OS,,11-2260,70,27,36.33,BK7,5.2,0
LEN,OS,,11-2270,80,27,41.52,BK7,4.8,0
LEN,OS,,11-2275,90,27,46.71,BK7,4.5,0
LEN,OS,,11-2280,100,27,51.9,BK7,4.2,0
LEN,OS,,11-2290,120,27,62.28,BK7,3.8,0
LEN,OS,,11-2330,150,27,77.85,BK7,3.5,0
LEN,OS,,11-2335,170,27,88.23,BK7,3.3,0
LEN,OS,,11-2340,200,27,103.8,BK7,3.1,0
LEN,OS,,11-2345,220,27,114.18,BK7,3,0
LEN,OS,,11-2350,250,27,129.75,BK7,2.9,0
LEN,OS,,11-2352,300,27,155.7,BK7,2.7,0
LEN,OS,,11-2354,350,27,181.65,BK7,2.6,0
LEN,OS,,11-2356,400,27,207.6,BK7,2.5,0
LEN,OS,,11-2358,450,27,233.55,BK7,2.5,0
LEN,OS,,11-2360,500,27,259.5,BK7,2.4,0
LEN,OS,,11-2362,600,27,311.4,BK7,2.4,0
LEN,OS,,11-2364,700,27,363.3,BK7,2.3,0
LEN,OS,,11-2366,800,27,415.2,BK7,2.3,0
LEN,OS,,11-2368,900,27,467.1,BK7,2.2,0
LEN,OS,,11-2370,1000,27,519,BK7,2.2,0
LEN,OS,,11-2372,1200,27,622.8,BK7,2.2,0
LEN,OS,,11-2374,1500,27,778.5,BK7,2.1,0
LEN,OS,,11-2376,2000,27,1038,BK7,2.1,0
LEN,OS,,11-2378,2500,27,1297.5,BK7,2.1,0
LEN,OS,,11-2380,3000,27,1557,BK7,2.1,0
LEN,OS,,11-2382,4000,27,2076,BK7,2.1,0
LEN,OS,,11-2384,5000,27,2595,BK7,2,0
LEN,OS,,11-2440,50,34.3,25.95,BK7,10.3,0
LEN,OS,,11-2450,60,34.3,31.14,BK7,8.5,0
LEN,OS,,11-2460,80,34.3,41.52,BK7,6.6,0
LEN,OS,,11-2470,100,34.3,51.9,BK7,5.6,0
LEN,OS,,11-2480,120,34.3,62.28,BK7,5,0
LEN,OS,,11-2490,50,36,25.95,BK7,11.4,0
LEN,OS,,11-2550,60,36,31.14,BK7,9.3,0
LEN,OS,,11-2560,70,36,36.33,BK7,8,0
LEN,OS,,11-2570,80,36,41.52,BK7,7.1,0
LEN,OS,,11-2575,90,36,46.71,BK7,6.5,0
LEN,OS,,11-2580,100,36,51.9,BK7,6,0
LEN,OS,,11-2590,120,36,62.28,BK7,5.3,0
LEN,OS,,11-2660,150,36,77.85,BK7,4.6,0
LEN,OS,,11-2665,170,36,88.23,BK7,4.3,0
LEN,OS,,11-2670,200,36,103.8,BK7,4,0
LEN,OS,,11-2680,250,36,129.75,BK7,3.6,0
LEN,OS,,11-2682,300,36,155.7,BK7,3.3,0
LEN,OS,,11-2683,350,36,181.65,BK7,3.1,0
LEN,OS,,11-2685,400,36,207.6,BK7,3,0
LEN,OS,,11-2687,450,36,233.55,BK7,2.9,0
LEN,OS,,11-2690,500,36,259.5,BK7,2.8,0
LEN,OS,,11-2710,600,36,311.4,BK7,2.6,0
LEN,OS,,11-2720,700,36,363.3,BK7,2.6,0
LEN,OS,,11-2775,900,36,467.1,BK7,2.4,0
LEN,OS,,11-2870,70,45,36.33,BK7,13,0
LEN,OS,,11-2880,80,45,41.52,BK7,11.4,0
LEN,OS,,11-2885,90,45,46.71,BK7,10.3,0
LEN,OS,,11-2890,100,45,51.9,BK7,9.4,0
LEN,OS,,11-2990,120,45,62.28,BK7,8.2,0
LEN,OS,,11-3330,150,45,77.85,BK7,7.1,0
LEN,OS,,11-3335,170,45,88.23,BK7,6.6,0
LEN,OS,,11-3340,200,45,103.8,BK7,6.1,0
LEN,OS,,11-3350,250,45,129.75,BK7,5.4,0
LEN,OS,,11-3352,300,45,155.7,BK7,5,0
LEN,OS,,11-3354,350,45,181.65,BK7,4.7,0
LEN,OS,,11-3356,400,45,207.6,BK7,4.5,0
LEN,OS,,11-3358,450,45,233.55,BK7,4.3,0
LEN,OS,,11-3360,500,45,259.5,BK7,4.2,0
LEN,OS,,11-3364,600,45,311.4,BK7,4,0
LEN,OS,,11-3366,700,45,363.3,BK7,3.9,0
LEN,OS,,11-3370,800,45,415.2,BK7,3.8,0
LEN,OS,,11-3374,900,45,467.1,BK7,3.7,0
LEN,OS,,11-3380,1000,45,519,BK7,3.6,0
LEN,OS,,11-3382,1200,45,622.8,BK7,3.5,0
LEN,OS,,11-3384,1500,45,778.5,BK7,3.4,0
LEN,OS,,11-3386,2000,45,1038,BK7,3.3,0
LEN,OS,,11-3388,2500,45,1297.5,BK7,3.2,0
LEN,OS,,11-3390,3000,45,1557,BK7,3.2,0
LEN,OS,,11-3392,4000,45,2076,BK7,3.2,0
LEN,OS,,11-3394,5000,45,2595,BK7,3.1,0
LEN,OS,,11-3396,70,45.7,36.33,BK7,13.4,0
LEN,OS,,11-3450,80,45.7,41.52,BK7,11.7,0
LEN,OS,,11-3460,90,45.7,46.71,BK7,10.3,0
LEN,OS,,11-3470,100,45.7,51.9,BK7,9.6,0
LEN,OS,,11-3480,120,45.7,62.28,BK7,8.2,0
LEN,OS,,11-3490,150,45.7,77.85,BK7,7.1,0
LEN,OS,,11-3500,170,45.7,88.23,BK7,6.6,0
LEN,OS,,11-3520,200,45.7,103.8,BK7,6.1,0
LEN,OS,,11-3550,250,45.7,129.75,BK7,5.4,0
LEN,OS,,11-3552,300,45.7,155.7,BK7,5,0
LEN,OS,,11-3556,400,45.7,207.6,BK7,4.5,0
LEN,OS,,11-3560,500,45.7,259.5,BK7,4.2,0
LEN,OS,,11-3564,700,45.7,363.3,BK7,3.9,0
LEN,OS,,11-3570,1000,45.7,519,BK7,3.6,0
LEN,OS,,11-3660,70,54,36.33,BK7,18.8,0
LEN,OS,,11-3670,80,54,41.52,BK7,15.8,0
LEN,OS,,11-3675,90,54,46.71,BK7,13.9,0
LEN,OS,,11-3680,100,54,51.9,BK7,12.6,0
LEN,OS,,11-3690,120,54,62.28,BK7,10.7,0
LEN,OS,,11-3770,150,54,77.85,BK7,9,0
LEN,OS,,11-3775,170,54,88.23,BK7,8.3,0
LEN,OS,,11-3780,200,54,103.8,BK7,7.4,0
LEN,OS,,11-3785,220,54,114.18,BK7,7,0
LEN,OS,,11-3790,250,54,129.75,BK7,6.5,0
LEN,OS,,11-3880,300,54,155.7,BK7,5.9,0
LEN,OS,,11-3885,350,54,181.65,BK7,5.5,0
LEN,OS,,11-3887,400,54,207.6,BK7,5.2,0
LEN,OS,,11-3888,450,54,233.55,BK7,4.9,0
LEN,OS,,11-3910,600,54,311.4,BK7,4.4,0
LEN,OS,,11-3930,700,54,363.3,BK7,4.2,0
LEN,OS,,11-4490,100,72,51.9,BK7,21.8,0
LEN,OS,,11-4550,150,72,77.85,BK7,14.1,0
LEN,OS,,11-4560,200,72,103.8,BK7,11,0
LEN,OS,,11-4565,250,72,129.75,BK7,9.3,0
LEN,OS,,11-4570,300,72,155.7,BK7,8.2,0
LEN,OS,,11-4572,350,72,181.65,BK7,7.5,0
LEN,OS,,11-4575,400,72,207.6,BK7,6.9,0
LEN,OS,,11-4580,500,72,259.5,BK7,6.1,0
LEN,OS,,11-4584,600,72,311.4,BK7,5.6,0
LEN,OS,,11-4588,700,72,363.3,BK7,5.2,0
LEN,OS,,11-4670,150,90,77.85,BK7,21.2,0
LEN,OS,,11-4680,200,90,103.8,BK7,15.8,0
LEN,OS,,11-4690,250,90,129.75,BK7,13,0
LEN,OS,,11-4770,300,90,155.7,BK7,11.3,0
LEN,OS,,11-4772,350,90,181.65,BK7,10,0
LEN,OS,,11-4775,400,90,207.6,BK7,9.1,0
LEN,OS,,11-4780,500,90,259.5,BK7,7.9,0
LEN,OS,,11-4782,600,90,311.4,BK7,7,0
LEN,OS,,11-4785,700,90,363.3,BK7,6.5,0
LEN,OS,,11-4790,800,90,415.2,BK7,6,0
LEN,OS,,11-4880,1000,90,519,BK7,5.4,0
LEN,OS,,12-0050,-15,9,-6.9,QUARTZ,2,0
LEN,OS,,12-0060,-20,9,-9.2,QUARTZ,2,0
LEN,OS,,12-0070,-25,9,-11.5,QUARTZ,2,0
LEN,OS,,12-0080,-30,9,-13.8,QUARTZ,2,0
LEN,OS,,12-0081,-40,9,-18.4,QUARTZ,2,0
LEN,OS,,12-0083,-20,11.4,-9.2,QUARTZ,2,0
LEN,OS,,12-0084,-25,11.4,-11.5,QUARTZ,2,0
LEN,OS,,12-0085,-30,11.4,-13.8,QUARTZ,2,0
LEN,OS,,12-0086,-40,11.4,-18.4,QUARTZ,2,0
LEN,OS,,12-0087,-20,13.5,-9.2,QUARTZ,2,0
LEN,OS,,12-0088,-25,13.5,-11.5,QUARTZ,2,0
LEN,OS,,12-0089,-30,13.5,-13.8,QUARTZ,2,0
LEN,OS,,12-0090,-25,18,-11.5,QUARTZ,2,0
LEN,OS,,12-0110,-30,18,-13.8,QUARTZ,2,0
LEN,OS,,12-0120,-40,18,-18.4,QUARTZ,2,0
LEN,OS,,12-0130,-50,18,-23,QUARTZ,2,0
LEN,OS,,12-0132,-30,22.5,-13.8,QUARTZ,2,0
LEN,OS,,12-0133,-35,22.5,-16.1,QUARTZ,2,0
LEN,OS,,12-0134,-40,22.5,-18.4,QUARTZ,2,0
LEN,OS,,12-0140,-50,22.5,-23,QUARTZ,2,0
LEN,OS,,12-0142,-60,22.5,-27.6,QUARTZ,2,0
LEN,OS,,12-0145,-70,22.5,-32.2,QUARTZ,2,0
LEN,OS,,12-0150,-80,22.5,-36.8,QUARTZ,2,0
LEN,OS,,12-0160,-100,22.5,-46,QUARTZ,2,0
LEN,OS,,12-0165,-120,22.5,-55.2,QUARTZ,2,0
LEN,OS,,12-0170,-150,22.5,-69,QUARTZ,2,0
LEN,OS,,12-0180,-200,22.5,-92,QUARTZ,2,0
LEN,OS,,12-0222,-30,22.9,-13.8,QUARTZ,2,0
LEN,OS,,12-0225,-35,22.9,-16.1,QUARTZ,2,0
LEN,OS,,12-0227,-40,22.9,-18.4,QUARTZ,2,0
LEN,OS,,12-0230,-50,22.9,-23,QUARTZ,2,0
LEN,OS,,12-0232,-60,22.9,-27.6,QUARTZ,2,0
LEN,OS,,12-0235,-70,22.9,-32.2,QUARTZ,2,0
LEN,OS,,12-0240,-80,22.9,-36.8,QUARTZ,2,0
LEN,OS,,12-0250,-100,22.9,-46,QUARTZ,2,0
LEN,OS,,12-0260,-35,27,-16.1,QUARTZ,2,0
LEN,OS,,12-0330,-40,27,-18.4,QUARTZ,2,0
LEN,OS,,12-0340,-50,27,-23,QUARTZ,2,0
LEN,OS,,12-0342,-60,27,-27.6,QUARTZ,2,0
LEN,OS,,12-0345,-70,27,-32.2,QUARTZ,2,0
LEN,OS,,12-0350,-80,27,-38.8,QUARTZ,2,0
LEN,OS,,12-0360,-100,27,-46,QUARTZ,2,0
LEN,OS,,12-0370,-150,27,-69,QUARTZ,2,0
LEN,OS,,12-0380,-200,27,-92,QUARTZ,2,0
LEN,OS,,12-0390,-250,27,-115,QUARTZ,2,0
LEN,OS,,12-0440,-70,45,-32.2,QUARTZ,3,0
LEN,OS,,12-0445,-80,45,-36.8,QUARTZ,3,0
LEN,OS,,12-0450,-100,45,-48,QUARTZ,3,0
LEN,OS,,12-0460,-150,45,-69,QUARTZ,3,0
LEN,OS,,12-0470,-200,45,-92,QUARTZ,3,0
LEN,OS,,12-0475,-250,45,-115,QUARTZ,3,0
LEN,OS,,12-0480,-300,45,-138,QUARTZ,3,0
LEN,OS,,12-0540,-70,45.7,-32.2,QUARTZ,3,0
LEN,OS,,12-0550,-80,45.7,-36.8,QUARTZ,3,0
LEN,OS,,12-0560,-100,45.7,-46,QUARTZ,3,0
LEN,OS,,12-0570,-150,45.7,-69,QUARTZ,3,0
LEN,OS,,12-0580,-200,45.7,-92,QUARTZ,3,0
LEN,OS,,12-0590,-300,45.7,-138,QUARTZ,3,0
LEN,OS,,13-0010,3,2.7,3.35,SK2,1.8,-3.35
LEN,OS,,13-0020,4,2.7,3.81,BK7,1.8,-3.81
LEN,OS,,13-0030,6,2.7,5.95,BK7,1.5,-5.95
LEN,OS,,13-0060,4,3.6,4.57,SK2,2.2,-4.57
LEN,OS,,13-0070,6,3.6,5.95,BK7,1.9,-5.95
LEN,OS,,13-0080,8,3.6,7.96,BK7,1.7,-7.96
LEN,OS,,13-0120,6.4,4.5,6.23,BK7,2.5,-6.23
LEN,OS,,13-0130,8.4,4.5,8.3,BK7,2.2,-8.3
LEN,OS,,13-0140,10.3,4.5,10.38,BK7,1.9,-10.38
LEN,OS,,13-0160,12.3,4.5,12.46,BK7,1.7,-12.46
LEN,OS,,13-0230,6.4,5.4,6.23,BK7,2.5,-6.23
LEN,OS,,13-0240,8.4,5.4,8.3,BK7,2.1,-8.3
LEN,OS,,13-0260,10.3,5.4,10.38,BK7,1.9,-10.38
LEN,OS,,13-0270,12.3,5.4,12.46,BK7,1.7,-12.46
LEN,OS,,13-0410,8.6,6.3,8.3,BK7,3.5,-8.3
LEN,OS,,13-0420,10.5,6.3,10.38,BK7,3.1,-10.38
LEN,OS,,13-0430,12.5,6.3,12.46,BK7,2.8,-12.46
LEN,OS,,13-0440,15.4,6.3,15.57,BK7,2.5,-15.57
LEN,OS,,13-0450,20.4,6.3,20.76,BK7,2.3,-20.76
LEN,OS,,13-0550,8.6,7.2,8.3,BK7,3.6,-8.3
LEN,OS,,13-0560,10.5,7.2,10.38,BK7,3.1,-10.38
LEN,OS,,13-0570,12.5,7.2,12.46,BK7,2.8,-12.46
LEN,OS,,13-0580,15.4,7.2,15.57,BK7,2.5,-15.57
LEN,OS,,13-0590,20.4,7.2,20.76,BK7,2.3,-20.76
LEN,OS,,13-0660,25.4,7.2,25.95,BK7,2.1,-25.95
LEN,OS,,13-0770,10.8,9,10.38,BK7,4.6,-10.38
LEN,OS,,13-0780,15.6,9,15.57,BK7,3.6,-15.57
LEN,OS,,13-0790,20.5,9,20.76,BK7,3.2,-20.76
LEN,OS,,13-0880,25.5,9,25.95,BK7,3,-25.95
LEN,OS,,13-0890,30.5,9,31.14,BK7,2.8,-31.14
LEN,OS,,13-0990,40.4,9,41.52,BK7,2.6,-41.52
LEN,OS,,13-1110,50.4,9,51.9,BK7,2.5,-51.9
LEN,OS,,13-1120,60.4,9,62.28,BK7,2.4,-62.28
LEN,OS,,13-1160,13,11.4,12.46,BK7,5.5,-12.46
LEN,OS,,13-1170,20.7,11.4,20.76,BK7,4,-20.76
LEN,OS,,13-1180,25.6,11.4,25.95,BK7,3.6,-25.95
LEN,OS,,13-1185,30.6,11.4,31.14,BK7,3.3,-31.14
LEN,OS,,13-1190,40.5,11.4,41.52,BK7,3,-41.52
LEN,OS,,13-1220,50.5,11.4,51.9,BK7,2.8,-51.9
LEN,OS,,13-1250,16,13.5,15.57,BK7,5.9,-15.57
LEN,OS,,13-1260,20.8,13.5,20.76,BK7,4.8,-20.76
LEN,OS,,13-1270,25.7,13.5,25.95,BK7,4.2,-25.95
LEN,OS,,13-1280,30.6,13.5,31.14,BK7,3.8,-31.14
LEN,OS,,13-1290,40.6,13.5,41.52,BK7,3.4,-41.52
LEN,OS,,13-1330,50.5,13.5,51.9,BK7,3.1,-51.9
LEN,OS,,13-1340,60.5,13.5,62.28,BK7,2.9,-62.28
LEN,OS,,13-1345,70.5,13.5,72.66,BK7,2.8,-72.66
LEN,OS,,13-1370,21.2,18,20.76,BK7,7.1,-20.76
LEN,OS,,13-1380,26,18,25.95,BK7,6,-25.95
LEN,OS,,13-1390,30.9,18,31.14,BK7,5.3,-31.14
LEN,OS,,13-1440,40.7,18,41.52,BK7,4.4,-41.52
LEN,OS,,13-1450,50.7,18,51.9,BK7,3.9,-51.9
LEN,OS,,13-1460,60.6,18,62.28,BK7,3.6,-62.28
LEN,OS,,13-1465,70.6,18,72.66,BK7,3.4,-72.66
LEN,OS,,13-1470,80.5,18,83.04,BK7,3.2,-83.04
LEN,OS,,13-1475,90.5,18,93.42,BK7,3.1,-93.42
LEN,OS,,13-1480,100.5,18,103.8,BK7,3,-103.8
LEN,OS,,13-1550,150.4,18,155.7,BK7,2.6,-155.7
LEN,OS,,13-1660,26.5,22.5,25.95,BK7,8.4,-25.95
LEN,OS,,13-1670,31.2,22.5,31.14,BK7,7.2,-31.14
LEN,OS,,13-1680,36.1,22.5,36.33,BK7,6.4,-36.33
LEN,OS,,13-1690,41,22.5,41.52,BK7,5.9,-41.52
LEN,OS,,13-1770,50.9,22.5,51.9,BK7,5.1,-51.9
LEN,OS,,13-1780,60.7,22.5,62.28,BK7,4.5,-62.28
LEN,OS,,13-1785,70.7,22.5,72.66,BK7,4.2,-72.66
LEN,OS,,13-1790,80.6,22.5,83.04,BK7,3.9,-83.04
LEN,OS,,13-1810,90.6,22.5,93.42,BK7,3.7,-93.42
LEN,OS,,13-1850,170.5,22.5,176.46,BK7,2.9,-176.46
LEN,OS,,13-1880,100.6,22.5,103.8,BK7,3.5,-103.8
LEN,OS,,13-2240,26.5,22.9,25.95,BK7,8.4,-25.95
LEN,OS,,13-2243,31.2,22.9,31.14,BK7,7.2,-31.14
LEN,OS,,13-2245,36.1,22.9,36.33,BK7,6.4,-36.33
LEN,OS,,13-2250,41,22.9,41.52,BK7,5.9,-41.52
LEN,OS,,13-2260,50.9,22.9,51.9,BK7,5.1,-51.9
LEN,OS,,13-2270,60.7,22.9,62.28,BK7,4.5,-62.28
LEN,OS,,13-2275,70.7,22.9,72.66,BK7,4.1,-72.66
LEN,OS,,13-2280,80.6,22.9,83.04,BK7,3.9,-83.04
LEN,OS,,13-2285,90.6,22.9,93.42,BK7,3.7,-93.42
LEN,OS,,13-2290,100.6,22.9,103.8,BK7,3.5,-103.8
LEN,OS,,13-2295,120.5,22.9,124.56,BK7,3.3,-124.56
LEN,OS,,13-2300,150.5,22.9,155.7,BK7,3,-155.7
LEN,OS,,13-2310,200.5,22.9,207.6,BK7,2.8,-207.6
LEN,OS,,13-2330,31.7,27,31.14,BK7,9.7,-31.14
LEN,OS,,13-2340,36.5,27,36.33,BK7,8.5,-36.33
LEN,OS,,13-2350,41.3,27,41.52,BK7,7.6,-41.52
LEN,OS,,13-2360,51.1,27,51.9,BK7,6.4,-51.9
LEN,OS,,13-2370,61,27,62.28,BK7,5.7,-62.28
LEN,OS,,13-2380,70.8,27,72.66,BK7,5.1,-72.66
LEN,OS,,13-2390,80.8,27,83.04,BK7,4.7,-83.04
LEN,OS,,13-2410,90.7,27,93.24,BK7,4.4,-93.24
LEN,OS,,13-2440,100.7,27,103.8,BK7,4.2,-103.8
LEN,OS,,13-2450,120.6,27,124.56,BK7,3.8,-124.56
LEN,OS,,13-2460,150.6,27,155.7,BK7,3.4,-155.7
LEN,OS,,13-2465,170.5,27,176.46,BK7,3.3,-176.46
LEN,OS,,13-2470,200.5,27,207.6,BK7,3.1,-207.6
LEN,OS,,13-2475,220.5,27,228.36,BK7,3,-228.36
LEN,OS,,13-2480,250.5,27,259.5,BK7,2.9,-259.5
LEN,OS,,13-2780,42,34.3,41.52,BK7,11.3,-41.52
LEN,OS,,13-2790,51.6,34.3,51.9,BK7,9.2,-51.9
LEN,OS,,13-2880,61.3,34.3,62.28,BK7,8,-62.28
LEN,OS,,13-2890,81.1,34.3,83.04,BK7,6.4,-83.04
LEN,OS,,13-3350,42.1,36,41.52,BK7,12.3,-41.52
LEN,OS,,13-3360,51.7,36,51.9,BK7,10,-51.9
LEN,OS,,13-3370,61.4,36,62.28,BK7,8.6,-62.28
LEN,OS,,13-3380,71.3,36,72.66,BK7,7.6,-72.66
LEN,OS,,13-3390,81.2,36,83.04,BK7,6.9,-83.04
LEN,OS,,13-3410,91,36,93.42,BK7,6.3,-93.42
LEN,OS,,13-3440,101,36,103.8,BK7,5.9,-103.8
LEN,OS,,13-3450,120.9,36,124.56,BK7,5.2,-124.56
LEN,OS,,13-3460,150.8,36,155.7,BK7,4.6,-155.7
LEN,OS,,13-3570,52.7,45,51.9,BK7,15.8,-51.9
LEN,OS,,13-3580,62.3,45,62.28,BK7,13.5,-62.28
LEN,OS,,13-3590,72,45,72.66,BK7,11.9,-72.66
LEN,OS,,13-3660,81.8,45,83.04,BK7,10.7,-83.04
LEN,OS,,13-3665,91.6,45,93.42,BK7,9.8,-93.42
LEN,OS,,13-3670,101.5,45,103.8,BK7,9.1,-103.8
LEN,OS,,13-3690,151.2,45,155.7,BK7,7,-155.7
LEN,OS,,13-3710,171.1,45,176.46,BK7,6.6,-176.46
LEN,OS,,13-3770,201,45,207.6,BK7,6,-207.6
LEN,OS,,13-3775,220.9,45,228.36,BK7,5.7,-228.36
LEN,OS,,13-3780,250.9,45,259.5,BK7,5.4,-259.5
LEN,OS,,13-3790,300.8,45,311.4,BK7,5,-311.4
LEN,OS,,13-4550,52.8,45.7,51.9,BK7,16.3,-51.9
LEN,OS,,13-4555,62.4,45.7,62.28,BK7,13.8,-62.28
LEN,OS,,13-4560,72.1,45.7,72.66,BK7,12.2,-72.66
LEN,OS,,13-4570,81.9,45.7,83.04,BK7,11,-83.04
LEN,OS,,13-4580,90.6,45.7,93.42,BK7,9.8,-93.42
LEN,OS,,13-4590,101.6,45.7,103.8,BK7,9.3,-103.8
LEN,OS,,13-4595,120.5,45.7,124.56,BK7,8,-124.56
LEN,OS,,13-4610,151.2,45.7,155.7,BK7,7,-155.7
LEN,OS,,13-4615,170.5,45.7,176.46,BK7,6.1,-176.46
LEN,OS,,13-4620,201,45.7,207.6,BK7,6,-207.6
LEN,OS,,13-4630,250.9,45.7,259.5,BK7,5.4,-259.5
LEN,OS,,13-4640,300.8,45.7,311.4,BK7,5,-311.4
LEN,OS,,13-4690,63.2,54,62.28,BK7,18.4,-62.28
LEN,OS,,13-4710,72.7,54,72.66,BK7,16,-72.66
LEN,OS,,13-4770,82.4,54,83.04,BK7,14.2,-83.04
LEN,OS,,13-4780,102,54,103.8,BK7,11.9,-103.8
LEN,OS,,13-4880,151.5,54,155.7,BK7,8.8,-155.7
LEN,OS,,13-4890,201.2,54,207.6,BK7,7.4,-207.6
LEN,OS,,13-5770,103.2,72,103.8,BK7,19,-103.8
LEN,OS,,13-5780,152.3,72,155.7,BK7,13.5,-155.7
LEN,OS,,13-5790,201.8,72,207.6,BK7,10.8,-207.6
LEN,OS,,13-5810,251.5,72,259.5,BK7,9.2,-259.5
LEN,OS,,13-6670,153.3,90,155.7,BK7,19.5,-155.7
LEN,OS,,13-6680,202.5,90,207.6,BK7,15.2,-207.6
LEN,OS,,14-0001,8,4.5,3.68,QUARTZ,2.6,0
LEN,OS,,14-0002,9,4.5,4.14,QUARTZ,2.2,0
LEN,OS,,14-0003,10,4.5,4.6,QUARTZ,2.1,0
LEN,OS,,14-0004,12,4.5,5.52,QUARTZ,1.9,0
LEN,OS,,14-0005,15,4.5,6.9,QUARTZ,1.7,0
LEN,OS,,14-0006,20,4.5,9.2,QUARTZ,1.5,0
LEN,OS,,14-0007,25,4.5,11.5,QUARTZ,1.4,0
LEN,OS,,14-0008,30,4.5,13.8,QUARTZ,1.3,0
LEN,OS,,14-0010,8,5.4,3.38,QUARTZ,2.5,0
LEN,OS,,14-0015,9,5.4,4.14,QUARTZ,2.3,0
LEN,OS,,14-0020,10,5.4,4.8,QUARTZ,2.1,0
LEN,OS,,14-0025,12,5.4,5.52,QUARTZ,1.9,0
LEN,OS,,14-0030,15,5.4,6.9,QUARTZ,1.7,0
LEN,OS,,14-0040,20,5.4,9.2,QUARTZ,1.5,0
LEN,OS,,14-0050,25,5.4,11.5,QUARTZ,1.4,0
LEN,OS,,14-0055,30,5.4,13.8,QUARTZ,1.3,0
LEN,OS,,14-0060,10,6.3,4.6,QUARTZ,3.8,0
LEN,OS,,14-0062,12,6.3,5.52,QUARTZ,3.5,0
LEN,OS,,14-0064,15,6.3,6.9,QUARTZ,3.2,0
LEN,OS,,14-0066,20,6.3,9.2,QUARTZ,2.9,0
LEN,OS,,14-0068,25,6.3,11.5,QUARTZ,2.1,0
LEN,OS,,14-0070,30,6.3,13.8,QUARTZ,2.1,0
LEN,OS,,14-0072,40,6.3,18.4,QUARTZ,1.9,0
LEN,OS,,14-0074,50,6.3,23,QUARTZ,1.9,0
LEN,OS,,14-0080,10,7.2,4.6,QUARTZ,3.8,0
LEN,OS,,14-0082,12,7.2,5.52,QUARTZ,3.2,0
LEN,OS,,14-0084,15,7.2,6.9,QUARTZ,2.8,0
LEN,OS,,14-0086,20,7.2,9.2,QUARTZ,2.4,0
LEN,OS,,14-0088,25,7.2,11.5,QUARTZ,2.2,0
LEN,OS,,14-0090,30,7.2,13.8,QUARTZ,2.1,0
LEN,OS,,14-0092,40,7.2,18.4,QUARTZ,1.9,0
LEN,OS,,14-0094,50,7.2,23,QUARTZ,1.9,0
LEN,OS,,14-0110,15,9,6.9,QUARTZ,4.1,0
LEN,OS,,14-0120,20.1,9,9.23,QUARTZ,3.5,0
LEN,OS,,14-0125,25,9,11.5,QUARTZ,3.1,0
LEN,OS,,14-0130,30,9,13.8,QUARTZ,2.9,0
LEN,OS,,14-0135,40,9,18.4,QUARTZ,2.7,0
LEN,OS,,14-0140,50,9,23,QUARTZ,2.6,0
LEN,OS,,14-0142,60,9,27.6,QUARTZ,2.5,0
LEN,OS,,14-0144,70,9,32.2,QUARTZ,2.4,0
LEN,OS,,14-0146,80,9,36.8,QUARTZ,2.3,0
LEN,OS,,14-0148,100,9,46,QUARTZ,2.3,0
LEN,OS,,14-0150,15,11.4,6.9,QUARTZ,6.2,0
LEN,OS,,14-0160,20,11.4,9.2,QUARTZ,4.5,0
LEN,OS,,14-0170,25,11.4,11.5,QUARTZ,3.9,0
LEN,OS,,14-0180,40,11.4,18.4,QUARTZ,3.1,0
LEN,OS,,14-0190,50,11.4,23,QUARTZ,2.9,0
LEN,OS,,14-0220,20,13.5,9.2,QUARTZ,5.9,0
LEN,OS,,14-0230,25,13.5,11.5,QUARTZ,4.8,0
LEN,OS,,14-0240,30,13.5,13.8,QUARTZ,4.2,0
LEN,OS,,14-0250,40,13.5,18.4,QUARTZ,3.6,0
LEN,OS,,14-0260,50,13.5,23,QUARTZ,3.3,0
LEN,OS,,14-0262,60,13.5,27.6,QUARTZ,3,0
LEN,OS,,14-0264,70,13.5,32.2,QUARTZ,2.9,0
LEN,OS,,14-0266,80,13.5,36.8,QUARTZ,2.8,0
LEN,OS,,14-0268,100,13.5,46,QUARTZ,2.6,0
LEN,OS,,14-0270,25,18,11.5,QUARTZ,7.8,0
LEN,OS,,14-0280,30,18,13.8,QUARTZ,6.3,0
LEN,OS,,14-0290,40,18,18.4,QUARTZ,5,0
LEN,OS,,14-0330,50,18,23,QUARTZ,4.3,0
LEN,OS,,14-0332,60,18,27.6,QUARTZ,3.9,0
LEN,OS,,14-0334,70,18,32.2,QUARTZ,3.6,0
LEN,OS,,14-0336,80,18,36.8,QUARTZ,3.4,0
LEN,OS,,14-0338,90,18,41.4,QUARTZ,3.2,0
LEN,OS,,14-0340,100,18,46,QUARTZ,3.1,0
LEN,OS,,14-0342,150,18,69,QUARTZ,2.7,0
LEN,OS,,14-0344,200,18,92,QUARTZ,2.5,0
LEN,OS,,14-0350,30,22.5,13.8,QUARTZ,10,0
LEN,OS,,14-0355,35,22.5,16.1,QUARTZ,8,0
LEN,OS,,14-0360,40,22.5,18.4,QUARTZ,6.9,0
LEN,OS,,14-0370,50,22.5,23,QUARTZ,5.7,0
LEN,OS,,14-0372,60,22.5,27.6,QUARTZ,5,0
LEN,OS,,14-0375,70,22.5,32.2,QUARTZ,4.5,0
LEN,OS,,14-0380,80,22.5,26.8,QUARTZ,4.2,0
LEN,OS,,14-0390,100,22.5,46,QUARTZ,3.7,0
LEN,OS,,14-0440,150,22.5,69,QUARTZ,3.1,0
LEN,OS,,14-0450,200,22.5,92,QUARTZ,2.9,0
LEN,OS,,14-0460,250,22.5,115,QUARTZ,2.7,0
LEN,OS,,14-0490,30,22.9,13.8,QUARTZ,10,0
LEN,OS,,14-0500,35,22.9,16.1,QUARTZ,8,0
LEN,OS,,14-0520,40,22.9,18.4,QUARTZ,6.9,0
LEN,OS,,14-0550,50,22.9,23,QUARTZ,5.7,0
LEN,OS,,14-0552,60,22.9,27.6,QUARTZ,5,0
LEN,OS,,14-0555,70,22.9,32.2,QUARTZ,4.5,0
LEN,OS,,14-0560,80,22.9,36.8,QUARTZ,4.2,0
LEN,OS,,14-0570,100,22.9,46,QUARTZ,3.7,0
LEN,OS,,14-0580,150,22.9,69,QUARTZ,3.1,0
LEN,OS,,14-0590,200,22.9,92,QUARTZ,2.9,0
LEN,OS,,14-0600,250,22.9,115,QUARTZ,2.7,0
LEN,OS,,14-0690,35,27,18.1,QUARTZ,12.3,0
LEN,OS,,14-0770,40,27,18.4,QUARTZ,9.7,0
LEN,OS,,14-0780,50,27,23,QUARTZ,7.6,0
LEN,OS,,14-0790,60,27,27.6,QUARTZ,6.4,0
LEN,OS,,14-0880,70,27,32.2,QUARTZ,5.7,0
LEN,OS,,14-0890,80,27,36.8,QUARTZ,5.2,0
LEN,OS,,14-0900,90,27,41.4,QUARTZ,4.8,0
LEN,OS,,14-0990,100,27,46,QUARTZ,4.5,0
LEN,OS,,14-1110,120,27,55.2,QUARTZ,4.1,0
LEN,OS,,14-1120,150,27,69,QUARTZ,3.7,0
LEN,OS,,14-1125,170,27,78.2,QUARTZ,3.5,0
LEN,OS,,14-1130,200,27,92,QUARTZ,3.2,0
LEN,OS,,14-1132,220,27,101.2,QUARTZ,3.1,0
LEN,OS,,14-1135,250,27,115,QUARTZ,3,0
LEN,OS,,14-1140,300,27,138,QUARTZ,2.8,0
LEN,OS,,14-1141,350,27,161,QUARTZ,2.7,0
LEN,OS,,14-1142,400,27,184,QUARTZ,2.6,0
LEN,OS,,14-1143,450,27,207,QUARTZ,2.5,0
LEN,OS,,14-1144,500,27,230,QUARTZ,2.5,0
LEN,OS,,14-1145,600,27,276,QUARTZ,2.4,0
LEN,OS,,14-1146,700,27,322,QUARTZ,2.3,0
LEN,OS,,14-1147,800,27,368,QUARTZ,2.3,0
LEN,OS,,14-1148,900,27,414,QUARTZ,2.3,0
LEN,OS,,14-1149,1000,27,460,QUARTZ,2.2,0
LEN,OS,,14-1150,1200,27,23,QUARTZ,2.2,0
LEN,OS,,14-1151,1500,27,690,QUARTZ,2.2,0
LEN,OS,,14-1152,2000,27,920,QUARTZ,2.1,0
LEN,OS,,14-1153,2500,27,1150,QUARTZ,2.1,0
LEN,OS,,14-1154,3000,27,1380,QUARTZ,2.1,0
LEN,OS,,14-1155,4000,27,1840,QUARTZ,2.1,0
LEN,OS,,14-1156,5000,27,2300,QUARTZ,2,0
LEN,OS,,14-1158,50,36,23,QUARTZ,13.6,0
LEN,OS,,14-1160,60,36,27.8,QUARTZ,10.6,0
LEN,OS,,14-1165,70,36,32.2,QUARTZ,9,0
LEN,OS,,14-1170,80,36,38.8,QUARTZ,7.9,0
LEN,OS,,14-1180,100,36,46,QUARTZ,6.6,0
LEN,OS,,14-1190,150,36,69,QUARTZ,5,0
LEN,OS,,14-1220,200,36,92,QUARTZ,4.2,0
LEN,OS,,14-1221,250,36,115,QUARTZ,3.8,0
LEN,OS,,14-1223,300,36,138,QUARTZ,3.5,0
LEN,OS,,14-1225,350,36,161,QUARTZ,3.2,0
LEN,OS,,14-1227,400,36,184,QUARTZ,3.1,0
LEN,OS,,14-1229,500,36,230,QUARTZ,2.9,0
LEN,OS,,14-1230,70,45,32.2,QUARTZ,14.9,0
LEN,OS,,14-1240,80,45,36.8,QUARTZ,12.8,0
LEN,OS,,14-1250,100,45,46,QUARTZ,10.4,0
LEN,OS,,14-1255,120,45,55.2,QUARTZ,9,0
LEN,OS,,14-1260,150,45,69,QUARTZ,7.7,0
LEN,OS,,14-1265,170,45,78.2,QUARTZ,7.1,0
LEN,OS,,14-1270,200,45,92,QUARTZ,6.5,0
LEN,OS,,14-1272,220,45,101.2,QUARTZ,6.1,0
LEN,OS,,14-1275,250,45,115,QUARTZ,5.8,0
LEN,OS,,14-1280,300,45,138,QUARTZ,5.3,0
LEN,OS,,14-1282,350,45,161,QUARTZ,5,0
LEN,OS,,14-1285,400,45,184,QUARTZ,4.7,0
LEN,OS,,14-1287,450,45,207,QUARTZ,4.5,0
LEN,OS,,14-1290,500,45,260,QUARTZ,4.4,0
LEN,OS,,14-1310,600,45,276,QUARTZ,4.1,0
LEN,OS,,14-1315,700,45,322,QUARTZ,4,0
LEN,OS,,14-1320,800,45,368,QUARTZ,3.9,0
LEN,OS,,14-1325,900,45,414,QUARTZ,3.8,0
LEN,OS,,14-1330,1000,45,460,QUARTZ,3.7,0
LEN,OS,,14-1331,1200,45,552,QUARTZ,3.6,0
LEN,OS,,14-1332,1500,45,690,QUARTZ,3.5,0
LEN,OS,,14-1333,2000,45,920,QUARTZ,3.3,0
LEN,OS,,14-1334,2500,45,1150,QUARTZ,3.3,0
LEN,OS,,14-1335,3000,45,1380,QUARTZ,3.2,0
LEN,OS,,14-1336,4000,45,1840,QUARTZ,3.2,0
LEN,OS,,14-1337,5000,45,2300,QUARTZ,3.1,0
LEN,OS,,14-1340,80,45.7,30.8,QUARTZ,12.8,0
LEN,OS,,14-1350,100,45.7,48,QUARTZ,10.4,0
LEN,OS,,14-1355,120,45.7,55.2,QUARTZ,9,0
LEN,OS,,14-1360,150,45.7,69,QUARTZ,7.7,0
LEN,OS,,14-1370,200,45.7,92,QUARTZ,6.5,0
LEN,OS,,14-1375,250,45.7,115,QUARTZ,5.7,0
LEN,OS,,14-1380,300,45.7,138,QUARTZ,5.3,0
LEN,OS,,14-1470,150,72,69,QUARTZ,15.8,0
LEN,OS,,14-1480,200,72,92,QUARTZ,12.2,0
LEN,OS,,14-1490,300,72,138,QUARTZ,8.9,0
LEN,OS,,14-2260,10.9,9,9.2,QUARTZ,5,-9.2
LEN,OS,,14-2270,15.7,9,13.8,QUARTZ,3.9,-13.8
LEN,OS,,14-2280,20.6,9,18.4,QUARTZ,3.4,-18.4
LEN,OS,,14-2290,25.5,9,23,QUARTZ,3.1,-23
LEN,OS,,14-2310,30.5,9,27.6,QUARTZ,2.9,-27.6
LEN,OS,,14-2380,16.2,13.5,13.8,QUARTZ,6.4,-13.8
LEN,OS,,14-2440,20.9,13.5,18.4,QUARTZ,5.2,-18.4
LEN,OS,,14-2445,25.8,13.5,23,QUARTZ,4.5,-23
LEN,OS,,14-2446,30.7,13.5,27.6,QUARTZ,4.1,-27.6
LEN,OS,,14-2447,40.6,13.5,36.8,QUARTZ,3.5,-36.8
LEN,OS,,14-2448,50.6,13.5,46,QUARTZ,3.2,-46
LEN,OS,,14-2450,21.5,18,18.4,QUARTZ,7.9,-18.4
LEN,OS,,14-2460,26.2,18,23,QUARTZ,6.6,-23
LEN,OS,,14-2470,31,18,27.8,QUARTZ,5.8,-27.8
LEN,OS,,14-2480,43,18,38.8,QUARTZ,4.8,-38.8
LEN,OS,,14-2490,50.7,18,46,QUARTZ,4.2,-46
LEN,OS,,14-2550,26.7,22.5,23,QUARTZ,9.4,-23
LEN,OS,,14-2552,31.4,22.5,27.6,QUARTZ,8,-27.6
LEN,OS,,14-2555,36.3,22.5,32.2,QUARTZ,7.1,-32.2
LEN,OS,,14-2557,41.1,22.5,36.8,QUARTZ,6.4,-36.8
LEN,OS,,14-2560,51,22.5,46,QUARTZ,5.5,-46
LEN,OS,,14-2570,80.7,22.5,73.6,QUARTZ,4.1,-73.6
LEN,OS,,14-2580,100.6,22.5,92,QUARTZ,3.7,-92
LEN,OS,,14-2590,150.5,22.5,138,QUARTZ,3.1,-138
LEN,OS,,14-2660,200.5,22.5,184,QUARTZ,2.9,-184
LEN,OS,,14-2670,250.5,22.5,230,QUARTZ,2.7,-230
LEN,OS,,14-2790,26.7,22.9,23,QUARTZ,9.4,-23
LEN,OS,,14-2810,31.4,22.9,27.6,QUARTZ,8,-27.6
LEN,OS,,14-2820,36.3,22.9,32.2,QUARTZ,7.1,-32.2
LEN,OS,,14-2830,41.1,22.9,36.8,QUARTZ,6.4,-36.8
LEN,OS,,14-2880,51,22.9,46,QUARTZ,5.5,-46
LEN,OS,,14-3390,32,27,27.6,QUARTZ,10.9,-27.6
LEN,OS,,14-3440,36.7,27,32.2,QUARTZ,9.4,-32.2
LEN,OS,,14-3445,41.5,27,36.8,QUARTZ,8.4,-36.8
LEN,OS,,14-3450,53.39,27,48,QUARTZ,7,-48
LEN,OS,,14-3452,61.1,27,55.2,QUARTZ,6.2,-55.2
LEN,OS,,14-3455,71,27,64.4,QUARTZ,5.5,-64.4
LEN,OS,,14-3457,80.9,27,73.6,QUARTZ,5.1,-73.6
LEN,OS,,14-3460,100.8,27,92,QUARTZ,4.5,-92
LEN,OS,,14-3470,150.6,27,138,QUARTZ,3.6,-138
LEN,OS,,14-3480,200.5,27,184,QUARTZ,3.2,-184
LEN,OS,,14-3482,42.5,36,36.8,QUARTZ,13.8,-36.8
LEN,OS,,14-3483,52,36,46,QUARTZ,11.2,-46
LEN,OS,,14-3484,61.7,36,55.2,QUARTZ,9.5,-55.2
LEN,OS,,14-3485,71.5,36,64.4,QUARTZ,8.4,-64.4
LEN,OS,,14-3486,81.3,36,73.6,QUARTZ,7.5,-73.6
LEN,OS,,14-3487,101.1,36,92,QUARTZ,6.4,-92
LEN,OS,,14-3490,55.4,45,48,QUARTZ,17.8,-48
LEN,OS,,14-3510,62.7,45,55.2,QUARTZ,15,-55.2
LEN,OS,,14-3520,72.3,45,64.4,QUARTZ,13.1,-64.4
LEN,OS,,14-3550,77.1,45,69,QUARTZ,11.8,-69
LEN,OS,,14-3560,101.7,45,92,QUARTZ,9.9,-92
LEN,OS,,14-3565,121.5,45,110.4,QUARTZ,8.7,-110.4
LEN,OS,,14-3570,151.3,45,138,QUARTZ,7.6,-138
LEN,OS,,14-3580,201.1,45,184,QUARTZ,6.4,-184
LEN,OS,,14-3590,251,45,230,QUARTZ,5.7,-230
LEN,OS,,14-3660,300.9,45,276,QUARTZ,5.3,-276
LEN,OS,,14-3690,53.2,45.7,46,QUARTZ,17.8,-46
LEN,OS,,14-3710,62.7,45.7,55.2,QUARTZ,15,-55.2
LEN,OS,,14-3720,72.3,45.7,64.4,QUARTZ,13.1,-64.4
LEN,OS,,14-3730,82.1,45.7,73.6,QUARTZ,11.8,-73.6
LEN,OS,,14-3780,101.7,45.7,92,QUARTZ,9.9,-92
LEN,OS,,14-3790,121.5,45.7,110.4,QUARTZ,8.7,-110.4
LEN,OS,,14-3810,151.3,45.7,138,QUARTZ,7.6,-138
LEN,OS,,14-3820,201.1,45.7,184,QUARTZ,6.4,-184
LEN,OS,,14-3830,251,45.7,230,QUARTZ,5.8,-230
LEN,OS,,15-0040,-15,9,-7.79,BK7,2,0
LEN,OS,,15-0050,-20,9,-10.38,BK7,2,0
LEN,OS,,15-0060,-25,9,-12.98,BK7,2,0
LEN,OS,,15-0061,-30,9,-15.57,BK7,2,0
LEN,OS,,15-0062,-40,9,-20.76,BK7,2,0
LEN,OS,,15-0063,-50,9,-25.95,BK7,2,0
LEN,OS,,15-0065,-15,11.4,-7.79,BK7,2,0
LEN,OS,,15-0066,-20,11.4,-10.38,BK7,2,0
LEN,OS,,15-0067,-25,11.4,-12.98,BK7,2,0
LEN,OS,,15-0068,-30,11.4,-15.57,BK7,2,0
LEN,OS,,15-0070,-20,13.5,-10.38,BK7,2,0
LEN,OS,,15-0080,-25,13.5,-12.98,BK7,2,0
LEN,OS,,15-0090,-30,13.5,-15.57,BK7,2,0
LEN,OS,,15-0095,-40,13.5,-20.76,BK7,2,0
LEN,OS,,15-0105,-50,13.5,-25.95,BK7,2,0
LEN,OS,,15-0106,-60,13.5,-31.14,BK7,2,0
LEN,OS,,15-0110,-25,18,-12.98,BK7,2,0
LEN,OS,,15-0120,-30,18,-15.57,BK7,2,0
LEN,OS,,15-0130,-40,18,-20.76,BK7,2,0
LEN,OS,,15-0140,-50,18,-25.95,BK7,2,0
LEN,OS,,15-0142,-60,18,-31.14,BK7,2,0
LEN,OS,,15-0144,-70,18,-36.33,BK7,2,0
LEN,OS,,15-0146,-80,18,-41.52,BK7,2,0
LEN,OS,,15-0147,-90,18,-46.71,BK7,2,0
LEN,OS,,15-0148,-100,18,-51.9,BK7,2,0
LEN,OS,,15-0149,-120,18,-62.28,BK7,2,0
LEN,OS,,15-0150,-150,18,-77.85,BK7,2,0
LEN,OS,,15-0160,-30,22.5,-15.57,BK7,2,0
LEN,OS,,15-0161,-35,22.5,-18.17,BK7,2,0
LEN,OS,,15-0165,-40,22.5,-20.76,BK7,2,0
LEN,OS,,15-0170,-50,22.5,-25.95,BK7,2,0
LEN,OS,,15-0175,-60,22.5,-31.14,BK7,2,0
LEN,OS,,15-0180,-70,22.5,-36.33,BK7,2,0
LEN,OS,,15-0190,-80,22.5,-41.52,BK7,2,0
LEN,OS,,15-0205,-90,22.5,-46.71,BK7,2,0
LEN,OS,,15-0220,-100,22.5,-51.9,BK7,2,0
LEN,OS,,15-0225,-120,22.5,-62.28,BK7,2,0
LEN,OS,,15-0230,-150,22.5,-77.85,BK7,2,0
LEN,OS,,15-0235,-170,22.5,-88.23,BK7,2,0
LEN,OS,,15-0240,-200,22.5,-103.8,BK7,2,0
LEN,OS,,15-0270,-30,22.9,-15.57,BK7,2,0
LEN,OS,,15-0275,-40,22.9,-20.76,BK7,2,0
LEN,OS,,15-0280,-50,22.9,-25.95,BK7,2,0
LEN,OS,,15-0282,-60,22.9,-31.14,BK7,2,0
LEN,OS,,15-0285,-70,22.9,-36.33,BK7,2,0
LEN,OS,,15-0290,-80,22.9,-41.52,BK7,2,0
LEN,OS,,15-0295,-90,22.9,-46.71,BK7,2,0
LEN,OS,,15-0330,-100,22.9,-51.9,BK7,2,0
LEN,OS,,15-0340,-150,22.9,-77.85,BK7,2,0
LEN,OS,,15-0350,-200,22.9,-103.8,BK7,2,0
LEN,OS,,15-0375,-35,27,-18.17,BK7,2,0
LEN,OS,,15-0380,-40,27,-20.76,BK7,2,0
LEN,OS,,15-0390,-50,27,-25.95,BK7,2,0
LEN,OS,,15-0410,-60,27,-31.14,BK7,2,0
LEN,OS,,15-0420,-70,27,-36.33,BK7,2,0
LEN,OS,,15-0440,-80,27,-41.52,BK7,2,0
LEN,OS,,15-0445,-90,27,-46.71,BK7,2,0
LEN,OS,,15-0450,-100,27,-51.9,BK7,2,0
LEN,OS,,15-0460,-120,27,-62.28,BK7,2,0
LEN,OS,,15-0470,-150,27,-77.85,BK7,2,0
LEN,OS,,15-0475,-170,27,-88.23,BK7,2,0
LEN,OS,,15-0480,-200,27,-108.8,BK7,2,0
LEN,OS,,15-0482,-220,27,-114.18,BK7,2,0
LEN,OS,,15-0485,-250,27,-129.75,BK7,2,0
LEN,OS,,15-0490,-50,36,-25.95,BK7,2,0
LEN,OS,,15-0495,-60,36,-31.14,BK7,2,0
LEN,OS,,15-0505,-70,36,-36.33,BK7,2,0
LEN,OS,,15-0510,-80,36,-41.52,BK7,2,0
LEN,OS,,15-0515,-100,36,-51.9,BK7,2,0
LEN,OS,,15-0520,-150,36,-77.85,BK7,2,0
LEN,OS,,15-0525,-200,36,-103.8,BK7,2,0
LEN,OS,,15-0530,-250,36,-129.75,BK7,2,0
LEN,OS,,15-0540,-70,45,-36.33,BK7,2,0
LEN,OS,,15-0550,-80,45,-41.52,BK7,3,0
LEN,OS,,15-0560,-100,45,-51.9,BK7,3,0
LEN,OS,,15-0565,-120,45,-62.28,BK7,3,0
LEN,OS,,15-0570,-150,45,-77.85,BK7,3,0
LEN,OS,,15-0580,-200,45,-103.8,BK7,3,0
LEN,OS,,15-0585,-250,45,-129.75,BK7,3,0
LEN,OS,,15-0590,-300,45,-155.7,BK7,3,0
LEN,OS,,15-0610,-70,45.7,-36.33,BK7,3,0
LEN,OS,,15-0620,-80,45.7,-41.52,BK7,3,0
LEN,OS,,15-0625,-90,45.7,-46.71,BK7,3,0
LEN,OS,,15-0630,-100,45.7,-51.9,BK7,3,0
LEN,OS,,15-0640,-150,45.7,-77.85,BK7,3,0
LEN,OS,,15-0650,-200,45.7,-103.8,BK7,3,0
LEN,OS,,15-0660,-250,45.7,-129.75,BK7,3,0
LEN,OS,,15-0670,-300,45.7,-155.7,BK7,3,0
LEN,OS,,17-0050,-9.7,9,-10.38,BK7,2,10.38
LEN,OS,,17-0060,-14.7,9,-15.57,BK7,2,15.57
LEN,OS,,17-0070,-19.7,9,-20.76,BK7,2,20.76
LEN,OS,,17-0079,-29.7,9,-31.14,BK7,2,31.14
LEN,OS,,17-0080,-24.7,9,-25.95,BK7,2,25.95
LEN,OS,,17-0081,-9.7,11.4,-10.38,BK7,2,10.38
LEN,OS,,17-0083,-14.7,11.4,-15.57,BK7,2,15.57
LEN,OS,,17-0085,-19.7,11.4,-20.76,BK7,2,20.76
LEN,OS,,17-0087,-24.7,11.4,-25.95,BK7,2,25.95
LEN,OS,,17-0090,-14.7,13.5,-15.57,BK7,2,15.57
LEN,OS,,17-0092,-19.7,13.5,-20.76,BK7,2,20.76
LEN,OS,,17-0095,-29.7,13.5,-31.14,BK7,2,31.14
LEN,OS,,17-0110,-19.7,18,-20.76,BK7,2,20.76
LEN,OS,,17-0120,-24.7,18,-25.95,BK7,2,25.95
LEN,OS,,17-0130,-29.7,18,-31.14,BK7,2,31.14
LEN,OS,,17-0140,-39.7,18,-41.52,BK7,2,41.52
LEN,OS,,17-0150,-49.7,18,-51.9,BK7,2,51.9
LEN,OS,,17-0160,-69.7,18,-72.66,BK7,2,72.66
LEN,OS,,17-0170,-24.7,22.5,-25.95,BK7,2,25.95
LEN,OS,,17-0172,-29.7,22.5,-31.14,BK7,2,31.14
LEN,OS,,17-0174,-34.7,22.5,-36.33,BK7,2,36.33
LEN,OS,,17-0176,-39.7,22.5,-41.52,BK7,2,41.52
LEN,OS,,17-0180,-49.7,22.5,-51.9,BK7,2,51.9
LEN,OS,,17-0182,-59.7,22.5,-62.28,BK7,2,62.28
LEN,OS,,17-0190,-79.7,22.5,-83.04,BK7,2,83.04
LEN,OS,,17-0250,-24.7,22.9,-25.95,BK7,2,25.95
LEN,OS,,17-0254,-29.7,22.9,-31.14,BK7,2,31.14
LEN,OS,,17-0258,-39.7,22.9,-41.52,BK7,2,41.52
LEN,OS,,17-0260,-49.7,22.9,-51.9,BK7,2,51.9
LEN,OS,,17-0264,-59.7,22.9,-62.28,BK7,2,62.28
LEN,OS,,17-0266,-69.7,22.9,-72.66,BK7,2,72.66
LEN,OS,,17-0270,-79.7,22.9,-83.04,BK7,2,83.04
LEN,OS,,17-0275,-89.7,22.9,-93.42,BK7,2,93.42
LEN,OS,,17-0280,-99.7,22.9,-103.8,BK7,2,103.8
LEN,OS,,17-0290,-149.7,22.9,-155.7,BK7,2,155.7
LEN,OS,,17-0300,-199.7,22.9,-207.6,BK7,2,207.6
LEN,OS,,17-0340,-29.7,27,-31.14,BK7,2,31.14
LEN,OS,,17-0350,-49.7,27,-51.9,BK7,2,51.9
LEN,OS,,17-0360,-79.7,27,-83.04,BK7,2,83.04
LEN,OS,,17-0370,-99.7,27,-103.8,BK7,2,103.8
LEN,OS,,17-0380,-149.7,27,-155.7,BK7,2,155.7
LEN,OS,,17-0390,-199.7,27,-207.8,BK7,2,207.8
LEN,OS,,17-0420,-49.5,45,-51.9,BK7,3,51.9
LEN,OS,,17-0425,-59.5,45,-62.28,BK7,3,62.28
LEN,OS,,17-0430,-69.5,45,-72.66,BK7,3,72.66
LEN,OS,,17-0440,-79.5,45,-83.04,BK7,3,83.04
LEN,OS,,17-0445,-89.5,45,-93.42,BK7,3,93.42
LEN,OS,,17-0450,-99.5,45,-103.8,BK7,3,103.8
LEN,OS,,17-0460,-149.5,45,-155.7,BK7,3,155.7
LEN,OS,,17-0470,-199.5,45,-207.6,BK7,3,207.6
LEN,OS,,17-0480,-249.5,45,-259.5,BK7,3,259.5
LEN,OS,,17-0490,-299.5,45,-311.4,BK7,3,311.4
LEN,OS,,18-0040,-9.7,9,-9.2,QUARTZ,2,9.2
LEN,OS,,18-0050,-19.7,9,-18.4,QUARTZ,2,18.4
LEN,OS,,18-0060,-24.7,9,-23,QUARTZ,2,23
LEN,OS,,18-0080,-19.7,18,-18.4,QUARTZ,2,18.4
LEN,OS,,18-0090,-24.7,18,-23,QUARTZ,2,23
LEN,OS,,18-0110,-29.7,18,-27.6,QUARTZ,2,27.6
LEN,OS,,18-0125,-24.7,22.5,-23,QUARTZ,2,23
LEN,OS,,18-0140,-49.7,22.5,-46,QUARTZ,2,46
LEN,OS,,18-0155,-79.7,22.5,-73.6,QUARTZ,2,73.6
LEN,OS,,18-0160,-99.7,22.5,-92,QUARTZ,2,92
LEN,OS,,18-0180,-149.7,22.5,-138,QUARTZ,2,138
LEN,OS,,18-0190,-199.7,22.5,-184,QUARTZ,2,184
LEN,OS,,18-0245,-24.7,22.9,-23,QUARTZ,2,23
LEN,OS,,18-0250,-29.7,22.9,-27.6,QUARTZ,2,27.6
LEN,OS,,18-0258,-39.7,22.9,-36.8,QUARTZ,2,36.8
LEN,OS,,18-0260,-49.7,22.9,-46,QUARTZ,2,46
LEN,OS,,18-0270,-59.7,22.9,-55.2,QUARTZ,2,55.2
LEN,OS,,18-0275,-69.7,22.9,-64.4,QUARTZ,2,64.4
LEN,OS,,18-0280,-79.7,22.9,-73.6,QUARTZ,2,73.6
LEN,OS,,18-0285,-89.7,22.9,-82.8,QUARTZ,2,82.8
LEN,OS,,18-0290,-99.7,22.9,-92,QUARTZ,2,92
LEN,OS,,18-0300,-149.7,22.9,-138,QUARTZ,2,138
LEN,OS,,18-0310,-199.7,22.9,-184,QUARTZ,2,184
LEN,OS,,18-0375,-29.7,27,-27.6,QUARTZ,2,27.6
LEN,OS,,18-0380,-49.7,27,-46,QUARTZ,2,46
LEN,OS,,18-0390,-99.7,27,-92,QUARTZ,2,92
LEN,OS,,18-0440,-149.7,27,-138,QUARTZ,2,138
LEN,OS,,18-0450,-199.7,27,-184,QUARTZ,2,184
LEN,OS,,18-0668,-59.5,45.7,-55.2,QUARTZ,3,55.2
LEN,OS,,18-0670,-69.5,45.7,-64.4,QUARTZ,3,64.4
LEN,OS,,18-0673,-79.5,45.7,-73.6,QUARTZ,3,73.6
LEN,OS,,18-0675,-89.5,45.7,-82.8,QUARTZ,3,82.8
LEN,OS,,18-0677,-99.5,45.7,-92,QUARTZ,3,92,,,
LEN,OS,,18-0683,-149.5,45.7,-138,QUARTZ,3,138,,,
LEN,OS,,18-0687,-199.5,45.7,-184,QUARTZ,3,184,,,
LEN,OS,,18-0690,-249.5,45.7,-230,QUARTZ,3,230,,,
LEN,OS,,18-0693,-299.5,45.7,-276,QUARTZ,3,276,,,
LEN,OS,,26-0160,20,9,12.137,BK7,4.7,-8.6,SF2,2,-26
LEN,OS,,26-0170,25,9,15.57,BK7,4.1,-10.38,SF2,2,-31.125
LEN,OS,,26-0180,30.1,9,18.53,BK7,3.7,-12.58,SF2,2,-38.96
LEN,OS,,26-0190,40,9,24.63,BK7,3.3,-16.8,SF2,2,-52.915
LEN,OS,,26-0220,50,9,28.104,BK7,3,-21.99,SF2,2,-83.4
LEN,OS,,26-0225,100.5,9,53.722,BK7,2.5,-44.658,SF2,2,-195.4
LEN,OS,,26-0230,60.1,9,33.786,BK7,2.9,-25.942,SF2,2,-98.899
LEN,OS,,26-0235,69.9,9,37.408,BK7,2.7,-31.125,SF2,2,-135
LEN,OS,,26-0240,80.1,9,44.45,BK7,2.6,-34.867,SF2,2,-138
LEN,OS,,26-0250,25.06,11.4,15.57,BK7,5.3,-11.04,SF2,2,-32.2
LEN,OS,,26-0260,30.01,11.4,18.53,BK7,4.8,-13.04,SF2,2,-39.408
LEN,OS,,26-0270,40.05,11.4,23.395,BK7,4.1,-17.6,SF2,2,-60.311
LEN,OS,,26-0280,50.07,11.4,30.373,BK7,3.7,-21.462,SF2,2,-69.317
LEN,OS,,26-0290,59.95,11.4,35.714,BK7,3.4,-25.779,SF2,2,-86.625
LEN,OS,,26-0300,69.93,11.4,43.253,BK7,3.2,-29.6,SF2,2,-93.58
LEN,OS,,26-0310,79.91,11.4,46.108,BK7,3.1,-34.5,SF2,2,-124.56
LEN,OS,,26-0320,100.06,11.4,61.4,BK7,2.8,-42.383,SF2,2,-136.714
LEN,OS,,26-0340,25.2,13.5,15.38,BK7,6.8,-11.5,SF2,2,-33.786
LEN,OS,,26-0350,30.1,13.5,18.17,BK7,6,-13.39,SF2,2,-41.4
LEN,OS,,26-0360,40.1,13.5,23.395,BK7,4.9,-17.6,SF2,2,-60.311
LEN,OS,,26-0370,50.1,13.5,31.125,BK7,4.3,-21.462,SF2,2,-66.217
LEN,OS,,26-0375,59.9,13.5,36.33,BK7,3.9,-25.779,SF2,2,-83.4
LEN,OS,,26-0380,70.2,13.5,41.4,BK7,3.7,-30.153,SF2,2,-103.8
LEN,OS,,26-0390,79.9,13.5,46.108,BK7,3.5,-34.5,SF2,2,-124.56
LEN,OS,,26-0440,100,13.5,55.986,BK7,3.2,-43.253,SF2,2,-167.7
LEN,OS,,26-0450,30.6,18,18.704,BK7,8.9,-14.409,SF2,2,-41.4
LEN,OS,,26-0460,40.1,18,24.1,BK7,7.2,-18.17,SF2,2,-57.155
LEN,OS,,26-0470,50.2,18,30.153,BK7,6.1,-22.13,SF2,2,-71.445
LEN,OS,,26-0480,60.2,18,37.408,BK7,5.4,-26,SF2,2,-80
LEN,OS,,26-0485,70.1,18,42.383,BK7,4.9,-30.373,SF2,2,-98.899
LEN,OS,,26-0490,79.9,18,48.022,BK7,4.6,-34.5,SF2,2,-114.18
LEN,OS,,26-0550,99.5,18,58.5,BK7,4.1,-43.253,SF2,2,-150
LEN,OS,,26-0560,120.3,18,68.287,BK7,3.7,-52,SF2,2,-195.4
LEN,OS,,26-0570,149.8,18,84.3,BK7,3.4,-65,SF2,2,-250
LEN,OS,,26-0575,170,18,93.58,BK7,3.3,-74.59,SF2,2,-302.7
LEN,OS,,26-0580,200.1,18,109.004,BK7,3.1,-88.23,SF2,2,-368
LEN,OS,,26-0582,220,18,107.7,BK7,3,-107.7,SF2,2,-666
LEN,OS,,26-0584,250,18,122.3,BK7,2.9,-122.3,SF2,2,-758.6
LEN,OS,,26-0586,300,18,146.6,BK7,2.7,-146.6,SF2,2,-913.9
LEN,OS,,26-0590,40.9,22.5,24.516,BK7,10,-19.33,SF2,2.5,-58.8
LEN,OS,,26-0660,50.1,22.5,32.5,BK7,8.4,-22.245,SF2,2.5,-61.4
LEN,OS,,26-0670,60.1,22.5,36.8,BK7,7.3,-26.659,SF2,2.5,-82.643
LEN,OS,,26-0675,69.9,22.5,41.4,BK7,6.5,-31.125,SF2,2.5,-104
LEN,OS,,26-0680,80,22.5,49.1,BK7,6,-34.867,SF2,2.5,-110
LEN,OS,,26-0690,100.2,22.5,61.4,BK7,5.2,-43.253,SF2,2.5,-138
LEN,OS,,26-0770,119.8,22.5,70.182,BK7,4.7,-52,SF2,2.5,-181.65
LEN,OS,,26-0780,149.6,22.5,86.625,BK7,4.2,-65,SF2,2.5,-233.55
LEN,OS,,26-0790,170.4,22.5,98,BK7,3.9,-73.9,SF2,2.5,-270
LEN,OS,,26-0880,200.1,22.5,111.11,BK7,3.6,-88.23,SF2,2.5,-350
LEN,OS,,26-0885,220,22.5,121.931,BK7,3.5,-98,SF2,2.5,-400
LEN,OS,,26-0890,250,22.5,136.714,BK7,3.3,-110.4,SF2,2.5,-460
LEN,OS,,26-0895,300,22.5,146.6,BK7,3.1,-146.6,SF2,2.5,-913.9
LEN,OS,,26-0985,40.9,22.9,24.516,BK7,10,-19.33,SF2,2.5,-58.8
LEN,OS,,26-0990,50.1,22.9,32.5,BK7,8.4,-22.245,SF2,2.5,-61.4
LEN,OS,,26-1110,60.1,22.9,36.8,BK7,7.3,-26.659,SF2,2.5,-82.643
LEN,OS,,26-1115,69.93,22.9,41.4,BK7,6.5,-31.125,SF2,2.5,-104
LEN,OS,,26-1120,80,22.9,49.1,BK7,6,-34.867,SF2,2.5,-110
LEN,OS,,26-1130,100.2,22.9,61.4,BK7,5.2,-43.253,SF2,2.5,-138
LEN,OS,,26-1132,119.78,22.9,70.182,BK7,4.7,-52,SF2,2.5,-181.65
LEN,OS,,26-1134,149.58,22.9,86.625,BK7,4.2,-65,SF2,2.5,-233.55
LEN,OS,,26-1135,170.4,22.9,98,BK7,3.9,-73.9,SF2,2.5,-270
LEN,OS,,26-1136,200.1,22.9,111.11,BK7,3.6,-88.23,SF2,2.5,-350
LEN,OS,,26-1137,222,22.9,121.931,BK7,3.5,-98,SF2,2.5,-400
LEN,OS,,26-1138,250.8,22.9,136.714,BK7,3.3,-110.4,SF2,2.5,-460
LEN,OS,,26-1139,300,22.9,146.6,BK7,3.1,-146.6,SF2,2.5,-913.9
LEN,OS,,26-1140,50.3,27,32.5,BK7,11.1,-23.395,SF2,3,-62.73
LEN,OS,,26-1150,60.3,27,36.8,BK7,9.6,-27.6,SF2,3,-84.3
LEN,OS,,26-1155,70.8,27,43.253,BK7,8.5,-31.498,SF2,3,-98
LEN,OS,,26-1160,80.3,27,49.219,BK7,7.7,-35.714,SF2,3,-111.11
LEN,OS,,26-1170,100.7,27,60.311,BK7,6.5,-44.45,SF2,3,-146.6
LEN,OS,,26-1180,120.1,27,71.445,BK7,5.8,-52.461,SF2,3,-176.758
LEN,OS,,26-1190,150,27,88.888,BK7,5.1,-65,SF2,3,-222.3
LEN,OS,,26-1220,169.9,27,98,BK7,4.7,-74.806,SF2,3,-270
LEN,OS,,26-1230,200.2,27,111.11,BK7,4.3,-88.23,SF2,3,-350
LEN,OS,,26-1235,220.2,27,121.931,BK7,4.1,-98,SF2,3,-390.5
LEN,OS,,26-1240,249.7,27,138,BK7,3.9,-110.4,SF2,3,-442.977
LEN,OS,,26-1250,300.4,27,161,BK7,3.6,-135,SF2,3,-588.8
LEN,OS,,26-1253,350,27,171,BK7,3.4,-171,SF2,3,-1067
LEN,OS,,26-1255,400,27,195.4,BK7,3.2,-195.4,SF2,3,-1220
LEN,OS,,26-1156,450,27,219.8,BK7,3.1,-219.8,SF2,3,-1375
LEN,OS,,26-1257,500,27,244.1,BK7,3,-244.1,SF2,3,-1530
LEN,OS,,26-1260,60.2,36,37.408,BK7,16.3,-29.084,SF2,3,-81.4
LEN,OS,,26-1270,70.3,36,44.45,BK7,14.2,-32.5,SF2,3,-91.75
LEN,OS,,26-1280,80.2,36,48.022,BK7,12.8,-36.8,SF2,3,-117.1
LEN,OS,,26-1290,99.9,36,60.311,BK7,10.7,-44.658,SF2,3,-142.95
LEN,OS,,26-1330,120,36,72.6,BK7,9.3,-52.915,SF2,3,-171
LEN,OS,,26-1340,150.1,36,88.23,BK7,7.9,-66.217,SF2,3,-228.36
LEN,OS,,26-1350,169.7,36,101.2,BK7,7.3,-73.9,SF2,3,-249
LEN,OS,,26-1360,199.7,36,118.3,BK7,6.6,-86.625,SF2,3,-296.697
LEN,OS,,26-1365,220.7,36,128.238,BK7,6.2,-95,SF2,3,-340
LEN,OS,,26-1375,249.1,36,142.95,BK7,5.8,-109.004,SF2,3,-400
LEN,OS,,26-1380,300.5,36,167.7,BK7,5.3,-131.48,SF2,3,-515.883
LEN,OS,,26-1382,349.9,36,195.4,BK7,4.9,-154,SF2,3,-603.5
LEN,OS,,26-1384,399.7,36,219.8,BK7,4.6,-176.758,SF2,3,-720
LEN,OS,,26-1386,450,36,219.8,BK7,4.4,-219.8,SF2,3,-1375
LEN,OS,,26-1390,500,36,244.1,BK7,4.2,-244.1,SF2,3,-1530
LEN,OS,,26-1450,81,45,50,BK7,18.9,-38.5,SF2,4,-111.11
LEN,OS,,26-1460,100.5,45,59.892,BK7,15.9,-46,SF2,4,-148
LEN,OS,,26-1470,120.2,45,72.2,BK7,13.7,-53.9,SF2,4,-173.889
LEN,OS,,26-1480,150.7,45,90,BK7,11.5,-66.217,SF2,4,-219.8
LEN,OS,,26-1485,169.8,45,102.134,BK7,10.5,-74.59,SF2,4,-245
LEN,OS,,26-1490,200.1,45,117.628,BK7,9.3,-88.23,SF2,4,-304.585
LEN,OS,,26-1495,220.7,45,134,BK7,8.7,-95,SF2,4,-310.416
LEN,OS,,26-1550,249.4,45,148,BK7,8.1,-109.004,SF2,4,-371.43
LEN,OS,,26-1560,299.5,45,171,BK7,7.2,-130.56,SF2,4,-484.627
LEN,OS,,26-1563,350.2,45,195.4,BK7,7.6,-154,SF2,4,-603.5
LEN,OS,,26-1566,400,45,222.3,BK7,6.2,-176.758,SF2,4,-700
LEN,OS,,26-1568,451.5,45,245,BK7,5.9,-201.577,SF2,4,-849.781
LEN,OS,,26-1570,499.36,45,273.415,BK7,5.6,-222.3,SF2,4,-920
LEN,OS,,26-1575,599.9,45,292.9,BK7,5.2,-292.9,SF2,4,-1835
LEN,OS,,26-1580,700,45,341.8,BK7,4.9,-341.8,SF2,4,-2140
LEN,OS,,26-1585,800,45,390.5,BK7,4.6,-390.5,SF2,4,-2450
LEN,OS,,26-1590,1000,45,488.2,BK7,4.3,-488.2,SF2,4,-3060
LEN,OS,,26-1660,100.5,45.7,59.892,BK7,15.9,-46,SF2,4,-148
LEN,OS,,26-1665,120.23,45.7,72.2,BK7,13.7,-53.9,SF2,4,-173.889
LEN,OS,,26-1670,150.7,45.7,90,BK7,11.5,-66.217,SF2,4,-219.8
LEN,OS,,26-1680,200.1,45.7,117.628,BK7,9.3,-88.23,SF2,4,-304.585
LEN,OS,,26-1690,249.4,45.7,148,BK7,8.1,-109.004,SF2,4,-371.43
LEN,OS,,26-1700,299.48,45.7,171,BK7,7.2,-130.56,SF2,4,-484.627
LEN,OS,,26-1710,400.02,45.7,222.3,BK7,6.2,-176.758,SF2,4,-700
LEN,OS,,26-1720,500.31,45.7,273.415,BK7,5.6,-222.3,SF2,4,-920
LEN,OS,,26-1730,699.97,45.7,341.8,BK7,4.9,-341.8,SF2,4,-2140
LEN,OS,,26-1740,999.96,45.7,488.2,BK7,4.3,-488.2,SF2,4,-3060
