,,,PARTNUM,EFL,DIA,R1,G1,CT1,R2,G2,CT2,R3,G3,CT3,R4
LEN,RO,,L-AOC000,10,6,6.535,H_BACD9,3.69,-3.855,SF8,0.72,-24.318,,,
LEN,RO,,L-AOC001,16,8,10.76,H_BACD9,3.96,-6.62,SF8,0.95,-37.87,,,
LEN,RO,,L-AOC002,12.6,6,8.726,BAFN10,1.9,-6.563,SF11,0.7,-37.648,,,
LEN,RO,,L-AOC003,25,8,16.53,SK11,2.63,-10.88,SF5,2.5,-39.8,,,
LEN,RO,,L-AOC004,30,8,20.43,SSK4,3.07,-12.78,SF8,1.43,-75.97,,,
LEN,RO,,L-AOC005,20,8.5,13.612,BAFN10,2.9,-10.22,SF11,1,-59.372,,,
LEN,RO,,L-AOC006,22,8.5,13.172,BK7,2.6,-10.347,SF15,1,-28.387,,,
LEN,RO,,L-AOC007,20,10,13.64,H_BACD9,4.39,-8.46,SF8,1.18,-46.013,,,
LEN,RO,,L-AOC008,30,10,18.53,BK7,3.7,-12.58,SF2,2,-38.961,,,
LEN,RO,,L-AOC010,25,12,15.04,BALKN3,3.76,-12.48,SF15,2,-33.1,,,
LEN,RO,,L-AOC011,30,12.5,20.46,SSK4,3.98,-12.93,SF8,1.35,-75.71,,,
LEN,RO,,L-AOC012,63.5,12.7,38.5,BK7,3,-28.48,SF5,1.5,-85.32,,,
LEN,RO,,L-AOC013,36,16,22.189,BK7,5.5,-16.583,SF10,2,-40.652,,,
LEN,RO,,L-AOC014,17.3,6,10.714,BK7,2,-7.611,SF5,1,-21.505,,,
LEN,RO,,L-AOC015,12,6.1,8.355,BAFN10,2.1,-6.227,SF11,1,-34.408,,,
LEN,RO,,L-AOC016,73,17,47.77,SSK4A,3.5,-33.04,SF8,1.7,-231.3
LEN,RO,,L-AOC017,15,6.2,9.397,BK7,2.3,-6.582,SF5,1.2,-17.991
LEN,RO,,L-AOC018,10,6.25,6.98,BAFN10,3.06,-4.35,SF10,1.03,-41.011
LEN,RO,,L-AOC019,31,17.5,21.24,SSK4A,6.79,-13.7,SF8,2.06,-75.57
LEN,RO,,L-AOC020,12.5,6.25,8.63,BAFN10,3,-5.29,SF10,0.8,-51.169
LEN,RO,,L-AOC021,15,6.25,6.677,BK7,2.8,-6.677,SF5,0.7,-60.385
LEN,RO,,L-AOC022,40,18,27.25,SSK4A,5.94,-17.36,SF8,2.1,-101.11
LEN,RO,,L-AOC023,20,6.25,12.3,BK7,2.7,-8.71,SF5,0.9,-24.98
LEN,RO,,L-AOC024,25,6.25,15.37,BK7,2.3,-11.16,SF5,0.9,-32.17
LEN,RO,,L-AOC025,50,18,32.16,SK11,4.46,-22.47,SF5,1.5,-89.36
LEN,RO,,L-AOC026,60,18,41.07,SSK4A,3.7,-26.3,SF8,1.5,-155.08
LEN,RO,,L-AOC027,30,6.25,18.412,BK7,2.3,-13.079,SF5,0.9,-38.258
LEN,RO,,L-AOC028,80,18,49.161,BK7,3.5,-35.683,SF5,1.9,-104.248
LEN,RO,,L-AOC029,35,6.25,23.14,BK7,2.3,-14.51,SF5,0.9,-38.861
LEN,RO,,L-AOC030,40,6.25,25.05,BK7,2.3,-17.27,SF5,1,-49.329
LEN,RO,,L-AOC031,90,19,57.54,SSK4A,3.6,-41.58,SF8,1.9,-324.93
LEN,RO,,L-AOC032,29,6.3,16.63,BK7,5,-14.11,F4,1.4,-54.969
LEN,RO,,L-AOC033,39.1,6.4,22.8,BK7,2.3,-15.22,F4,0.8,-63.698
LEN,RO,,L-AOC034,148,19,93.95,SK11,2.7,-68.1,SF5,1.9,-283.49
LEN,RO,,L-AOC035,10,7,5.84,BK7,4,-4.55,F4,0.9,-15.85
LEN,RO,,L-AOC036,25,7,15.335,BK7,1.7,-11.182,SF5,0.7,-32.544
LEN,RO,,L-AOC037,120,24,79.62,H_BACD9,3.5,-54.38,SF8,2,-340.38
LEN,RO,,L-AOC038,50,25,31.127,BK7,9,-21.662,SF5,1.5,-60.731
LEN,RO,,L-AOC039,100,26.5,64.04,SK11,4.8,-44.88,SF5,2,-182.72
LEN,RO,,L-AOC040,80,31.5,52.93,SK11,7.3,-37.16,SF8,2.2,-128.45
LEN,RO,,L-AOC041,160,31.5,83.345,BK7,4.55,-74.078,SF2,2.4,-327.49
LEN,RO,,L-AOC042,15,7.5,10.397,BAFN10,2.8,-7.751,SF11,1.1,-43.792
LEN,RO,,L-AOC043,200,31.5,135.56,SSK4,4.9,-89.37,SF8,3.2,-548.68
LEN,RO,,L-AOC044,250,31.5,158.61,SK11,4.12,-115.31,SF5,3.1,-480.67
LEN,RO,,L-AOC045,120,40,77.21,SK11,8.2,-54.09,SF5,3,-216.1
LEN,RO,,L-AOC047,180,40,118.42,SK11,6,-80.25,SF5,3.6,-308.46
LEN,RO,,L-AOC048,18.9,8,13.062,BAFN10,2.5,-9.874,SF11,0.9,-57.415
LEN,RO,,L-AOC049,32.4,8,19.785,BK7,2.5,-14.34,SF5,1.1,-42.043
LEN,RO,,L-AOC050,1185,80,1128.316,BK7,7.2,-421.707,SF5,5,-889.134
LEN,RO,,L-AOC051,200,40,128.08,SSK4,6.6,-92.73,SF8,4,-718.39
LEN,RO,,L-AOC052,285,42,170.44,BAK1,7.8,-94.3,FN11,4,-926.45
LEN,RO,,L-AOC053,20.7,8.5,9.66,BK7,3.2,-9.66,SF5,1.3,-63.166
LEN,RO,,L-AOC054,24.4,8.8,15.277,BK7,3,-10.782,SF5,1.8,-29.683
LEN,RO,,L-AOC055,18,9,12.37,BAFN10,4.32,-7.38,SF10,1.15,-73.861
LEN,RO,,L-AOC056,300,50,192.49,SK11,6.65,-136.61,SF5,8,-552.26
LEN,RO,,L-AOC057,27,9,15.36,BK7,3.89,-12.01,SF5,1.3,-39.56
LEN,RO,,L-AOC058,29,9.3,17.886,BK7,2.2,-13.153,SF5,0.8,-37.968
LEN,RO,,L-AOC060,25.8,9.4,16.052,BK7,3,-11.508,SF5,1.5,-32.112
LEN,RO,,L-AOC061,25,10,15.57,BK7,4.1,-10.83,SF2,2,-31.125
LEN,RO,,L-AOC062,38,10,23.26,BK7,2.8,-16.913,SF5,1,-49.447
LEN,RO,,L-AOC063,40,10,24.63,BK7,3.3,-16.8,SF2,2,-52.916
LEN,RO,,L-AOC064,50,10,28.104,BK7,3,-21.99,SF2,2,-83.403
LEN,RO,,L-AOC065,55,10,33.172,BK7,2.2,-24.674,SF5,1.6,-72.187
LEN,RO,,L-AOC066,60.1,10,33.786,BK7,2.9,-25.942,SF2,2,-98.902
LEN,RO,,L-AOC067,69.9,10,37.408,BK7,2.7,-31.125,SF2,2,-135.008
LEN,RO,,L-AOC068,80.1,10,44.451,BK7,2.6,-34.868,SF2,2,-138.007
LEN,RO,,L-AOC069,181,12,111.086,BK7,2,-81.182,SF5,1.7,-239.693
LEN,RO,,L-AOC070,89.7,12,52.4,BK7,4.6,-36.639,F4,1.2,-151.653
LEN,RO,,L-AOC073,30.8,12.3,17.697,BK7,5.3,-13.558,SF5,1.4,-43.665
LEN,RO,,L-AOC074,14.01,12.5,10.6,H_BAF10,6.23,-7.72,H_FD5,1.5,-56.539
LEN,RO,,L-AOC075,20,12.5,14.367,H_BAF11,5.25,-8.99,SF10,1.1,-63.889
LEN,RO,,L-AOC076,24,12.5,14.02,BK7,4.4,-9.8,F4,0.6,-39.16
LEN,RO,,L-AOC077,25,12.5,17.27,H_BAF10,5,-10.99,SF10,1.25,-107.032
LEN,RO,,L-AOC078,35,12.5,22.94,SK11,3.68,-15.54,SF5,1.5,-58.841
LEN,RO,,L-AOC079,40,12.5,24.77,BK7,3.73,-18.01,SF5,1.33,-51.169
LEN,RO,,L-AOC080,45,12.5,26.82,BK7,3.5,-20.12,SF5,1.5,-61.38
LEN,RO,,L-AOC081,50,12.5,30.731,BK7,3.5,-22.32,SF5,1.5,-64.75
LEN,RO,,L-AOC082,60,12.5,36.51,BK7,3.5,-26.33,SF5,1.5,-78.352
LEN,RO,,L-AOC083,75,12.5,46.44,BK7,3,-33.77,SF5,1.6,-95.942
LEN,RO,,L-AOC084,50,12.7,30.686,BK7,3,-22.449,SF5,1.4,-65.296
LEN,RO,,L-AOC085,60,12.7,35.03,BK7,2.7,-24.5,F4,1,-101.399
LEN,RO,,L-AOC086,60.3,12.7,36.986,BK7,2.5,-27.129,SF5,1.6,-79.252
LEN,RO,,L-AOC087,40.5,13,26.04,SK11,3.33,-18.02,SF5,1.3,-72.031
LEN,RO,,L-AOC088,51,13,31.295,BK7,3,-22.9,SF5,1.3,-66.693
LEN,RO,,L-AOC089,50,13.5,30.808,BK7,4,-22.217,SF5,2,-63.922
LEN,RO,,L-AOC090,25,15,17.97,BAFN11,6.27,-11.2,SF10,1.76,-85.31
LEN,RO,,L-AOC091,635,130,385.505,BK7,20,-289.185,SF5,7.7,-862.069
LEN,RO,,L-AOC092,30.1,15,18.17,BK7,6,-13.39,SF2,2,-41.399
LEN,RO,,L-AOC093,40,15,26.97,BAFN10,5.98,-17.64,SF10,1.6,-205.04
LEN,RO,,L-AOC094,40.1,15,23.395,BK7,4.9,-17.6,SF2,2,-60.31
LEN,RO,,L-AOC095,50,15,26.81,BK7,5,-23.82,SF5,1.5,-90.794
LEN,RO,,L-AOC096,50.1,15,31.125,BK7,4.3,-21.462,SF2,2,-66.216
LEN,RO,,L-AOC097,59.9,15,36.331,BK7,3.9,-25.779,SF2,2,-83.403
LEN,RO,,L-AOC098,70.2,15,41.399,BK7,3.7,-30.153,SF2,2,-103.799
LEN,RO,,L-AOC099,75,15,39.61,BK7,5,-36.46,SF5,2.5,-145.012
LEN,RO,,L-AOC100,12,7,6.882,BK7,3.9,-5.173,SF8,0.8,-15.395
LEN,RO,,L-AOC101,79.9,15,46.108,BK7,3.5,-34.499,SF2,2,-124.564
LEN,RO,,L-AOC106,61.16,22.1,35.76,BK7,6.4,-27.743,SF5,2,-87.012
LEN,RO,,L-AOC107,85.75,22.1,52.142,BK7,8.3,-37.329,SF5,3,-110.369
LEN,RO,,L-AOC108,64.16,28.9,41.514,BAK4,7.59,-29.314,SF1,2.69,-99.809
LEN,RO,,L-AOC109,85.75,28.85,50.81,BK7,8.3,-38.584,SF5,3.3,-118.129
LEN,RO,,L-AOC111,100,15,55.985,BK7,3.2,-43.253,SF2,2,-167.701
LEN,RO,,L-AOC113,86,33,49.882,BK7,8.8,-39.526,SF5,3,-125.423
LEN,RO,,L-AOC114,107.06,33.02,70.383,BAK1,8.61,-43.536,SF12,2.85,-213.868
LEN,RO,,L-AOC115,163.58,33.02,105.004,BAK1,9.3,-57.15,FN11,3.5,-402.082
LEN,RO,,L-AOC117,107.06,38.1,70.383,BAK1,8.61,-43.536,SF12,2.85,-213.868
LEN,RO,,L-AOC118,163.58,38.1,105.004,BAK1,9.3,-57.15,FN11,3.5,-402.082
LEN,RO,,L-AOC119,648.51,43.05,176.592,BK7,9,-51.345,F2,5,-1037.419
LEN,RO,,L-AOC120,750.32,47.04,203.91,BK7,9,-59.288,F2,5,-1197.909
LEN,RO,,L-AOC121,48,16,23.415,BK7,4.2,-23.415,SF5,1.5,-124.186
LEN,RO,,L-AOC122,35,17,24.314,BAFN10,5.1,-18.522,SF11,1.5,-105.363
LEN,RO,,L-AOC123,80.8,17,49.5,BK7,2.8,-36.39,SF5,1.3,-106.975
LEN,RO,,L-AOC124,90,17,51.97,BK7,6.5,-36.34,F4,1.5,-149.544
LEN,RO,,L-AOC125,240,110,166.085,BAFN10,28,-130.804,SF11,6.9,-759.878
LEN,RO,,L-AOC126,105,17.9,64.267,BK7,3.3,-47.219,SF5,2,-139.024
LEN,RO,,L-AOC127,75,18,45.748,BK7,4.8,-33.43,SF5,1.5,-98.658
LEN,RO,,L-AOC128,78.1,18.2,47.642,BK7,4.8,-34.837,SF5,1.5,-102.849
LEN,RO,,L-AOC129,31,18.5,21.34,BAFN10,7.8,-16.174,SF11,2,-93.677
LEN,RO,,L-AOC130,56,19,35.991,SK11,4.44,-25.13,SF5,1.5,-100.533
LEN,RO,,L-AOC131,60,19,36.909,BK7,4.5,-27.103,SF5,1.8,-78.095
LEN,RO,,L-AOC132,19.76,15.2,23.804,BK7,4,-17.706,SF5,1.5,-16.831
LEN,RO,,L-AOC133,500,100,303.306,BK7,17,-227.69,SF5,9.1,-677.97
LEN,RO,,L-AOC134,190,19,148.822,BK7,3,-73.573,SF5,3,-171.099
LEN,RO,,L-AOC135,30,20,21.41,H_BAF11,8.4,-13.75,SF10,1.76,-105.586
LEN,RO,,L-AOC136,40,20,27.63,BAFN10,8,-17.58,SF10,2,-171.262
LEN,RO,,L-AOC137,45,20,31.118,BAFN10,6.1,-23.732,SF11,2,-137.67
LEN,RO,,L-AOC138,50.2,20,30.153,BK7,6.1,-22.13,SF2,2,-71.444
LEN,RO,,L-AOC139,60,30,39.49,SK11,9.99,-27.8,SF5,2.47,-100.98
LEN,RO,,L-AOC140,55,20,33.967,BK7,5.1,-25.008,SF5,2,-71.018
LEN,RO,,L-AOC141,60.2,20,37.408,BK7,5.4,-26,SF2,2,-80
LEN,RO,,L-AOC143,70.1,20,42.384,BK7,4.9,-30.373,SF2,2,-98.902
LEN,RO,,L-AOC144,300,31.5,210.75,BAK4,5,-81.29,F3,4.4,-515.63
LEN,RO,,L-AOC145,99.5,20,58.5,BK7,4.1,-43.253,SF2,2,-149.993
LEN,RO,,L-AOC146,120.3,20,68.287,BK7,3.7,-51.999,SF2,2,-195.389
LEN,RO,,L-AOC147,149.8,20,84.303,BK7,3.4,-64.998,SF2,2,-250
LEN,RO,,L-AOC148,170,20,93.58,BK7,3.3,-74.588,SF2,2,-302.663
LEN,RO,,L-AOC149,200,20,157.23,BK7,5,-76.9,SF5,3.2,-178.505
LEN,RO,,L-AOC150,250,20,122.294,BK7,2.2,-122.294,SF2,2,-758.725
LEN,RO,,L-AOC151,300,20,146.606,BK7,2.7,-146.606,SF2,2,-914.077
LEN,RO,,L-AOC152,61.8,20.6,36.829,BK7,6.1,-27.702,SF5,2,-83.593
LEN,RO,,L-AOC153,128,20.6,116.077,BK7,4.6,-37.57,F4,3.9,-101.225
LEN,RO,,L-AOC154,71,22,43.514,BK7,5.3,-32.194,SF5,1.5,-93.572
LEN,RO,,L-AOC155,61,23,37.5,BK7,6.6,-27.752,SF5,2,-79.258
LEN,RO,,L-AOC156,400,100,243.605,BK7,17,-182.682,SF5,5,-539.957
LEN,RO,,L-AOC157,79.9,23,50.78,SK11,6,-34.04,SF5,2.5,-141.904
LEN,RO,,L-AOC158,30,25,21.17,BAFN10,11.04,-16.08,SF10,3,-118.666
LEN,RO,,L-AOC159,35,25,24.47,BAFN11,11,-16.49,SF10,2.5,-131.648
LEN,RO,,L-AOC160,40,25,27.97,BAFN11,9.5,-18.85,SF10,2.5,-152.929
LEN,RO,,L-AOC161,45,25,28.75,SK11,7.89,-21.38,SF5,3,-82.919
LEN,RO,,L-AOC162,60,25,34.43,BK7,9,-27.09,SF5,3,-87.143
LEN,RO,,L-AOC163,69.9,25,41.399,BK7,6.5,-31.125,SF2,2.5,-104.042
LEN,RO,,L-AOC164,75,25,46.44,BK7,7,-33.77,SF5,2.5,-95.942
LEN,RO,,L-AOC165,80,25,49.099,BK7,6,-34.868,SF2,2.5,-110
LEN,RO,,L-AOC166,85,25,55.679,SK11,5.01,-38.37,SF5,3,-146.456
LEN,RO,,L-AOC167,100,25,58.251,BK7,5.9,-41.09,F4,1.6,-170.27
LEN,RO,,L-AOC168,105,25,64.276,BK7,4.7,-47.389,SF5,2,-138
LEN,RO,,L-AOC169,120,25,70.661,BK7,7.6,-49.781,F4,2,-199.96
LEN,RO,,L-AOC170,125,25,76.278,BK7,6,-54.549,SF5,2.4,-162.443
LEN,RO,,L-AOC171,150,25,91.37,BK7,5.7,-66.21,SF5,2.2,-197.71
LEN,RO,,L-AOC172,160,25,93.976,BK7,4,-65.249,F4,2,-267.74
LEN,RO,,L-AOC173,170.4,25,98.001,BK7,3.9,-73.899,SF2,2.5,-269.978
LEN,RO,,L-AOC174,175,25,118.991,SSK4,3,-78.382,SF8,2.5,-476.191
LEN,RO,,L-AOC175,200,25,114.732,BK7,3.6,-81.92,F4,2,-357.271
LEN,RO,,L-AOC176,225,25,139.528,BK7,3,-100.21,SF5,2.5,-291.29
LEN,RO,,L-AOC177,250,25,129.407,BK7,3.3,-129.407,SF5,2,-553.537
LEN,RO,,L-AOC178,300,25,184.843,BK7,3,-134.066,SF5,2.5,-394.011
LEN,RO,,L-AOC179,400,25,207.98,BK7,3,-207.98,SF5,2,-877.738
LEN,RO,,L-AOC180,50.1,25.4,32.5,BK7,8.4,-22.245,SF2,2.5,-61.399
LEN,RO,,L-AOC181,80,25.4,46.911,BK7,5.9,-32.62,F4,1.4,-132.802
LEN,RO,,L-AOC182,100,25.4,58.251,BK7,5.9,-41.09,F4,1.6,-170.271
LEN,RO,,L-AOC183,120,25.4,73.449,BK7,7.6,-42.804,SF5,2,-155.74
LEN,RO,,L-AOC184,125,25.4,76.952,BK7,4.8,-55.758,SF5,2.5,-162.76
LEN,RO,,L-AOC185,160,25.4,93.976,BK7,4,-65.249,F4,2,-267.738
LEN,RO,,L-AOC186,200,25.4,114.732,BK7,3.6,-81.92,F4,2,-357.271
LEN,RO,,L-AOC187,250,25.4,145.518,BK7,3.3,-101.698,F4,2,-428.817
LEN,RO,,L-AOC188,400,25.4,233.536,BK7,3,-163.319,F4,2,-683.995
LEN,RO,,L-AOC189,58,29,40.12,BAFN10,7.5,-37.727,SF11,1.5,-184.604
LEN,RO,,L-AOC190,76,29,46.601,BK7,8,-34.882,SF5,2,-100.04
LEN,RO,,L-AOC191,100,29,61.23,BK7,7,-45.147,SF5,2,-131.683
LEN,RO,,L-AOC192,50,30,34.811,BAFN10,11,-22.12,SF10,2.2,-203.5
LEN,RO,,L-AOC193,70.8,30,43.253,BK7,8.5,-31.498,SF2,3,-98.001
LEN,RO,,L-AOC194,75,30,43.157,BK7,8.4,-33.551,SF2,3,-118.961
LEN,RO,,L-AOC195,100,30,64.28,SK11,6.23,-44.98,SF5,2.5,-180.44
LEN,RO,,L-AOC196,125,30,81.533,SK11,4.92,-56.59,SF5,2.5,-220.07
LEN,RO,,L-AOC197,150,30,91.308,BK7,8.1,-65.57,SF5,2.6,-195.886
LEN,RO,,L-AOC198,170,30,88.926,BAK1,4.25,-74.958,SF5,2.4,-852.87
LEN,RO,,L-AOC199,180,30,120.149,BK7,5.21,-76.208,SF5,2.9,-201.898
LEN,RO,,L-AOC200,200,30,134.13,BK7,5.3,-84.588,SF5,3.2,-222.93
LEN,RO,,L-AOC201,250,30,158.604,SK11,4.12,-115.314,SF5,3.1,-480.769
LEN,RO,,L-AOC202,300,30,210.748,BAK4,5,-81.288,F3,4.4,-515.73
LEN,RO,,L-AOC203,60,31,41.533,BAFN10,9,-32.703,SF11,2.4,-188.111
LEN,RO,,L-AOC204,135,31,82.481,BK7,6,-60.976,SF5,2.4,-179.469
LEN,RO,,L-AOC205,100,31.5,64.28,SK11,6.23,-44.98,SF5,2.5,-180.44
LEN,RO,,L-AOC206,240,31.7,147.124,BK7,5.8,-107.596,SF5,3,-317.36
LEN,RO,,L-AOC207,272,31.7,165.645,BK7,5.6,-123.077,SF5,4,-366.032
LEN,RO,,L-AOC208,31.8,10,20.039,SSK4,2.3,-13.106,SF8,1.3,-111.319
LEN,RO,,L-AOC209,115,32,70.462,BK7,8.5,-51.584,SF5,2.5,-150.399
LEN,RO,,L-AOC210,200,32,122.234,BK7,5,-90.408,SF5,3.1,-267.023
LEN,RO,,L-AOC211,260,32,164.962,SK11,4.36,-119.919,SF5,3.2,-500
LEN,RO,,L-AOC212,65,34,44.93,BAFN10,9.4,-35.735,SF11,1.7,-208.073
LEN,RO,,L-AOC213,140,34,85.602,BK7,6.3,-63.436,SF5,2.5,-186.254
LEN,RO,,L-AOC214,93,35,57.143,BK7,9.5,-42.722,SF5,2.6,-122.055
LEN,RO,,L-AOC215,122,35,75.036,BK7,10,-54.579,SF5,4.1,-157.431
LEN,RO,,L-AOC216,125,35,76.564,BK7,7,-56.815,SF5,2.1,-165.86
LEN,RO,,L-AOC217,86.8,36,49.15,BK7,8.5,-41.47,F4,2.5,-175.009
LEN,RO,,L-AOC218,115,36,70.622,BK7,7,-52.732,SF5,2.2,-152.58
LEN,RO,,L-AOC219,120,37,73.551,BK7,8,-54.768,SF5,2.2,-159.084
LEN,RO,,L-AOC220,265,38,161.394,BK7,6,-119.804,SF5,3.2,-356.506
LEN,RO,,L-AOC221,250,38.1,145.922,BK7,8,-102.051,F4,3.5,-423.908
LEN,RO,,L-AOC222,280,38.1,170.59,BK7,6,-126.743,SF5,3.5,-376.79
LEN,RO,,L-AOC223,600,50.8,357.271,BK7,5.3,-246.063,F4,4,-981.354
LEN,RO,,L-AOC224,60,40,37.33,SK11,14.46,-31.54,SF5,3,-124.518
LEN,RO,,L-AOC225,70.3,40,44.45,BK7,14.2,-32.5,SF2,3,-91.752
LEN,RO,,L-AOC226,80,40,53.761,BAFN10,12.07,-36.73,SF10,4,-435.92
LEN,RO,,L-AOC228,100,40,60.46,U_BALK3,9,-49.201,SF15,3,-133.797
LEN,RO,,L-AOC229,140,40,89.928,SK11,7.14,-62.909,SF5,3,-253.807
LEN,RO,,L-AOC230,150.1,40,88.23,BK7,7.9,-66.216,SF2,3,-228.363
LEN,RO,,L-AOC231,160,40,102.596,SK11,6.43,-71.922,SF5,3,-292.227
LEN,RO,,L-AOC232,169.7,40,101.204,BK7,7.3,-73.899,SF2,3,-249.004
LEN,RO,,L-AOC233,237.8,40,138.966,BK7,5.5,0,F4,3.5,-402.901
LEN,RO,,L-AOC234,249.1,40,142.959,BK7,5.8,-109.004,SF2,3,-400
LEN,RO,,L-AOC235,300,40,190.803,SK11,5.12,-138.026,SF5,4.2,-571.755
LEN,RO,,L-AOC236,360,56.5,187.706,BK7,10,-154.483,F4,7,-898.906
LEN,RO,,L-AOC237,350,40,260.589,BK7,4.3,-139.512,SF5,3,-336.436
LEN,RO,,L-AOC238,60,25.4,28.387,BK7,7.5,-28.039,F4,2,-316.23
LEN,RO,,L-AOC239,120,30,79.65,BK7,7.68,-50.53,SF5,3,-135.85
LEN,RO,,L-AOC240,400,40,313.992,BK7,5.3,-154.743,SF5,3,-360.026
LEN,RO,,L-AOC241,450,40,312.598,BAK4,4.3,-122.429,F3,3.9,-799.361
LEN,RO,,L-AOC242,300,82,197.863,SK11,12.5,-133.708,SF5,7.1,-509.424
LEN,RO,,L-AOC243,105,42,72.406,BAFN10,11,-55.972,SF11,3.1,-331.345
LEN,RO,,L-AOC244,100,33,61.645,BK7,8,-45.506,SF5,3.1,-130.158
LEN,RO,,L-AOC245,179,45.7,102.585,SK16,15,-39.2,SF12,5,-2915.452
LEN,RO,,L-AOC246,125,47,76.705,BK7,10,-58.194,SF5,2,-167.31
LEN,RO,,L-AOC247,75,49,43.51,BK7,18.3,-36.303,SF5,3.5,-109.994
LEN,RO,,L-AOC248,81,50,50,BK7,18.9,-38.5,SF2,4,-111.111
LEN,RO,,L-AOC249,100,50,59.508,BK7,16.5,-47.379,SF5,2.25,-140.62
LEN,RO,,L-AOC250,120,50,70.691,BK7,13.5,-49.699,F4,4,-195.925
LEN,RO,,L-AOC251,150.7,50,90.001,BK7,11.5,-66.216,SF2,4,-219.78
LEN,RO,,L-AOC252,160,50,93.976,BK7,11.4,-65.249,F4,2.6,-264.831
LEN,RO,,L-AOC253,169.8,50,102.135,BK7,10.5,-74.588,SF2,4,-244.978
LEN,RO,,L-AOC254,200,50,95.394,BK7,9.8,-86.106,F4,3.3,-841.26
LEN,RO,,L-AOC255,250,50,153.999,BK7,9.4,-111.68,SF5,3.3,-326.23
LEN,RO,,L-AOC256,260,50,166.639,SK11,6.89,-117.578,SF5,5.4,-478.469
LEN,RO,,L-AOC257,330,50,201.005,BK7,8,-149.477,SF5,5,-443.853
LEN,RO,,L-AOC258,400,50,233.536,BK7,9,-163.319,F4,3,-681.663
LEN,RO,,L-AOC259,500,50,291.036,BK7,8,-203.5,F4,2,-859.107
LEN,RO,,L-AOC260,600,50,357.271,BK7,5.3,-246.063,F4,4,-981.354
LEN,RO,,L-AOC261,700,50,428.082,BALKN3,5,-321.027,SF15,5,-892.857
LEN,RO,,L-AOC262,750,50,435.54,BK7,7.3,-305.25,F4,2,-1297.017
LEN,RO,,L-AOC263,1000,50,488.281,BK7,4.3,-488.281,SF2,4,-3058.104
LEN,RO,,L-AOC264,100,50.8,58.391,BK7,16.5,-40.83,F4,2,-164.447
LEN,RO,,L-AOC265,120,50.8,70.691,BK7,13.5,-49.699,F4,4,-195.925
LEN,RO,,L-AOC266,150.7,50.8,90.001,BK7,11.5,-66.216,SF2,4,-219.78
LEN,RO,,L-AOC267,200,50.8,114.732,BK7,9.8,-81.92,F4,3.3,-354.233
LEN,RO,,L-AOC268,250,50.8,145.518,BK7,9.4,-101.698,F4,3.3,-426.076
LEN,RO,,L-AOC269,300,50.8,175.932,BK7,6,-123.032,F4,4,-506.073
LEN,RO,,L-AOC270,400,50.8,233.536,BK7,9,-163.319,F4,3,-681.663
LEN,RO,,L-AOC271,500,50.8,291.036,BK7,8,-203.5,F4,2,-859.107
LEN,RO,,L-AOC272,750,50.8,435.54,BK7,7.3,-305.25,F4,2,-1297.017
LEN,RO,,L-AOC273,1000,50.8,568.505,BK7,5.3,-408.998,F4,4,-1838.235
LEN,RO,,L-AOC274,203,51,124.518,BK7,9,-92.081,SF5,4,-268.673
LEN,RO,,L-AOC275,225,51,137.533,BK7,8,-102.239,SF5,3.9,-300.662
LEN,RO,,L-AOC276,450,51.5,273.224,BK7,5.5,-204.708,SF5,2.7,-613.497
LEN,RO,,L-AOC277,192,52,117.481,BK7,9.4,-87.436,SF5,3,-255.951
LEN,RO,,L-AOC278,330,52,201.005,BK7,8,-149.477,SF5,4.9,-443.853
LEN,RO,,L-AOC279,210,53.8,128.766,BK7,10,-95.293,SF5,4.8,-277.778
LEN,RO,,L-AOC280,230,55,140.528,BK7,10,-104.395,SF5,5.1,-306.373
LEN,RO,,L-AOC281,194.5,56.4,113.817,BK7,10.2,-79.599,F4,3.2,-327.547
LEN,RO,,L-AOC282,180,57.5,110.047,BK7,14,-82.035,SF5,3,-239.063
LEN,RO,,L-AOC283,235,58.8,143.761,BK7,10,-107.009,SF5,4.7,-313.823
LEN,RO,,L-AOC284,400,63,262.123,SK11,7,-179.76,SF5,5,-699.3
LEN,RO,,L-AOC285,500,63,340.948,SSK4A,6,-224.014,SF8,6,-1349.528
LEN,RO,,L-AOC286,600,63,460.946,BK7,7.5,-235.291,SF5,4,-554.873
LEN,RO,,L-AOC287,800,63,711.138,H_BACD9,5,-308.08,SF8,5,-1090.43
LEN,RO,,L-AOC288,195,66,119.632,BK7,14,-89.888,SF5,2.6,-260.01
LEN,RO,,L-AOC289,350,66,213.493,BK7,8,-159.337,SF5,3.2,-472.367
LEN,RO,,L-AOC290,335,69.2,204.207,BK7,10,-152.23,SF5,3.9,-451.06
LEN,RO,,L-AOC291,500,69.2,304.971,BK7,9,-227.583,SF5,4.9,-674.764
LEN,RO,,L-AOC292,300,70,187.052,BK7,11,-127.84,SF2,6,-400.06
LEN,RO,,L-AOC293,400,72,243.428,BK7,11,-181.752,SF5,5.5,-539.957
LEN,RO,,L-AOC294,200,75,122.699,BK7,17,-93.197,SF5,3,-267.738
LEN,RO,,L-AOC295,250,75,145.518,BK7,13.5,-101.698,F4,5,-423.37
LEN,RO,,L-AOC296,400,75,233.536,BK7,10,-163.319,F4,5,-679.81
LEN,RO,,L-AOC297,600,75,357.271,BK7,7.6,-246.063,F4,5,-979.432
LEN,RO,,L-AOC298,250,76.2,145.518,BK7,13.5,-101.698,F4,5,-423.37
LEN,RO,,L-AOC299,400,76.2,233.536,BK7,10,-163.319,F4,5,-679.81
LEN,RO,,L-AOC300,600,76.2,357.271,BK7,7.6,-246.063,F4,5,-979.432
LEN,RO,,L-AOC301,79.9,20,48.022,BK7,4.6,-34.499,SF2,2,-114.181
LEN,RO,,L-AOC302,52.7,20,32.343,BK7,6.9,-23.597,SF5,2,-67.508
LEN,RO,,L-AOC303,280,31.7,170.678,BK7,4,-126.614,SF5,2.8,-376.932
LEN,RO,,L-AOC304,1000,80,919.204,BK7,5.5,-337.33,SF2,5,-783.215
LEN,RO,,L-AOC305,294,81.5,179.986,BK7,14,-134.626,SF5,4.8,-363.082
LEN,RO,,L-AOC306,320,82,195.046,BK7,15,-145.836,SF5,3.9,-430.293
LEN,RO,,L-AOC307,350,100,213.904,BK7,17,-160.823,SF5,3,-471.476
LEN,RO,,L-AOC308,58.4,10,65.405,BK7,3.81,-17.272,SF2,2.03,-38.1
LEN,RO,,L-AOC315,40,21,25.839,BAK4,6.4,-20.502,SF10,2,-64.622
LEN,RO,,L-AOC339,80,30,49.581,BK7,8.5,-34.696,SF2,3,-107.02
LEN,RO,,L-AOC511,21,14,14.216,SSK4,6.42,-9.47,SF8,1.67,-52.197
LEN,RO,,L-AOC512,44,14,28.58,SSK4,3.8,-19.69,SF8,1.4,-141.61
LEN,RO,,L-AOC538,65,25,39.451,BK7,6.2,-29.896,SF5,1.8,-87.1
LEN,RO,,L-AOC539,140,30,93.22,BK7,6.52,-59.14,SF5,2.51,-156.67
LEN,RO,,L-AOC609,2000,150,1267.427,SK11,13.27,-929.368,SF5,10,-3891.051
LEN,RO,,L-AOC646,1000,150,635.728,SK11,14.63,-460.41,SF5,10,-1912.05
LEN,RO,,L-AOC659,3000,150,1901.141,SK11,13.51,-1392.758,SF5,10,-5847.953
LEN,RO,,L-AOC838,90,25,55.32,BALKN3,4.5,-42.34,SF15,2,-116.68
LEN,RO,,L-AOC938,100.8,25.4,52.33,BK7,5,-42.781,F4,2.2,-256.67
LEN,RO,,L-AON003,-20,8,-13.24,SSK51,1,10.441,SF10,1.8,46.977
LEN,RO,,L-AON004,-20,10,-14.371,BK7,1,9.463,SF5,2.5,22.905
LEN,RO,,L-AON005,-25,10,-13.323,BK7,1,13.323,SF5,2.25,54.08
LEN,RO,,L-AON006,-50,18,-30.287,BK7,1.5,24.406,SF5,3.2,75.529
LEN,RO,,L-AON008,-125,25.4,-61.966,BK7,2.25,61.966,SF2,3.5,369.363
LEN,RO,,L-AON009,-109,26.4,-65.761,BK7,2.5,46.685,SF2,3.75,159.664
LEN,RO,,L-AON012,-100,31.5,-61.748,BK7,3,47.315,SF5,4.8,141.243
LEN,RO,,L-APA003,6,3,4.13,BAFN10,1.9,-2.36,SF10,1.03,-21.7
LEN,RO,,L-APA006,10,3,5.789,BK7,3.5,-4.308,SF8,0.75,-12.472
LEN,RO,,L-APA009,10,6,5.789,BK7,3.5,-4.308,SF8,0.75,-12.472
LEN,RO,,L-APA012,12,6,6.885,BK7,3.1,-5.306,SF8,0.8,-15.883
LEN,RO,,L-APA015,16,6,9.151,BK7,3.2,-6.906,SF5,1,-22.301
LEN,RO,,L-APA016,25.4,6.35,15.3,BK7,2,-11.27,SF5,1,-33.54
LEN,RO,,L-APA018,16,8,9.151,BK7,4.2,-6.906,SF5,1,-22.036
LEN,RO,,L-APA021,25,8,16.53,SK11,2.63,-10.88,SF5,2.5,-39.799
LEN,RO,,L-APA024,30,8,16.631,BK7,3.07,-13.068,SF2,1.43,-51.072
LEN,RO,,L-APA028,19,12.7,12.904,BAFN10,5.35,-8.955,SF14,1.5,-65.868
LEN,RO,,L-APA030,30,12.7,16.678,BK7,4,-12.914,SF2,1.4,-50.012
LEN,RO,,L-APA032,38.1,12.7,24.42,BAK4,3,-18.58,SF10,1.5,-61.931
LEN,RO,,L-APA033,40,12.7,22.549,BK7,3,-17.854,SF2,1.5,-67.068
LEN,RO,,L-APA035,50.8,12.7,30.86,BK7,3,-22.71,SF5,1.5,-67.618
LEN,RO,,L-APA036,63.5,12.7,38.5,BK7,3,-28.48,SF5,1.5,-85.317
LEN,RO,,L-APA037,90,12.7,54.101,BK7,3,-39.661,SF5,1.5,-117.481
LEN,RO,,L-APA039,40,18,22.549,BK7,5.9,-17.854,SF2,2.1,-65.828
LEN,RO,,L-APA042,50,18,32.16,SK11,4.46,-22.47,SF5,1.5,-89.358
LEN,RO,,L-APA045,60,18,33.627,BK7,4.7,-26.762,SF2,1.5,-102.504
LEN,RO,,L-APA048,80,18,44.798,BK7,4,-35.748,SF2,1.5,-138.081
LEN,RO,,L-APA054,60,25.4,33.627,BK7,7.5,-26.762,SF2,2,-101.41
LEN,RO,,L-APA055,63.5,25.4,43.86,BAFN10,6.5,-26.62,SF10,2,-266.951
LEN,RO,,L-APA057,80,25.4,44.798,BK7,6,-35.748,SF2,2.2,-137.093
LEN,RO,,L-APA058,90,25.4,54.101,BK7,5.3,-39.661,SF5,2.17,-117.481
LEN,RO,,L-APA059,100,25.4,60.739,BK7,5,-44.711,SF5,2.17,-133.103
LEN,RO,,L-APA060,125,25.4,75.781,BK7,4.3,-56.06,SF5,2.17,-167.954
LEN,RO,,L-APA063,200,25.4,121.714,BK7,3.8,-89.718,SF5,2.5,-268.168
LEN,RO,,L-APA066,250,25.4,151.045,BK7,3.8,-112.221,SF5,2.5,-336.248
LEN,RO,,L-APA069,80,31.5,52.93,SK11,7.3,-37.16,SF8,2.2,-128.452
LEN,RO,,L-APA072,100,31.5,64.28,SK11,6.23,-44.98,SF5,2.5,-180.44
LEN,RO,,L-APA075,120,31.5,67.231,BK7,6,-54.045,SF2,3,-207.609
LEN,RO,,L-APA078,160,31.5,91.319,BK7,5.25,-71.738,SF2,2.75,-265.104
LEN,RO,,L-APA081,200,31.5,111.299,BK7,4.5,-90.499,SF2,2.75,-356.297
LEN,RO,,L-APA082,250,31.5,158.604,SK11,4.12,-115.314,SF5,3.1,-480.769
LEN,RO,,L-APA083,76.2,38.1,51.459,BAFN10,11,-32.38,SF10,3,-378.072
LEN,RO,,L-APA084,100,38.1,67.889,BAFN10,9.2,-43.41,SF10,3.2,-485.201
LEN,RO,,L-APA086,250,38.1,151.584,BK7,7.5,-112.145,SF5,4,-336.361
LEN,RO,,L-APA087,300,38.1,181.515,BK7,7,-134.156,SF5,4,-401.284
LEN,RO,,L-APA088,120,40,77.208,SK11,8.2,-54.089,SF5,3,-216.123,,,
LEN,RO,,L-APA090,160,40,102.593,SK11,6.43,-71.922,SF5,3,-292.227,,,
LEN,RO,,L-APA093,180,40,118.413,SK11,6,-80.25,SF5,3.6,-308.452,,,
LEN,RO,,L-APA096,200,40,111.299,BK7,6.5,-90.499,SF2,3.5,-355.299,,,
LEN,RO,,L-APA099,300,40,190.803,SK11,5.12,-138.026,SF5,4.2,-571.755,,,
LEN,RO,,L-APA102,400,40,272.731,BK7,5,-176.081,SF8,4,-433.3,,,
LEN,RO,,L-APA105,160,50.8,91.319,BK7,10.25,-71.738,SF2,4,-262.966,,,
LEN,RO,,L-APA108,200,50.8,111.299,BK7,9,-90.499,SF2,4.25,-354.168,,,
LEN,RO,,L-APA111,250,50.8,151.584,BK7,8.5,-112.145,SF5,4.33,-336.022,,,
LEN,RO,,L-APA114,300,50.8,156.949,BK7,6.5,-140.753,SF2,4.5,-662.606,,,
LEN,RO,,L-APA117,400,50.8,221.704,BK7,5,-195.679,SF5,4.5,-692.765,,,
LEN,RO,,L-APA120,500,50.8,303.951,BK7,7.33,-224.517,SF5,4.33,-673.401,,,
LEN,RO,,L-APA123,750,50.8,348.891,BK7,5,-436.946,SF2,4.5,-3222.219,,,
LEN,RO,,L-APA125,1000,50.8,422.757,BK7,5,-586.022,SF2,4.5,1.00E+11,,,
LEN,RO,,L-APA130,750,76.2,455.789,BK7,11,-336.814,SF5,6.5,-1010.101,,,
LEN,RO,,L-AST001,7.5,6.5,6,SF2,0.5,3.8,BK7,4.2,-3.8,SF2,0.5,-6
LEN,RO,,L-AST002,10,8.5,9,SF2,0.6,6,BK7,5.4,-6,SF2,0.6,-9
LEN,RO,,L-AST003,12.5,9.5,10.2,SF2,1,6.6,BK7,5,-6.6,SF2,1,-10.2
LEN,RO,,L-AST004,20,12.5,16.2,SF2,1.2,8.06,BK7,6.6,-8.06,SF2,1.2,-16.2
LEN,RO,,L-AST005,25,15,22,SF2,1.6,13.5,BK7,7,-13.5,SF2,1.6,-22
LEN,RO,,L-AST006,30,17,25.12,SF2,2.05,15,BK7,8.5,-15,SF2,2.05,-25.1199
LEN,RO,,L-AST007,40,23,32,SF2,2.7,18.08,BK7,11.7,-18.08,SF2,2.7,-32
LEN,RO,,L-BCC000,-12.5,6.35,-13.3,BK7,2.5,13.3,,, ,,,
LEN,RO,,L-BCC001,-5,5,-5.509,BK7,2,5.509,,,,,,
LEN,RO,,L-BCC004,-8,6,-8.628,BK7,2,8.628,,,,,,
LEN,RO,,L-BCC005,-6.25,6.35,-6.86,BK7,2.5,6.86,,,,,,
LEN,RO,,L-BCC007,-12,12,-12.782,BK7,2,12.782,,,,,,
LEN,RO,,L-BCC008,-25,12.7,-26.26,BK7,2.5,26.26,,,,,,
LEN,RO,,L-BCC009,-50,12.7,-52.1,BK7,2.5,52.1,,,,,,
LEN,RO,,L-BCC010,-30,20,-31.461,BK7,2,31.461,,,,,,
LEN,RO,,L-BCC011,-15,12.5,-15.757,BK7,1.5,15.757,,,,,,
LEN,RO,,L-BCC012,-20,12.5,-20.925,BK7,1.5,20.925,,,,,,
LEN,RO,,L-BCC013,-25,25,-26.273,BK7,2,26.273
LEN,RO,,L-BCC014,-25,12.5,-26.094,BK7,1.5,26.094
LEN,RO,,L-BCC015,-30,12.5,-31.262,BK7,1.5,31.262
LEN,RO,,L-BCC016,-35,12.5,-36.43,BK7,1.5,36.43
LEN,RO,,L-BCC017,-40,12.5,-41.598,BK7,1.5,41.598
LEN,RO,,L-BCC018,-50,12.5,-51.935,BK7,1.5,51.935
LEN,RO,,L-BCC019,-60,12.5,-62.271,BK7,1.5,62.271
LEN,RO,,L-BCC020,-75,12.5,-77.775,BK7,1.5,77.775
LEN,RO,,L-BCC021,-100,12.5,-103.615,BK7,1.5,103.615
LEN,RO,,L-BCC022,-125,12.5,-129.454,BK7,1.5,129.454
LEN,RO,,L-BCC023,-150,12.5,-155.295,BK7,1.5,155.295
LEN,RO,,L-BCC024,-200,12.5,-206.975,BK7,1.5,206.975
LEN,RO,,L-BCC025,-75,50.8,-77.73,BK7,2.5,77.73
LEN,RO,,L-BCC026,-250,12.5,-258.654,BK7,1.5,258.654
LEN,RO,,L-BCC027,-12.5,12.7,-13.33,BK7,2.5,13.33
LEN,RO,,L-BCC028,-75,12.7,-77.73,BK7,2.5,77.73
LEN,RO,,L-BCC029,-100,12.7,-103.573,BK7,2.5,103.573
LEN,RO,,L-BCC030,-30,13,-31.461,BK7,2,31.461
LEN,RO,,L-BCC031,-20,18,-20.925,BK7,1.5,20.925
LEN,RO,,L-BCC032,-25,18,-26.094,BK7,1.5,26.094
LEN,RO,,L-BCC033,-35,18,-36.43,BK7,1.5,36.43
LEN,RO,,L-BCC034,-50,18,-51.935,BK7,1.5,51.935
LEN,RO,,L-BCC035,-75,18,-77.775,BK7,1.5,77.775
LEN,RO,,L-BCC036,-100,18,-103.615,BK7,1.5,103.615
LEN,RO,,L-BCC037,-125,18,-129.454,BK7,1.5,129.454
LEN,RO,,L-BCC038,-150,18,-155.295,BK7,1.5,155.295
LEN,RO,,L-BCC039,-200,18,-206.975,BK7,1.5,206.975
LEN,RO,,L-BCC040,-250,18,-258.654,BK7,1.5,258.654
LEN,RO,,L-BCC041,-350,18,-362.015,BK7,1.5,362.015
LEN,RO,,L-BCC042,-20,20,-21.085,BK7,2,21.085
LEN,RO,,L-BCC043,-35,20,-36.649,BK7,2,36.649
LEN,RO,,L-BCC044,-40,20,-42.098,B270,1.5,42.098
LEN,RO,,L-BCC045,-70,20,-72.961,BK7,2,72.961
LEN,RO,,L-BCC046,-40,22.4,-41.837,BK7,2,41.837
LEN,RO,,L-BCC047,-50,22.4,-52.212,BK7,2,52.212
LEN,RO,,L-BCC048,-150,22.4,-155.957,BK7,2,155.957
LEN,RO,,L-BCC049,-75,25,-77.775,BK7,1.5,77.775
LEN,RO,,L-BCC050,-30,25,-31.262,BK7,1.5,31.262
LEN,RO,,L-BCC051,-40,25,-41.598,BK7,1.5,41.598
LEN,RO,,L-BCC053,-50,25,-51.935,BK7,1.5,51.935
LEN,RO,,L-BCC054,-60,25,-62.271,BK7,1.5,62.271
LEN,RO,,L-BCC055,-100,25,-103.615,BK7,1.5,103.615
LEN,RO,,L-BCC056,-125,25,-129.454,BK7,1.5,129.454
LEN,RO,,L-BCC057,-150,25,-155.295,BK7,1.5,155.295
LEN,RO,,L-BCC058,-200,25,-206.975,BK7,1.5,206.975
LEN,RO,,L-BCC059,-250,25,-258.654,BK7,1.5,258.654
LEN,RO,,L-BCC060,-300,25,-310.335,BK7,1.5,310.335
LEN,RO,,L-BCC061,-400,25,-413.695,BK7,1.5,413.695
LEN,RO,,L-BCC062,-500,25,-517.055,BK7,1.5,517.055
LEN,RO,,L-BCC063,-25,25.4,-26.26,BK7,2.5,26.26
LEN,RO,,L-BCC064,-50,25.4,-52.1,BK7,2.5,52.1
LEN,RO,,L-BCC065,-75,25.4,-77.73,BK7,2.5,77.73
LEN,RO,,L-BCC066,-100,25.4,-103.573,BK7,2.5,103.573
LEN,RO,,L-BCC067,-150,25.4,-155.473,BK7,2.5,155.473
LEN,RO,,L-BCC068,-200,25.4,-207.168,BK7,2.5,207.168
LEN,RO,,L-BCC069,-150,30,-155.957,BK7,2,155.957
LEN,RO,,L-BCC070,-30,30,-31.461,BK7,2,31.461
LEN,RO,,L-BCC071,-50,30,-52.212,BK7,2,52.212
LEN,RO,,L-BCC072,-67,30,-70.547,B270,2.7,70.547
LEN,RO,,L-BCC073,-100,30,-104.085,BK7,2,104.085
LEN,RO,,L-BCC074,-200,30,-207.83,BK7,2,207.83
LEN,RO,,L-BCC075,-40,38,-41.683,BK7,2,41.683
LEN,RO,,L-BCC076,-50,38,-52.019,BK7,2,52.019
LEN,RO,,L-BCC077,-75,38,-77.86,BK7,2,77.86
LEN,RO,,L-BCC078,-100,38,-103.7,BK7,2,103.7
LEN,RO,,L-BCC079,-125,38,-129.54,BK7,2,129.54
LEN,RO,,L-BCC080,-150,38,-155.38,BK7,2,155.38
LEN,RO,,L-BCC081,-200,38,-207.06,BK7,2,207.06
LEN,RO,,L-BCC082,-250,38,-258.741,BK7,2,258.741
LEN,RO,,L-BCC083,-500,38,-517.141,BK7,2,517.141
LEN,RO,,L-BCC084,-750,38,-775.541,BK7,2,775.541
LEN,RO,,L-BCC085,-50,38.1,-52.1,BK7,2.5,52.1
LEN,RO,,L-BCC086,-75,38.1,-77.73,BK7,2.5,77.73
LEN,RO,,L-BCC087,-100,38.1,-103.573,BK7,2.5,103.573
LEN,RO,,L-BCC088,-150,38.1,-155.473,BK7,2.5,155.473
LEN,RO,,L-BCC089,-200,38.1,-207.168,BK7,2.5,207.168
LEN,RO,,L-BCC090,-250,38.1,-258.598,BK7,2.5,258.598
LEN,RO,,L-BCC091,-500,38.1,-517.331,BK7,2.5,517.331
LEN,RO,,L-BCC092,-50,40,-52.543,B270,1.4,52.543
LEN,RO,,L-BCC093,-100,40,-104.987,B270,2.2,104.987
LEN,RO,,L-BCC094,-150,40,-157.257,B270,2.1,157.257
LEN,RO,,L-BCC095,-200,40,-209.6,B270,2.2,209.6
LEN,RO,,L-BCC096,-250,40,-261.849,B270,1.9,261.849
LEN,RO,,L-BCC097,-50,42,-52.212,BK7,2,52.212
LEN,RO,,L-BCC098,-100,42,-104.085,BK7,2,104.085
LEN,RO,,L-BCC099,-150,42,-155.957,BK7,2,155.957
LEN,RO,,L-BCC100,-250,42,-259.702,BK7,2,259.702
LEN,RO,,L-BCC101,-300,42,-311.574,BK7,2,311.574
LEN,RO,,L-BCC102,-400,42,-415.319,BK7,2,415.319
LEN,RO,,L-BCC103,-500,42,-519.063,BK7,2,519.063
LEN,RO,,L-BCC104,-600,42,-622.808,BK7,2,622.808
LEN,RO,,L-BCC105,-50,50,-52.104,BK7,2.5,52.104
LEN,RO,,L-BCC106,-53,50,-52.56,B270,1.5,52.56
LEN,RO,,L-BCC107,-75,50,-77.945,BK7,2.5,77.945
LEN,RO,,L-BCC108,-100,50,-104.085,BK7,2,104.085
LEN,RO,,L-BCC109,-125,50,-129.625,BK7,2.5,129.625
LEN,RO,,L-BCC110,-150,50,-155.957,BK7,2,155.957
LEN,RO,,L-BCC111,-200,50,-207.83,BK7,2,207.83
LEN,RO,,L-BCC112,-250,50,-258.825,BK7,2.5,258.825
LEN,RO,,L-BCC113,-300,50,-310.506,BK7,2.5,310.506
LEN,RO,,L-BCC114,-400,50,-413.857,BK7,2.5,413.857
LEN,RO,,L-BCC115,-500,50,-517.226,BK7,2.5,517.226
LEN,RO,,L-BCC116,-600,50,-622.91,BK7,2,622.91
LEN,RO,,L-BCC117,-750,50,-775.626,BK7,2.5,775.626
LEN,RO,,L-BCC118,-1000,50,-1034.026,BK7,2.5,1034.026
LEN,RO,,L-BCC119,-100,50.8,-103.573,BK7,2.5,103.573
LEN,RO,,L-BCC120,-150,50.8,-155.473,BK7,2.5,155.473
LEN,RO,,L-BCC121,-200,50.8,-207.168,BK7,2.5,207.168
LEN,RO,,L-BCC122,-250,50.8,-258.598,BK7,2.5,258.598
LEN,RO,,L-BCC123,-500,50.8,-517.331,BK7,2.5,517.331
LEN,RO,,L-BCC124,-300,63.5,-314.169,B270,2,314.169
LEN,RO,,L-BCC125,-150,76.2,-155.473,BK7,2.5,155.473
LEN,RO,,L-BCC126,-150,95,-156.127,BK7,3,156.127
LEN,RO,,L-BCX000,6,6,7.59,SF5,2.54,-7.59
LEN,RO,,L-BCX001,8,6,7.711,BK7,3.2,-7.711
LEN,RO,,L-BCX002,9,6,8.91,BK7,2.25,-8.91
LEN,RO,,L-BCX003,6.4,6.35,5.62,BK7,4.96,-5.62
LEN,RO,,L-BCX004,9.7,6,9.791,B270,2,-9.791
LEN,RO,,L-BCX005,12,6,11.98,BK7,2.4,-11.98
LEN,RO,,L-BCX006,15,6,15.209,BK7,1.7,-15.209
LEN,RO,,L-BCX007,15,7.5,15.05,BK7,2.9,-15.05
LEN,RO,,L-BCX008,18,6,18.22,BK7,2.2,-18.22
LEN,RO,,L-BCX009,24,6,24.36,BK7,2.6,-24.36
LEN,RO,,L-BCX010,10,10,9.477,BK7,4.8,-9.477
LEN,RO,,L-BCX011,18,10,18.03,BK7,3.5,-18.03
LEN,RO,,L-BCX012,18,12,18.01,BK7,3.5,-18.01
LEN,RO,,L-BCX013,14.2,12.5,13.822,BK7,5,-13.822
LEN,RO,,L-BCX014,28.6,12.7,29.078,BK7,3.4,-29.078
LEN,RO,,L-BCX015,50.2,12.7,51.23,BK7,3.79,-51.23
LEN,RO,,L-BCX016,15,14.5,14.479,BK7,5.9,-14.479
LEN,RO,,L-BCX017,30,6,30.61,BK7,2.3,-30.61
LEN,RO,,L-BCX018,12.7,6.3,12.679,BK7,2.8,-12.679
LEN,RO,,L-BCX019,20,15,19.875,BK7,4.9,-19.875
LEN,RO,,L-BCX020,12.7,6.35,12.44,BK7,3.82,-12.44
LEN,RO,,L-BCX021,19,6.35,19.02,BK7,3.53,-19.02
LEN,RO,,L-BCX022,31,20,31.229,BK7,5.3,-31.229
LEN,RO,,L-BCX023,35,19.5,35.489,BK7,4.7,-35.489
LEN,RO,,L-BCX024,50,22.4,51.092,BK7,4.5,-51.092
LEN,RO,,L-BCX025,50,25,50.987,BK7,5.1,-50.987
LEN,RO,,L-BCX026,25.4,6.35,25.66,BK7,3.39,-25.66
LEN,RO,,L-BCX027,16,6.4,16.546,B270,1.1,-16.546
LEN,RO,,L-BCX029,10.5,6.5,10.629,B270,2,-10.629
LEN,RO,,L-BCX030,25.4,25.4,24.4,BK7,10.13,-24.4
LEN,RO,,L-BCX031,31.7,25.4,31.589,BK7,7.3,-31.589
LEN,RO,,L-BCX032,10,7.5,9.738,BK7,3.5,-9.738
LEN,RO,,L-BCX033,13.5,9,13.46,BK7,2.75,-13.46
LEN,RO,,L-BCX034,38.1,25.4,38.42,BK7,6.3,-38.42
LEN,RO,,L-BCX035,27,9,27.43,BK7,2.74,-27.43
LEN,RO,,L-BCX036,36,9,36.77,BK7,2.55,-36.77
LEN,RO,,L-BCX037,9.3,9.2,9.025,B270,3.8,-9.025
LEN,RO,,L-BCX038,60,32.1,59.945,BK7,12.9,-59.945
LEN,RO,,L-BCX039,65.5,32.1,66.281,BK7,9.4,-66.281
LEN,RO,,L-BCX040,9.8,10,9.649,B270,3.3,-9.649
LEN,RO,,L-BCX041,60,35,59.945,BK7,12.9,-59.945
LEN,RO,,L-BCX042,33,10,33.768,BK7,2.7,-33.768
LEN,RO,,L-BCX043,53,36.3,53.634,BK7,7.5,-53.634
LEN,RO,,L-BCX044,65,36.3,65.799,BK7,9.4,-65.799
LEN,RO,,L-BCX045,50,11,51.781,B270,3,-51.781
LEN,RO,,L-BCX046,15,12,15.34,BK7,3.85,-15.34
LEN,RO,,L-BCX047,75,40,77.161,B270,7.4,-77.161
LEN,RO,,L-BCX048,100,39.1,102.32,BK7,8,-102.32
LEN,RO,,L-BCX049,24,12,24.4,BK7,4,-24.4
LEN,RO,,L-BCX050,30,12,30.36,BK7,3.7,-30.36
LEN,RO,,L-BCX051,36,12,36.65,BK7,3.3,-36.65
LEN,RO,,L-BCX052,48,12,49.14,BK7,2.74,-49.14
LEN,RO,,L-BCX053,72,12,73.97,BK7,2.8,-73.97
LEN,RO,,L-BCX054,1000,100,1035.77,BK7,7.4,-1035.77
LEN,RO,,L-BCX055,15,12.5,14.785,BK7,4.3,-14.785
LEN,RO,,L-BCX056,100,50.8,101.978,BK7,9.44,-101.978
LEN,RO,,L-BCX057,25,12.5,25.384,BK7,3.1,-25.384
LEN,RO,,L-BCX058,30,12.5,30.621,BK7,2.8,-30.621
LEN,RO,,L-BCX059,35,12.5,35.846,BK7,2.6,-35.846
LEN,RO,,L-BCX060,200,50.8,206.101,BK7,6.14,-206.101
LEN,RO,,L-BCX061,40,12.5,41.051,BK7,2.5,-41.051
LEN,RO,,L-BCX062,50,12.5,51.456,BK7,2.3,-51.456
LEN,RO,,L-BCX063,60,12.5,61.862,BK7,2.1,-61.862
LEN,RO,,L-BCX064,75,12.5,77.435,BK7,2,-77.435
LEN,RO,,L-BCX065,100,12.5,103.379,BK7,1.9,-103.379
LEN,RO,,L-BCX066,125,12.5,129.322,BK7,1.8,-129.322
LEN,RO,,L-BCX067,150,12.5,155.266,BK7,1.7,-155.266
LEN,RO,,L-BCX068,200,12.5,207.118,BK7,1.7,-207.118
LEN,RO,,L-BCX069,250,12.5,258.971,BK7,1.7,-258.971
LEN,RO,,L-BCX070,12.7,12.7,11.87,BK7,6.68,-11.87
LEN,RO,,L-BCX071,19,12.7,18.7,BK7,5.22,-18.7
LEN,RO,,L-BCX072,25.4,12.7,25.721,BK7,3.6,-25.721
LEN,RO,,L-BCX074,62.9,12.7,64.222,BK7,3.62,-64.222
LEN,RO,,L-BCX075,75.6,12.7,77.441,BK7,3.52,-77.441
LEN,RO,,L-BCX076,17,13,17.142,B270,3.6,-17.142
LEN,RO,,L-BCX077,18,13,17.89,BK7,4.4,-17.89
LEN,RO,,L-BCX078,22,15,22.51,SF11,4.5,-22.51
LEN,RO,,L-BCX079,19,15,19.144,B270,4.1,-19.144
LEN,RO,,L-BCX080,22.5,15,34.36,SF11,4.2,-34.36
LEN,RO,,L-BCX081,30,15,30.5,BK7,4,-30.5
LEN,RO,,L-BCX082,50,15,51.159,BK7,3,-51.159
LEN,RO,,L-BCX083,30,17.3,30.786,B270,3.4,-30.786
LEN,RO,,L-BCX084,18,17.5,17.716,B270,6.1,-17.716
LEN,RO,,L-BCX085,20,18,19.682,BK7,5.9,-19.682
LEN,RO,,L-BCX086,25,18,25.06,BK7,4.9,-25.06
LEN,RO,,L-BCX087,27,18,27.08,BK7,5.5,-27.08
LEN,RO,,L-BCX088,35,18,35.636,BK7,3.8,-35.636
LEN,RO,,L-BCX089,36,18,36.601,BK7,4.8,-36.601
LEN,RO,,L-BCX090,50,18,51.315,BK7,3.1,-51.315
LEN,RO,,L-BCX091,75,18,77.331,BK7,2.6,-77.331
LEN,RO,,L-BCX092,100,18,103.31,BK7,2.3,-103.31
LEN,RO,,L-BCX093,125,18,129.271,BK7,2.1,-129.271
LEN,RO,,L-BCX094,150,18,155.214,BK7,2,-155.214
LEN,RO,,L-BCX095,200,18,207.084,BK7,1.9,-207.084
LEN,RO,,L-BCX096,250,18,258.954,BK7,1.8,-258.954
LEN,RO,,L-BCX097,350,18,362.675,BK7,1.7,-362.675
LEN,RO,,L-BCX098,22,20,21.577,BK7,6.9,-21.577
LEN,RO,,L-BCX099,25,20,25.263,B270,5,-25.263
LEN,RO,,L-BCX100,25.4,20,25.265,BK7,6.1,-25.265
LEN,RO,,L-BCX101,330,150,341.181,B270,23,-341.181
LEN,RO,,L-BCX102,20,21,19.239,BK7,8.2,-19.239
LEN,RO,,L-BCX103,25,22.4,24.623,BK7,7.3,-24.623
LEN,RO,,L-BCX104,30,22.4,30.007,BK7,6.3,-30.007
LEN,RO,,L-BCX105,80,22.4,82.393,BK7,3.5,-82.393
LEN,RO,,L-BCX106,100,22.4,103.189,BK7,3.2,-103.189
LEN,RO,,L-BCX107,150,22.4,155.135,BK7,2.8,-155.135
LEN,RO,,L-BCX108,25,25,24.389,BK7,1.5,-24.389
LEN,RO,,L-BCX109,38.1,25,38.796,B270,6,-38.796
LEN,RO,,L-BCX110,30,25,29.866,BK7,7,-29.866
LEN,RO,,L-BCX111,35,25,35.09,BK7,6.6,-35.09
LEN,RO,,L-BCX112,40,25,40.465,BK7,5.9,-40.465
LEN,RO,,L-BCX113,54,25,55.667,B270,4.7,-55.667
LEN,RO,,L-BCX114,60,25,61.515,BK7,4.1,-61.515
LEN,RO,,L-BCX115,75,25,77.119,BK7,4,-77.119
LEN,RO,,L-BCX117,100,25,103.191,BK7,3,-103.191
LEN,RO,,L-BCX118,125,25,129.132,BK7,3.2,-129.132
LEN,RO,,L-BCX119,150,25,155.129,BK7,2.5,-155.129
LEN,RO,,L-BCX120,175,25,180.408,BK7,3.2,-180.408
LEN,RO,,L-BCX121,200,25,207.021,BK7,2.3,-207.021
LEN,RO,,L-BCX122,250,25,258.902,BK7,2.1,-258.902
LEN,RO,,L-BCX123,300,25,310.772,BK7,2,-310.772
LEN,RO,,L-BCX124,400,25,414.493,BK7,1.9,-414.493
LEN,RO,,L-BCX125,500,25,518.215,BK7,1.8,-518.215
LEN,RO,,L-BCX126,19,25.4,16.69,BK7,14.72,-16.69
LEN,RO,,L-BCX127,50.2,25.4,50.81,BK7,6.22,-50.81
LEN,RO,,L-BCX128,62.9,25.4,64.222,BK7,5.54,-64.222
LEN,RO,,L-BCX129,75.6,25.4,77.441,BK7,5.1,-77.441
LEN,RO,,L-BCX130,88.3,25.4,90.269,BK7,4.79,-90.269
LEN,RO,,L-BCX131,88.9,25.4,91.575,BK7,3.8,-91.575
LEN,RO,,L-BCX132,100,25.4,102.585,BK7,4.57,-102.585
LEN,RO,,L-BCX133,125,25.4,128.156,BK7,4.25,-128.156
LEN,RO,,L-BCX134,150,25.4,154.083,BK7,4.04,-154.083
LEN,RO,,L-BCX135,175,25.4,179.986,BK7,3.89,-179.986
LEN,RO,,L-BCX136,200,25.4,206.101,BK7,3.78,-206.101
LEN,RO,,L-BCX137,500,25.4,516.262,BK7,3.31,-516.262
LEN,RO,,L-BCX138,1000,25.4,1033.058,BK7,3.15,-1033.058
LEN,RO,,L-BCX139,82,29,84.296,BK7,4.5,-84.296
LEN,RO,,L-BCX140,30,30,29.256,BK7,10.3,-29.256
LEN,RO,,L-BCX141,38.1,30,38.522,B270,7.5,-38.522
LEN,RO,,L-BCX142,50,30,50.731,BK7,6.5,-50.731
LEN,RO,,L-BCX143,63.5,30,65.377,B270,6,-65.377
LEN,RO,,L-BCX144,70,30,71.726,BK7,5.2,-71.726
LEN,RO,,L-BCX145,75,30,76.67,BK7,4.96,-76.67
LEN,RO,,L-BCX146,90,30,93.379,B270,4.4,-93.379
LEN,RO,,L-BCX147,100,30,103.018,BK7,4.2,-103.018
LEN,RO,,L-BCX148,150,30,155.015,BK7,3.5,-155.015
LEN,RO,,L-BCX149,200,30,206.954,BK7,3.1,-206.954
LEN,RO,,L-BCX150,500,30,518.403,BK7,2.4,-518.403
LEN,RO,,L-BCX151,1000,30,1037.344,BK7,2.2,-1037.344
LEN,RO,,L-BCX152,50,31,50.684,BK7,6.8,-50.684
LEN,RO,,L-BCX153,38.1,31.7,37.944,BK7,8.9,-37.944
LEN,RO,,L-BCX154,54,32,54.852,BK7,6.7,-54.852
LEN,RO,,L-BCX155,65,35,66.269,BK7,6.7,-66.269
LEN,RO,,L-BCX156,70,35,71.078,BK7,7.5,-71.078
LEN,RO,,L-BCX157,110,35,113.314,BK7,4.7,-113.314
LEN,RO,,L-BCX158,31.7,35,30.513,BK7,12.9,-30.513
LEN,RO,,L-BCX159,40,38,39.364,BK7,11.8,-39.364
LEN,RO,,L-BCX160,45,38,44.835,BK7,10.4,-44.835
LEN,RO,,L-BCX161,50,38,50.176,BK7,9.5,-50.176
LEN,RO,,L-BCX162,75,38,76.599,BK7,6.8,-76.599
LEN,RO,,L-BCX163,100,38,102.757,BK7,5.5,-102.757
LEN,RO,,L-BCX164,125,38,128.806,BK7,4.8,-128.806
LEN,RO,,L-BCX165,150,38,154.802,BK7,4.4,-154.802
LEN,RO,,L-BCX166,200,38,206.758,BK7,3.8,-206.758
LEN,RO,,L-BCX167,250,38,258.679,BK7,3.4,-258.679
LEN,RO,,L-BCX168,500,38,518.061,BK7,2.7,-518.061
LEN,RO,,L-BCX169,750,38,777.356,BK7,2.5,-777.356
LEN,RO,,L-BCX170,38.1,38.1,36.91,BK7,13.6,-36.91
LEN,RO,,L-BCX171,38.1,38.1,37.281,BK7,12.4,-37.281
LEN,RO,,L-BCX172,50.2,38.1,50.03,BK7,10.53,-50.03
LEN,RO,,L-BCX173,50.8,38.1,51.062,BK7,9.3,-51.062
LEN,RO,,L-BCX174,62.9,38.1,63.472,BK7,8.85,-63.472
LEN,RO,,L-BCX175,75.6,38.1,76.787,BK7,7.8,-76.787
LEN,RO,,L-BCX176,76.2,38.1,77.894,BK7,6.7,-77.894
LEN,RO,,L-BCX177,88.3,38.1,90.269,BK7,7.07,-90.269
LEN,RO,,L-BCX178,100,38.1,101.978,BK7,6.58,-101.978
LEN,RO,,L-BCX179,101.6,38.1,104.461,BK7,5.5,-104.461
LEN,RO,,L-BCX180,125,38.1,128.156,BK7,5.84,-128.156
LEN,RO,,L-BCX181,150,38.1,154.083,BK7,5.36,-154.083
LEN,RO,,L-BCX182,175,38.1,179.986,BK7,5.02,-179.986
LEN,RO,,L-BCX183,200,38.1,206.101,BK7,4.76,-206.101
LEN,RO,,L-BCX184,250,38.1,257.798,BK7,4.41,-257.798
LEN,RO,,L-BCX185,300,38.1,309.119,BK7,4.17,-309.119
LEN,RO,,L-BCX186,400,38.1,412.541,BK7,3.88,-412.541
LEN,RO,,L-BCX187,500,38.1,516.262,BK7,3.7,-516.262
LEN,RO,,L-BCX188,1000,38.1,1033.058,BK7,3.35,-1033.058
LEN,RO,,L-BCX189,50,40,50.561,BK7,9.8,-50.561
LEN,RO,,L-BCX190,60,40,60.558,BK7,8.8,-60.558
LEN,RO,,L-BCX191,80,40,82.291,BK7,8,-82.291
LEN,RO,,L-BCX192,63.5,40,64.429,BK7,8.3,-64.429
LEN,RO,,L-BCX194,100,40,103.67,B270,5.4,-103.67
LEN,RO,,L-BCX195,125,40,128.8,BK7,5.1,-128.8
LEN,RO,,L-BCX196,200,40,207.943,BK7,8,-207.943
LEN,RO,,L-BCX197,500,42,518.135,BK7,2.8,-518.135
LEN,RO,,L-BCX198,65,42,65.898,BK7,8.8,-65.898
LEN,RO,,L-BCX199,70,42,71.174,BK7,8.3,-71.174
LEN,RO,,L-BCX201,100,42,102.659,BK7,6.3,-102.659
LEN,RO,,L-BCX202,150,42,154.799,BK7,4.8,-154.799
LEN,RO,,L-BCX203,200,42,206.783,BK7,4.1,-206.783
LEN,RO,,L-BCX204,250,42,258.732,BK7,3.7,-258.732
LEN,RO,,L-BCX205,300,42,310.656,BK7,3.4,-310.656
LEN,RO,,L-BCX206,400,42,414.422,BK7,3.1,-414.422
LEN,RO,,L-BCX207,600,42,621.891,BK7,2.7,-621.891
LEN,RO,,L-BCX208,1000,42,1037.344,BK7,2.4,-1037.344
LEN,RO,,L-BCX209,2000,42,2074.689,BK7,2.2,-2074.689
LEN,RO,,L-BCX210,80,47,81.447,BK7,8.9,-81.447
LEN,RO,,L-BCX211,600,47,621.891,BK7,2.9,-621.891
LEN,RO,,L-BCX212,1000,47,1037.344,BK7,2.5,-1037.344
LEN,RO,,L-BCX213,50,50,48.902,BK7,16.3,-48.902
LEN,RO,,L-BCX214,60,50,59.956,BK7,12.9,-59.956
LEN,RO,,L-BCX215,63.5,50,63.541,BK7,13.2,-63.541
LEN,RO,,L-BCX216,75,50,75.853,BK7,11,-75.853
LEN,RO,,L-BCX217,80,50,82.088,B270,9.1,-82.088
LEN,RO,,L-BCX218,90,50,92.644,B270,8.6,-92.644
LEN,RO,,L-BCX219,100,50,102.323,BK7,8.2,-102.323
LEN,RO,,L-BCX220,125,50,128.355,BK7,7.4,-128.355
LEN,RO,,L-BCX221,150,50,154.56,BK7,6.1,-154.56
LEN,RO,,L-BCX222,38,17,38.801,BK7,3.5,-38.801
LEN,RO,,L-BCX223,40,20,40.628,BK7,4.9,-40.628
LEN,RO,,L-BCX224,250,50,258.422,BK7,4.9,-258.422
LEN,RO,,L-BCX225,300,50,310.343,BK7,4.5,-310.343
LEN,RO,,L-BCX226,400,50,414.134,BK7,4,-414.134
LEN,RO,,L-BCX227,500,50,518.135,BK7,3.2,-518.135
LEN,RO,,L-BCX228,750,50,777.22,BK7,3.3,-777.22
LEN,RO,,L-BCX229,1000,50,1037.344,BK7,2.6,-1037.344
LEN,RO,,L-BCX230,38.1,50.8,34.44,BK7,25.36,-34.44
LEN,RO,,L-BCX231,50.2,50.8,48.759,BK7,17.27,-48.759
LEN,RO,,L-BCX232,50.8,50.8,49.657,BK7,16.8,-49.657
LEN,RO,,L-BCX234,76.2,50.8,77.036,BK7,11.5,-77.036
LEN,RO,,L-BCX235,88.3,50.8,89.469,BK7,10.36,-89.469
LEN,RO,,L-BCX236,125,50.8,128.156,BK7,8.09,-128.156
LEN,RO,,L-BCX237,150,50.8,154.083,BK7,7.22,-154.083
LEN,RO,,L-BCX238,175,50.8,179.986,BK7,6.6,-179.986
LEN,RO,,L-BCX239,250,50.8,257.798,BK7,5.51,-257.798
LEN,RO,,L-BCX240,300,50.8,309.119,BK7,5.09,-309.119
LEN,RO,,L-BCX241,400,50.8,412.541,BK7,4.56,-412.541
LEN,RO,,L-BCX242,500,50.8,516.262,BK7,4.25,-516.262
LEN,RO,,L-BCX243,1000,50.8,1033.058,BK7,3.62,-1033.058
LEN,RO,,L-BCX244,50.8,60,48.284,BK7,23.7,-48.284
LEN,RO,,L-BCX245,70,60,69.701,BK7,16.4,-69.701
LEN,RO,,L-BCX246,75,60,75.861,B270,14.6,-75.861
LEN,RO,,L-BCX247,100,60,102.722,B270,10.8,-102.722
LEN,RO,,L-BCX248,150,60,155.497,B270,8.2,-155.497
LEN,RO,,L-BCX249,175,60,181.818,B270,7.2,-181.818
LEN,RO,,L-BCX250,101.6,63.5,103.146,BK7,12.9,-103.146
LEN,RO,,L-BCX251,150,66,153.87,BK7,10.1,-153.87
LEN,RO,,L-BCX252,75,75,73.42,BK7,24.1,-73.42
LEN,RO,,L-BCX253,100,75,100.516,BK7,18.1,-100.516
LEN,RO,,L-BCX254,125,75,127.035,BK7,14.9,-127.035
LEN,RO,,L-BCX255,150,75,153.492,BK7,12.2,-153.492
LEN,RO,,L-BCX256,175,75,181.324,B270,10,-181.324
LEN,RO,,L-BCX257,200,75,205.804,BK7,9.8,-205.804
LEN,RO,,L-BCX258,250,75,257.931,BK7,8.4,-257.931
LEN,RO,,L-BCX259,350,75,361.698,BK7,7.4,-361.698
LEN,RO,,L-BCX260,500,75,517.462,BK7,6.2,-517.462
LEN,RO,,L-BCX261,750,75,776.878,BK7,5.3,-776.878
LEN,RO,,L-BCX263,500,80,517.598,BK7,6.1,-517.598
LEN,RO,,L-BCX264,150,76.2,152.859,BK7,12.64,-152.859
LEN,RO,,L-BCX265,300,76.2,309.119,BK7,7.71,-309.119
LEN,RO,,L-BCX266,400,76.2,412.541,BK7,6.52,-412.541
LEN,RO,,L-BCX267,1000,75,1036.208,BK7,4.9,-1036.208
LEN,RO,,L-BCX268,100,76.2,100.19,BK7,18.05,-100.19
LEN,RO,,L-BCX269,150,95,152.486,BK7,18,-152.486
LEN,RO,,L-BCX270,100,100,97.784,BK7,32.7,-97.784
LEN,RO,,L-BCX271,125,100,125.028,BK7,26,-125.028
LEN,RO,,L-BCX272,150,100,151.976,BK7,20.8,-151.976
LEN,RO,,L-BCX273,175,100,178.38,BK7,18.2,-178.38
LEN,RO,,L-BCX274,200,100,204.666,BK7,16.3,-204.666
LEN,RO,,L-BCX275,250,100,257.003,BK7,13.7,-257.003
LEN,RO,,L-BCX276,350,100,360.905,BK7,12,-360.905
LEN,RO,,L-BCX277,750,100,776.381,BK7,8.2,-776.381
LEN,RO,,L-BCX278,20,12.5,20.125,BK7,3.5,-20.125,,,
LEN,RO,,L-BCX279,38.1,12.7,38.68,BK7,4.05,-38.68,,,
LEN,RO,,L-BCX280,63.5,25,65.837,B270,3.4,-65.837,,,
LEN,RO,,L-BCX281,18,9,18.15,BK7,2.6,-18.15,,,
LEN,RO,,L-BCX282,75.6,50.8,76.092,BK7,11.72,-76.092,,,
LEN,RO,,L-BCX283,500,76.2,516.262,BK7,5.81,-516.262,,,
LEN,RO,,L-BCX284,500,100,516.826,BK7,9.9,-516.826,,,
LEN,RO,,L-BCX522,60,18,61.41,BK7,4.7,-61.41,,,
LEN,RO,,L-BCX523,40,22.4,40.608,BK7,5.1,-40.608,,,
LEN,RO,,L-BCX524,60,22.4,61.556,BK7,4.1,-61.556,,,
LEN,RO,,L-BCX724,200,22.4,207.039,BK7,2.6,-207.039,,,
LEN,RO,,L-BCX843,250,25.4,257.798,BK7,3.63,-257.798,,,
LEN,RO,,L-DLA002,10,5,6.632,SK11,2.5,-3.97,SF5,1,-15.894
LEN,RO,,L-DLA004,25,10,15.901,SK11,3.5,-10.478,SF5,1.5,-42.483
LEN,RO,,L-DLA006,40,15,25.586,SK11,3.5,-17.137,SF5,2,-69.123
LEN,RO,,L-DLA008,60,20,38.137,SK11,4.5,-25.63,SF5,2,-106.123
LEN,RO,,L-DLA010,80,25,50.751,SK11,6,-33.993,SF5,2.5,-141.804
LEN,RO,,L-DLA012,100,30,63.42,SK11,7,-42.405,SF5,3,-177.462
LEN,RO,,L-DLA014,145,40,91.802,SK11,9,-61.497,SF5,3.5,-259.471
LEN,RO,,L-DLA016,190,50,120.366,SK11,9.5,-80.893,SF5,4,-341.647
LEN,RO,,L-MAC000,6,3,4.13,H_BAF10,1.97,-2.36,SF10,1.03,-21.7
LEN,RO,,L-MAC001,8,4,5.76,H_BAF10,1.5,-3.49,SF10,1.03,-26.05
LEN,RO,,L-MAC002,10.6,4.9,7.184,BAFN10,3,-4.999,SF10,0.8,-31.1
LEN,RO,,L-MAC003,8.5,5,5.851,BAFN10,1.6,-4.553,SF11,0.3,-26.871
LEN,RO,,L-MAC004,10,5,7.17,H_BAF10,1.73,-4.39,SF10,1.03,-33.961
LEN,RO,,L-MAC005,15,5,10.67,H_BAF10,1.55,-6.46,SF10,1.03,-53.571
LEN,RO,,L-MAC006,13,5.2,8.156,BK7,2,-5.632,SF5,1.1,-15.405
LEN,RO,,L-MAC007,8,5.5,5.29,BAK4,2.9,-3.68,SF11,1,-9.35
LEN,RO,,L-MAC008,26.9,5.7,16.451,BK7,1.6,-11.919,SF5,0.8,-35.008
LEN,RO,,L-MAC009,18.9,5.8,11.855,BK7,2,-8.21,SF5,1.4,-22.768
LEN,RO,,L-MAC010,9,3,5.26,BK7,1.47,-3.98,SF5,1.03,-12.05
LEN,RO,,L-MBX000,3,3,3.5,SF5,2.3,-3.5,,,
LEN,RO,,L-MBX001,4.5,3,4.29,BK7,2,-4.29
LEN,RO,,L-MBX002,6,3,5.88,BK7,1.8,-5.88
LEN,RO,,L-MBX003,9,3,9.02,BK7,1.6,-9.02
LEN,RO,,L-MBX004,4.5,4.5,6.58,LASFN30,2.6,-6.58
LEN,RO,,L-MBX005,9,4.5,8.88,BK7,2.38,-8.88
LEN,RO,,L-MBX006,4.5,5,4.281,BK7,2,-4.281
LEN,RO,,L-MBX007,5.6,5,5.511,B270,1.9,-5.511
LEN,RO,,L-MBX008,7,5,6.707,BK7,3,-6.707
LEN,RO,,L-MBX009,10,5,9.91,BK7,2.6,-9.91
LEN,RO,,L-MBX011,4.2,5.5,3.821,B270,2.9,-3.821
LEN,RO,,L-MBX013,9,5.5,9.095,B270,1.8,-9.095
LEN,RO,,L-MPX000,1.6,2.5,1.36,LASFN9,0.9,0
LEN,RO,,L-MPX001,3,2.5,1.569,B270,2,0
LEN,RO,,L-MPX002,2.5,2.8,1.431,BAK1,1.5,0
LEN,RO,,L-MPX003,3,3,2.35,SF11,2,0
LEN,RO,,L-MPX004,4.5,3,3.62,LASFN30,1.8,0
LEN,RO,,L-MPX005,6,3,3.1,BK7,1.8,0
LEN,RO,,L-MPX006,8,3,4.134,BK7,2,0
LEN,RO,,L-MPX007,9,3,4.65,BK7,1.5,0
LEN,RO,,L-MPX008,3.5,3.6,2.004,BAK1,2,0
LEN,RO,,L-MPX009,6,3.8,3.101,BK7,1.7,0
LEN,RO,,L-MPX010,4,4,3.21,LASFN30,1.7,0
LEN,RO,,L-MPX011,6,4,3.101,BK7,1.5,0
LEN,RO,,L-MPX012,8,4,4.15,BK7,2.5,0
LEN,RO,,L-MPX013,22.8,4,11.81,BK7,2.9,0
LEN,RO,,L-MPX014,8.1,4.3,4.237,B270,1.6,0
LEN,RO,,L-MPX015,4.5,4.5,3.61,LASFN30,2.59,0
LEN,RO,,L-MPX016,9,4.5,4.65,BK7,2.38,0
LEN,RO,,L-MPX017,9.7,4.5,5.51,SK11,1.3,0
LEN,RO,,L-MPX018,4.8,5,2.48,BK7,2.5,0
LEN,RO,,L-MPX019,10,5,5.187,BK7,2.6,0
LEN,RO,,L-MPX020,68,5.1,35.142,BK7,2,0
LEN,RO,,L-PCC000,-12.5,6.35,0,BK7,2.5,6.46
LEN,RO,,L-PCC001,-20,10,0,BK7,2,10.374
LEN,RO,,L-PCC002,-50,12.5,0,BK7,1.5,25.926
LEN,RO,,L-PCC003,-15,8,0,BK7,2,7.78
LEN,RO,,L-PCC004,-30,20,0,BK7,2,15.562
LEN,RO,,L-PCC005,-25,6.35,0,BK7,2.5,12.92
LEN,RO,,L-PCC006,-10,5,0,BK7,2,5.187
LEN,RO,,L-PCC007,-40,21,0,BK7,2,20.749
LEN,RO,,L-PCC008,-29,8,0,BK7,1.6,15.168
LEN,RO,,L-PCC009,-15,12.5,0,BK7,1.5,7.778
LEN,RO,,L-PCC010,-100,22.4,0,BK7,2,51.872
LEN,RO,,L-PCC011,-20,12.5,0,BK7,1.5,10.37
LEN,RO,,L-PCC012,-25,12.5,0,BK7,1.5,12.963
LEN,RO,,L-PCC013,-25,25,0,BK7,2,12.963
LEN,RO,,L-PCC015,-30,12.5,0,BK7,1.5,15.556
LEN,RO,,L-PCC016,-100,25.4,0,BK7,2.5,51.68
LEN,RO,,L-PCC017,-35,12.5,0,BK7,1.5,18.148
LEN,RO,,L-PCC018,-40,12.5,0,BK7,1.5,20.741
LEN,RO,,L-PCC019,-50,25.4,0,BK7,2.5,25.84
LEN,RO,,L-PCC020,-60,12.5,0,BK7,1.5,31.111
LEN,RO,,L-PCC021,-75,12.5,0,BK7,1.5,38.889
LEN,RO,,L-PCC022,-100,12.5,0,BK7,1.5,51.852
LEN,RO,,L-PCC023,-125,12.5,0,BK7,1.5,64.815
LEN,RO,,L-PCC024,-200,12.5,0,BK7,1.5,103.705
LEN,RO,,L-PCC025,-25,25.4,0,BK7,2.5,12.92
LEN,RO,,L-PCC026,-50,12.7,0,BK7,2.5,25.84
LEN,RO,,L-PCC027,-75,12.7,0,BK7,2.5,38.76
LEN,RO,,L-PCC028,-100,12.7,0,BK7,2.5,51.68
LEN,RO,,L-PCC029,-250,38.1,0,BK7,2.5,129.199
LEN,RO,,L-PCC030,-25,18,0,BK7,1.5,12.963
LEN,RO,,L-PCC031,-152.4,50,0,B270,1.4,79.498
LEN,RO,,L-PCC032,-29,18,0,BK7,2,15.043
LEN,RO,,L-PCC033,-35,18,0,BK7,1.5,18.148
LEN,RO,,L-PCC034,-50,18,0,BK7,1.5,25.926
LEN,RO,,L-PCC035,-75,18,0,BK7,1.5,38.889
LEN,RO,,L-PCC036,-100,18,0,BK7,1.5,51.852
LEN,RO,,L-PCC037,-125,18,0,BK7,1.5,64.815
LEN,RO,,L-PCC038,-150,18,0,BK7,1.5,77.778
LEN,RO,,L-PCC039,-200,18,0,BK7,1.5,103.705
LEN,RO,,L-PCC040,-250,18,0,BK7,1.5,129.631
LEN,RO,,L-PCC041,-350,18,0,BK7,1.5,181.483
LEN,RO,,L-PCC042,-50,20,0,BK7,2,25.936
LEN,RO,,L-PCC043,-85,22,0,BK7,2,44.091
LEN,RO,,L-PCC044,-50,22.4,0,BK7,2,25.936
LEN,RO,,L-PCC045,-150,22.4,0,BK7,2,77.808
LEN,RO,,L-PCC046,-25.4,25,0,B270,1.2,13.285
LEN,RO,,L-PCC047,-30,25,0,BK7,1.5,15.556
LEN,RO,,L-PCC048,-40,25,0,BK7,1.5,20.741
LEN,RO,,L-PCC050,-50,25,0,BK7,1.5,25.926
LEN,RO,,L-PCC051,-60,25,0,BK7,1.5,31.111
LEN,RO,,L-PCC052,-75,25,0,BK7,1.5,38.889
LEN,RO,,L-PCC053,-25,12.7,0,BK7,2.5,12.92
LEN,RO,,L-PCC054,-100,25,0,BK7,1.5,51.852
LEN,RO,,L-PCC055,-125,25,0,BK7,1.5,64.815
LEN,RO,,L-PCC056,-150,25,0,BK7,1.5,77.778
LEN,RO,,L-PCC057,-200,25,0,BK7,1.5,103.705
LEN,RO,,L-PCC058,-250,25,0,BK7,1.5,129.631
LEN,RO,,L-PCC059,-300,25,0,BK7,1.5,155.557
LEN,RO,,L-PCC060,-400,25,0,BK7,1.5,207.409
LEN,RO,,L-PCC061,-500,25,0,BK7,1.5,259.261
LEN,RO,,L-PCC062,-250,12.5,0,BK7,1.5,129.631
LEN,RO,,L-PCC063,-38.1,25.4,0,BK7,2,19.763
LEN,RO,,L-PCC064,-66,25.4,0,B270,1.8,34.52
LEN,RO,,L-PCC065,-75,25.4,0,BK7,2.5,38.76
LEN,RO,,L-PCC066,-150,25.4,0,BK7,2.5,77.73
LEN,RO,,L-PCC067,-200,25.4,0,BK7,2.5,103.573
LEN,RO,,L-PCC068,-50,30,0,BK7,2,25.936
LEN,RO,,L-PCC069,-76.2,30,0,B270,2.3,39.855
LEN,RO,,L-PCC070,-100,30,0,BK7,2,51.872
LEN,RO,,L-PCC071,-125,30,0,BK7,2,64.84
LEN,RO,,L-PCC072,-150,30,0,BK7,2,77.808
LEN,RO,,L-PCC073,-200,30,0,BK7,2,103.744
LEN,RO,,L-PCC074,-50,38,0,BK7,2,25.926
LEN,RO,,L-PCC075,-75,38,0,BK7,2,38.889
LEN,RO,,L-PCC076,-100,38,0,BK7,2,51.852
LEN,RO,,L-PCC077,-125,38,0,BK7,2,64.815
LEN,RO,,L-PCC078,-150,38,0,BK7,2,77.778
LEN,RO,,L-PCC079,-200,38,0,BK7,2,103.705
LEN,RO,,L-PCC080,-250,38,0,BK7,2,129.631
LEN,RO,,L-PCC081,-500,38,0,BK7,2,259.261
LEN,RO,,L-PCC082,-750,38,0,BK7,2,388.892
LEN,RO,,L-PCC083,-50,38.1,0,BK7,2.5,25.84
LEN,RO,,L-PCC084,-75,38.1,0,BK7,2.5,38.76
LEN,RO,,L-PCC086,-100,38.1,0,BK7,2.5,51.68
LEN,RO,,L-PCC087,-600,50,0,BK7,2,311.233
LEN,RO,,L-PCC088,-150,38.1,0,BK7,2.5,77.73
LEN,RO,,L-PCC089,-750,50,0,BK7,2.5,388.892
LEN,RO,,L-PCC090,-200,38.1,0,BK7,2.5,103.573
LEN,RO,,L-PCC091,-1000,50,0,BK7,2.5,518.522
LEN,RO,,L-PCC094,-500,50.8,0,BK7,2.5,258.598
LEN,RO,,L-PCC095,-50,40,0,BK7,2,25.936
LEN,RO,,L-PCC096,-63.5,40,0,BK7,2,32.939
LEN,RO,,L-PCC097,-76.2,40,0,B270,2.1,39.855
LEN,RO,,L-PCC098,-90,40,0,B270,3,47.072
LEN,RO,,L-PCC099,-101.6,40,0,B270,1.1,53.141
LEN,RO,,L-PCC100,-150,40,0,BK7,2,77.808
LEN,RO,,L-PCC101,-200,40,0,BK7,2,103.744
LEN,RO,,L-PCC102,-203.2,40,0,B270,2,106.281
LEN,RO,,L-PCC103,-100,42,0,BK7,2,51.872
LEN,RO,,L-PCC104,-50,47,0,BK7,2,25.936
LEN,RO,,L-PCC105,-75,50,0,BK7,2.5,38.889
LEN,RO,,L-PCC106,-100,50,0,BK7,2,51.872
LEN,RO,,L-PCC107,-600,95,0,BK7,3,311.233
LEN,RO,,L-PCC108,-125,50,0,BK7,3,64.84
LEN,RO,,L-PCC109,-150,50,0,BK7,3,77.808
LEN,RO,,L-PCC110,-200,50,0,BK7,2,103.744
LEN,RO,,L-PCC111,-250,50,0,BK7,2.5,129.631
LEN,RO,,L-PCC112,-300,50,0,BK7,2.5,155.557
LEN,RO,,L-PCC113,-400,50,0,BK7,2.5,207.409
LEN,RO,,L-PCC114,-500,50,0,BK7,2.5,259.261
LEN,RO,,L-PCC118,-500,76.2,0,BK7,2.5,258.598
LEN,RO,,L-PCC123,-150,12.5,0,BK7,1.5,77.778
LEN,RO,,L-PCX001,12,6,6.2,BK7,1.6,0
LEN,RO,,L-PCX002,15,6,7.75,BK7,2,0
LEN,RO,,L-PCX003,18,6,9.3,BK7,1.4,0
LEN,RO,,L-PCX004,21,6,10.85,BK7,1.42,0
LEN,RO,,L-PCX005,17,6,8.818,BK7,2.5,0
LEN,RO,,L-PCX006,13,7.5,6.743,BK7,2,0
LEN,RO,,L-PCX007,10,8,5.187,BK7,3.9,0
LEN,RO,,L-PCX008,30,6,15.5,BK7,1.3,0
LEN,RO,,L-PCX009,36,6,18.61,BK7,1.6,0
LEN,RO,,L-PCX010,15,8,7.781,BK7,3.1,0
LEN,RO,,L-PCX011,48,6,24.81,BK7,1.6,0
LEN,RO,,L-PCX012,72,6,37.22,BK7,1.6,0
LEN,RO,,L-PCX013,18,8,9.337,BK7,2.9,0
LEN,RO,,L-PCX014,25.4,6.2,13.285,B270,1.3,0
LEN,RO,,L-PCX015,33,6.2,17.26,B270,1.4,0
LEN,RO,,L-PCX016,15,10,7.781,BK7,3.8,0
LEN,RO,,L-PCX017,40,10,20.749,BK7,2.6,0
LEN,RO,,L-PCX018,38,6.2,19.875,B270,1.8,0
LEN,RO,,L-PCX019,50,6.2,26.151,B270,1.3,0
LEN,RO,,L-PCX020,12.7,6.3,6.558,BK7,2.8,0
LEN,RO,,L-PCX021,25.4,6.3,13.176,BK7,2.4,0
LEN,RO,,L-PCX022,20,12,10.374,BK7,3.9,0
LEN,RO,,L-PCX023,31.7,6.3,16.58,B270,1.6,0
LEN,RO,,L-PCX024,6.4,6.35,3.31,BK7,5.38,0
LEN,RO,,L-PCX025,25,12,12.968,BK7,3.5,0
LEN,RO,,L-PCX026,63.5,12.5,32.817,BK7,2.2,0
LEN,RO,,L-PCX027,18,15,9.337,BK7,5.7,0
LEN,RO,,L-PCX028,50,15,25.936,BK7,3.1,0
LEN,RO,,L-PCX029,12.7,6.35,6.56,BK7,3.81,0
LEN,RO,,L-PCX030,25.4,6.35,13.13,BK7,3.39,0
LEN,RO,,L-PCX031,80,12,41.498,BK7,2.7,0
LEN,RO,,L-PCX032,100,15,51.872,BK7,2.5,0
LEN,RO,,L-PCX033,75.6,6.35,39.07,BK7,3.12,0
LEN,RO,,L-PCX034,32.7,15.8,16.962,BK7,3.9,0
LEN,RO,,L-PCX035,88.3,6.35,45.771,BK7,3.11,0
LEN,RO,,L-PCX036,65,17.3,33.686,BK7,2.5,0
LEN,RO,,L-PCX037,30,18.5,15.562,BK7,5,0
LEN,RO,,L-PCX038,40,22.4,20.749,BK7,5.3,0
LEN,RO,,L-PCX039,100,22.4,51.872,BK7,3.2,0
LEN,RO,,L-PCX040,31.7,25.4,16.443,BK7,7.9,0
LEN,RO,,L-PCX041,37,25.4,19.185,BK7,8.4,0
LEN,RO,,L-PCX042,63.5,25.4,32.939,BK7,4.5,0
LEN,RO,,L-PCX043,76.2,25.4,39.527,BK7,4.1,0
LEN,RO,,L-PCX044,160,29,82.996,BK7,3.3,0
LEN,RO,,L-PCX045,250,30,129.681,BK7,2.9,0
LEN,RO,,L-PCX046,100,6.35,51.68,BK7,3.09,0
LEN,RO,,L-PCX047,4.7,6.4,3.73,SF11,3,0
LEN,RO,,L-PCX048,19.9,6.5,10.45,BK7,2.5,0
LEN,RO,,L-PCX049,100,60,51.872,BK7,12.5,0
LEN,RO,,L-PCX050,50,6.6,25.84,BK7,2.1,0
LEN,RO,,L-PCX051,600,65,311.11,BK7,6.5,0
LEN,RO,,L-PCX052,100,6.6,51.68,BK7,3,0
LEN,RO,,L-PCX053,15.2,6.9,7.95,B270,2,0
LEN,RO,,L-PCX054,31,7,16.214,B270,1.8,0
LEN,RO,,L-PCX055,100,76.2,51.68,BK7,19.7,0
LEN,RO,,L-PCX056,8,7.1,4.23,BK7,3.3,0
LEN,RO,,L-PCX057,12.5,7.5,6.46,BK7,2.2,0
LEN,RO,,L-PCX058,9.7,7.6,5.073,B270,2.3,0
LEN,RO,,L-PCX059,17,8,8.892,B270,2.3,0
LEN,RO,,L-PCX060,38,8,19.875,B270,3,0
LEN,RO,,L-PCX061,50,8,26.15,BK7,2.7,0
LEN,RO,,L-PCX062,17,8.5,8.79,BK7,2.3,0
LEN,RO,,L-PCX063,9,9,7.06,SF11,3,0
LEN,RO,,L-PCX064,13.5,9,9.09,SF5,2.6,0
LEN,RO,,L-PCX065,18,9,9.32,BK7,2.41,0
LEN,RO,,L-PCX066,22,9,11.412,BK7,2.9,0
LEN,RO,,L-PCX067,27,9,13.95,BK7,2.5,0
LEN,RO,,L-PCX068,36,9,18.61,BK7,2.3,0
LEN,RO,,L-PCX069,25.4,9.5,13.285,B270,2.9,0
LEN,RO,,L-PCX070,160.6,10,82.994,BK7,2.1,0
LEN,RO,,L-PCX071,20,10,10.374,BK7,3.3,0
LEN,RO,,L-PCX072,22,10,11.412,BK7,3.1,0
LEN,RO,,L-PCX073,31,10,16.214,B270,1.9,0
LEN,RO,,L-PCX075,31.6,10.9,16.59,BK7,1.7,0
LEN,RO,,L-PCX076,15.1,11,7.84,BK7,3.7,0
LEN,RO,,L-PCX077,30,11,15.691,B270,1.8,0
LEN,RO,,L-PCX078,47,11,24.38,BK7,2.6,0
LEN,RO,,L-PCX079,12,12,9.42,SF11,4,0
LEN,RO,,L-PCX080,18,12,9.302,BK7,3.6,0
LEN,RO,,L-PCX081,24,12,12.42,BK7,2.8,0
LEN,RO,,L-PCX082,30,12,15.5,BK7,3,0
LEN,RO,,L-PCX083,31,12,16.214,B270,2.6,0
LEN,RO,,L-PCX084,36,12,18.83,BK7,3,0
LEN,RO,,L-PCX085,42,12,21.71,BK7,2.7,0
LEN,RO,,L-PCX086,48,12,24.82,BK7,2.5,0
LEN,RO,,L-PCX087,60,12,31.02,BK7,2.5,0
LEN,RO,,L-PCX088,72,12,37.211,BK7,2.4,0
LEN,RO,,L-PCX089,84,12,43.429,BK7,2.5,0
LEN,RO,,L-PCX090,175.5,12,137.717,SF11,4,0
LEN,RO,,L-PCX091,200.7,12,157.492,SF11,4,0
LEN,RO,,L-PCX092,14.5,12.4,7.611,B270,4.8,0
LEN,RO,,L-PCX093,15,12.5,7.778,BK7,4.7,0
LEN,RO,,L-PCX094,20,12.5,10.37,BK7,3.6,0
LEN,RO,,L-PCX095,23.9,12.5,12.55,BK7,3.2,0
LEN,RO,,L-PCX096,24,12.5,12.553,B270,3.2,0
LEN,RO,,L-PCX097,25,12.5,12.963,BK7,3.1,0
LEN,RO,,L-PCX098,30,12.5,15.556,BK7,2.8,0
LEN,RO,,L-PCX099,35,12.5,18.148,BK7,2.6,0
LEN,RO,,L-PCX100,38,12.5,19.875,B270,2.6,0
LEN,RO,,L-PCX101,40,12.5,20.741,BK7,2.5,0
LEN,RO,,L-PCX102,175,25,90.139,BK7,2,0
LEN,RO,,L-PCX103,60,12.5,31.111,BK7,2.1,0
LEN,RO,,L-PCX104,50.8,22.9,26.17,BK7,5.2,0
LEN,RO,,L-PCX105,19,6.35,9.82,BK7,3.52,0
LEN,RO,,L-PCX106,100,12.5,51.852,BK7,1.9,0
LEN,RO,,L-PCX107,75,12.5,38.889,BK7,2,0
LEN,RO,,L-PCX108,150,12.5,77.778,BK7,1.8,0
LEN,RO,,L-PCX109,200,12.5,103.705,BK7,1.7,0
LEN,RO,,L-PCX110,250,12.5,129.631,BK7,1.7,0
LEN,RO,,L-PCX111,16,12.7,8.24,BK7,4,0
LEN,RO,,L-PCX112,19,12.7,9.82,BK7,5.33,0
LEN,RO,,L-PCX113,28.6,12.7,14.835,BK7,3.4,0
LEN,RO,,L-PCX114,35.3,12.7,27.92,SF11,4,0
LEN,RO,,L-PCX115,150,105,77.808,BK7,24.2,0
LEN,RO,,L-PCX116,44.5,12.7,23.083,BK7,2.4,0
LEN,RO,,L-PCX117,52.9,12.7,41.88,SF11,4,0
LEN,RO,,L-PCX118,60,12.7,47.441,SF11,4,0
LEN,RO,,L-PCX119,62.9,12.7,32.51,BK7,3.62,0
LEN,RO,,L-PCX120,88.5,12.7,45.771,BK7,3.44,0
LEN,RO,,L-PCX121,100,12.7,51.68,BK7,3.39,0
LEN,RO,,L-PCX122,105.4,12.7,83.5,SF11,4,0
LEN,RO,,L-PCX123,120.2,12.7,94.323,SF11,4,0
LEN,RO,,L-PCX124,43,13,22.305,BK7,3,0
LEN,RO,,L-PCX125,26,13.5,13.487,BK7,3.8,0
LEN,RO,,L-PCX126,25.4,12.7,13.13,BK7,4.63,0
LEN,RO,,L-PCX127,21,15,10.893,BK7,5,0
LEN,RO,,L-PCX128,33,13.5,17.1,BK7,2,0
LEN,RO,,L-PCX129,25,14,12.968,BK7,4,0
LEN,RO,,L-PCX130,25,14.2,12.88,BK7,4,0
LEN,RO,,L-PCX131,52.2,14.2,27.43,B270,1.8,0
LEN,RO,,L-PCX132,15,15,10.09,SF5,5.5,0
LEN,RO,,L-PCX133,20.9,15,10.97,BK7,5,0
LEN,RO,,L-PCX134,22.5,15,15.12,SF5,3.35,0
LEN,RO,,L-PCX135,30,15,15.52,BK7,3.18,0
LEN,RO,,L-PCX136,36,15,18.674,BK7,3.6,0
LEN,RO,,L-PCX137,40,18,20.741,BK7,4.9,0
LEN,RO,,L-PCX138,40,15,20.67,BK7,3,0
LEN,RO,,L-PCX139,300,25,155.557,BK7,2,0
LEN,RO,,L-PCX140,125,15,65.377,B270,1.4,0
LEN,RO,,L-PCX141,196,15,101.667,BK7,2.3,0
LEN,RO,,L-PCX142,986.7,15,511.771,BK7,2.1,0
LEN,RO,,L-PCX143,49.8,15.5,25.84,BK7,3,0
LEN,RO,,L-PCX144,37.8,16,19.87,BK7,2.9,0
LEN,RO,,L-PCX145,50.2,38.1,25.94,BK7,11.33,0
LEN,RO,,L-PCX146,72.7,17.1,38.071,B270,2.6,0
LEN,RO,,L-PCX147,31,17.8,16.214,B270,3.8,0
LEN,RO,,L-PCX148,24,18,12.445,BK7,5.1,0
LEN,RO,,L-PCX149,35,18,18.148,BK7,3.9,0
LEN,RO,,L-PCX150,50,18,25.926,BK7,3.1,0
LEN,RO,,L-PCX151,75,18,38.889,BK7,2.6,0
LEN,RO,,L-PCX152,100,18,51.852,BK7,2.3,0
LEN,RO,,L-PCX153,125,18,64.815,BK7,2.1,0
LEN,RO,,L-PCX154,150,18,77.778,BK7,2,0
LEN,RO,,L-PCX155,196.2,18,153.961,SF11,4,0
LEN,RO,,L-PCX156,200,18,103.705,BK7,1.9,0
LEN,RO,,L-PCX157,250,18,129.631,BK7,1.8,0
LEN,RO,,L-PCX158,350,18,181.483,BK7,1.7,0
LEN,RO,,L-PCX159,38,19,19.57,BK7,5.6,0
LEN,RO,,L-PCX160,33,20,17.26,B270,4.7,0
LEN,RO,,L-PCX161,35,20,18.155,BK7,4.2,0
LEN,RO,,L-PCX162,38,20,19.875,B270,3.9,0
LEN,RO,,L-PCX163,46.5,20,24.321,B270,3.2,0
LEN,RO,,L-PCX164,50,20,25.936,BK7,4,0
LEN,RO,,L-PCX165,37.8,21,19.87,BK7,4,0
LEN,RO,,L-PCX166,35.5,21.2,18.29,BK7,4.7,0
LEN,RO,,L-PCX167,34,22,17.637,BK7,5.8,0
LEN,RO,,L-PCX168,57.5,22.3,45.121,SF11,3.4,0
LEN,RO,,L-PCX169,60,22.4,31.123,BK7,4.1,0
LEN,RO,,L-PCX170,80,22.4,41.497,BK7,3.5,0
LEN,RO,,L-PCX171,150,22.4,77.809,BK7,2.8,0
LEN,RO,,L-PCX172,31.7,22.9,16.44,BK7,7.9,0
LEN,RO,,L-PCX173,200,25,103.705,BK7,2.3,0
LEN,RO,,L-PCX174,31.9,23.5,16.685,B270,6.2,0
LEN,RO,,L-PCX175,32,24,16.737,B270,7,0
LEN,RO,,L-PCX176,30,25,15.556,BK7,7.8,0
LEN,RO,,L-PCX177,31.7,25,16.33,BK7,7.9,0
LEN,RO,,L-PCX178,38,25,19.57,BK7,5.6,0
LEN,RO,,L-PCX179,40,25,20.672,BK7,5.7,0
LEN,RO,,L-PCX180,170,114,88.913,B270,24.6,0
LEN,RO,,L-PCX181,50.8,25,26.17,BK7,5.2,0
LEN,RO,,L-PCX182,34,17,17.637,BK7,4.2,0
LEN,RO,,L-PCX183,38.1,25.4,19.69,BK7,7.64,0
LEN,RO,,L-PCX184,75,25,38.889,BK7,3.6,0
LEN,RO,,L-PCX187,75.6,25.4,39.07,BK7,5.12,0
LEN,RO,,L-PCX188,100,25.4,51.68,BK7,4.58,0
LEN,RO,,L-PCX189,127,25,65.419,BK7,3.2,0
LEN,RO,,L-PCX190,150,25.4,77.441,BK7,4.04,0
LEN,RO,,L-PCX191,152.4,25.4,79.053,BK7,3,0
LEN,RO,,L-PCX192,200,25.4,103.359,BK7,3.78,0
LEN,RO,,L-PCX193,300,25.4,155.039,BK7,3.52,0
LEN,RO,,L-PCX194,400,25.4,206.101,BK7,3.39,0
LEN,RO,,L-PCX195,500,25.4,257.798,BK7,3.31,0
LEN,RO,,L-PCX196,750,25.4,387.597,BK7,3.2,0
LEN,RO,,L-PCX197,1000,25.4,516.262,BK7,3.15,0
LEN,RO,,L-PCX198,342.5,26.9,176.991,BK7,4.5,0
LEN,RO,,L-PCX199,50,27,25.936,BK7,5.8,0
LEN,RO,,L-PCX200,250,145,129.681,BK7,25.9,0
LEN,RO,,L-PCX201,500,28.5,261.506,BK7,1.7,0
LEN,RO,,L-PCX202,50,29,25.936,BK7,6.4,0
LEN,RO,,L-PCX203,35,30,18.155,BK7,9.9,0
LEN,RO,,L-PCX204,40,30,20.749,BK7,8.4,0
LEN,RO,,L-PCX205,38.1,6.35,19.69,BK7,3.25,0
LEN,RO,,L-PCX206,50,30,25.936,BK7,6.8,0
LEN,RO,,L-PCX207,60,30,31.123,BK7,5.8,0
LEN,RO,,L-PCX208,63,30,32.951,B270,5,0
LEN,RO,,L-PCX209,70,30,36.311,BK7,5.2,0
LEN,RO,,L-PCX210,75,30,39.227,B270,3.8,0
LEN,RO,,L-PCX211,80,30,41.497,BK7,4.8,0
LEN,RO,,L-PCX212,89,30,46.548,B270,4.7,0
LEN,RO,,L-PCX213,100,30,51.873,BK7,4.2,0
LEN,RO,,L-PCX214,110,30,57.058,BK7,4,0
LEN,RO,,L-PCX216,120,30,62.247,BK7,3.8,0
LEN,RO,,L-PCX217,125,30,64.838,BK7,3.7,0
LEN,RO,,L-PCX218,230,140,120.294,B270,26,0
LEN,RO,,L-PCX219,150,30,77.809,BK7,3.5,0
LEN,RO,,L-PCX220,200,30,103.745,BK7,3.1,0
LEN,RO,,L-PCX221,500,30,259.336,BK7,2.4,0
LEN,RO,,L-PCX222,800,30,414.938,BK7,2.3,0
LEN,RO,,L-PCX223,1000,30,518.722,BK7,2.2,0
LEN,RO,,L-PCX224,40,31.5,20.921,B270,9.3,0
LEN,RO,,L-PCX225,85,35,44.092,BK7,5.6,0
LEN,RO,,L-PCX226,38.1,12.7,19.763,BK7,3,0
LEN,RO,,L-PCX227,50,38,25.926,BK7,10.3,0
LEN,RO,,L-PCX228,75,38,38.889,BK7,7,0
LEN,RO,,L-PCX229,100,38,51.852,BK7,5.6,0
LEN,RO,,L-PCX230,125,38,64.815,BK7,4.9,0
LEN,RO,,L-PCX231,85,15,43.928,BK7,3,0
LEN,RO,,L-PCX232,150,38,77.778,BK7,4.4,0
LEN,RO,,L-PCX233,200,38,103.705,BK7,3.8,0
LEN,RO,,L-PCX234,250,38,129.631,BK7,3.4,0
LEN,RO,,L-PCX235,500,38,259.261,BK7,2.7,0
LEN,RO,,L-PCX236,750,38,388.892,BK7,2.5,0
LEN,RO,,L-PCX237,40,20,20.67,BK7,4.9,0
LEN,RO,,L-PCX238,50.8,38.1,26.351,BK7,10,0
LEN,RO,,L-PCX239,25.4,25.4,13.13,BK7,12.8,0
LEN,RO,,L-PCX240,60,18,31.111,BK7,4.7,0
LEN,RO,,L-PCX241,50.2,25.4,25.94,BK7,6.32,0
LEN,RO,,L-PCX242,63.5,38.1,32.939,BK7,8,0
LEN,RO,,L-PCX243,88.3,25.4,45.771,BK7,4.8,0
LEN,RO,,L-PCX244,75.6,38.1,39.07,BK7,7.95,0
LEN,RO,,L-PCX245,88.3,38.1,45.771,BK7,7.16,0
LEN,RO,,L-PCX246,100,38.1,51.68,BK7,6.63,0
LEN,RO,,L-PCX247,125,38.1,64.6,BK7,5.87,0
LEN,RO,,L-PCX248,150,38.1,77.441,BK7,5.37,0
LEN,RO,,L-PCX249,175,38.1,90.269,BK7,5.02,0
LEN,RO,,L-PCX250,200,38.1,103.359,BK7,4.77,0
LEN,RO,,L-PCX251,223,38.1,138.735,F2,5,0
LEN,RO,,L-PCX252,250,38.1,129.199,BK7,4.41,0
LEN,RO,,L-PCX253,400,38.1,206.101,BK7,3.88,0
LEN,RO,,L-PCX254,500,38.1,257.533,BK7,3.8,0
LEN,RO,,L-PCX255,333,39.5,172.668,B270,3,0
LEN,RO,,L-PCX256,250,140,129.685,BK7,24.3,0
LEN,RO,,L-PCX257,63,40,32.951,B270,7.7,0
LEN,RO,,L-PCX258,70,40,36.311,BK7,7.9,0
LEN,RO,,L-PCX259,76,40,39.75,B270,6.4,0
LEN,RO,,L-PCX260,1000,25,518.672,BK7,2.1,0
LEN,RO,,L-PCX261,24,6,12.4,BK7,1.5,0
LEN,RO,,L-PCX262,100,40,51.873,BK7,6,0
LEN,RO,,L-PCX263,200,40,103.745,BK7,3.9,0
LEN,RO,,L-PCX264,60,41,31.381,B270,8.5,0
LEN,RO,,L-PCX265,60,42,31.123,BK7,10.1,0
LEN,RO,,L-PCX266,80,42,41.482,BK7,7.7,0
LEN,RO,,L-PCX267,150,42,77.809,BK7,4.9,0
LEN,RO,,L-PCX268,250,42,129.685,BK7,3.7,0
LEN,RO,,L-PCX269,600,42,311.236,BK7,2.7,0
LEN,RO,,L-PCX270,500,45,259.336,BK7,3,0
LEN,RO,,L-PCX271,78.3,46,41.11,BK7,9,0
LEN,RO,,L-PCX272,60,47,31.123,BK7,12.6,0
LEN,RO,,L-PCX273,300,47,155.618,BK7,3.8,0
LEN,RO,,L-PCX274,1000,47,518.672,BK7,2.5,0
LEN,RO,,L-PCX275,92,47.5,48.119,B270,8,0
LEN,RO,,L-PCX276,55,50,28.766,B270,15.8,0
LEN,RO,,L-PCX277,63,50,32.951,B270,12.5,0
LEN,RO,,L-PCX278,330,145,171.174,BK7,20,0
LEN,RO,,L-PCX279,450,145,233.427,BK7,15.5,0
LEN,RO,,L-PCX280,75,50,38.629,BK7,11.4,0
LEN,RO,,L-PCX281,101.2,27.2,53.09,BK7,3.7,0
LEN,RO,,L-PCX282,80,50,41.497,BK7,10.4,0
LEN,RO,,L-PCX283,88,50,45.331,BK7,9.7,0
LEN,RO,,L-PCX284,90,50,47.072,B270,8.4,0
LEN,RO,,L-PCX285,95,50,49.278,BK7,9.7,0
LEN,RO,,L-PCX286,100,50,51.852,BK7,9,0
LEN,RO,,L-PCX287,120,50,62.763,B270,7.3,0
LEN,RO,,L-PCX288,125,50,64.815,BK7,7.5,0
LEN,RO,,L-PCX289,150,50,78.456,B270,6,0
LEN,RO,,L-PCX290,160,50,83.682,B270,6.4,0
LEN,RO,,L-PCX291,175,50,90.139,BK7,5.6,0
LEN,RO,,L-PCX292,1000,145,518.672,BK7,9,0
LEN,RO,,L-PCX293,200,50,103.745,BK7,6,0
LEN,RO,,L-PCX294,250,50,129.685,BK7,4.4,0
LEN,RO,,L-PCX295,300,50,155.556,BK7,4.5,0
LEN,RO,,L-PCX296,400,50,207.409,BK7,4,0
LEN,RO,,L-PCX297,500,50,259.336,BK7,3.2,0
LEN,RO,,L-PCX298,700,50,363.108,BK7,2.9,0
LEN,RO,,L-PCX299,750,50,388.892,BK7,3.3,0
LEN,RO,,L-PCX300,225,150,116.668,BK7,31.7,0
LEN,RO,,L-PCX301,800,50,414.938,BK7,2.8,0
LEN,RO,,L-PCX302,500,101.6,257.533,BK7,9,0
LEN,RO,,L-PCX303,1000,50,518.672,BK7,2.6,0
LEN,RO,,L-PCX304,127,50.6,65.881,BK7,8,0
LEN,RO,,L-PCX305,50.2,6.35,25.94,BK7,3.19,0
LEN,RO,,L-PCX306,75,50.8,38.629,BK7,11.4,0
LEN,RO,,L-PCX307,76.2,50.8,39.527,BK7,12.1,0
LEN,RO,,L-PCX308,88.9,50.8,46.115,BK7,10.6,0
LEN,RO,,L-PCX309,100,50.8,51.68,BK7,9.67,0
LEN,RO,,L-PCX310,50,12.5,25.926,BK7,2.3,0
LEN,RO,,L-PCX311,150,50.8,77.441,BK7,7.27,0
LEN,RO,,L-PCX312,152.4,50.8,79.051,BK7,7.2,0
LEN,RO,,L-PCX313,177,50.8,91.811,BK7,6.6,0
LEN,RO,,L-PCX314,200,50.8,103.359,BK7,6.17,0
LEN,RO,,L-PCX315,250,50.8,129.199,BK7,5.52,0
LEN,RO,,L-PCX316,254,50.8,131.752,BK7,5.5,0
LEN,RO,,L-PCX317,300,50.8,155.039,BK7,5.09,0
LEN,RO,,L-PCX318,400,50.8,206.101,BK7,4.56,0
LEN,RO,,L-PCX319,500,50.8,257.798,BK7,4.25,0
LEN,RO,,L-PCX320,750,50.8,387.597,BK7,3.83,0
LEN,RO,,L-PCX321,1000,50.8,516.262,BK7,3.62,0
LEN,RO,,L-PCX322,100,52,51.873,BK7,9.9,0
LEN,RO,,L-PCX323,150,52,77.809,BK7,7.4,0
LEN,RO,,L-PCX324,70,60,36.311,BK7,18.6,0
LEN,RO,,L-PCX325,75,44.35,39.8,B270,12.2,0
LEN,RO,,L-PCX326,75,60,38.905,BK7,17,0
LEN,RO,,L-PCX327,90,60,46.685,BK7,13.8,0
LEN,RO,,L-PCX329,120,60,62.247,BK7,10.6,0
LEN,RO,,L-PCX330,135,60,70.607,B270,8.7,0
LEN,RO,,L-PCX331,150,60,77.808,BK7,9,0
LEN,RO,,L-PCX332,700,60,363.105,BK7,2.3,0
LEN,RO,,L-PCX333,75,63.5,38.629,BK7,18.3,0
LEN,RO,,L-PCX334,88,63.5,45.331,BK7,14.8,0
LEN,RO,,L-PCX335,100,63.5,51.509,BK7,12.8,0
LEN,RO,,L-PCX336,175,63.5,90.139,BK7,7.7,0
LEN,RO,,L-PCX337,100,65,52.304,B270,13.3,0
LEN,RO,,L-PCX338,300,66,155.617,BK7,6.5,0
LEN,RO,,L-PCX339,100,75,51.852,BK7,19.7,0
LEN,RO,,L-PCX340,125,75,64.815,BK7,15.5,0
LEN,RO,,L-PCX341,150,75,77.778,BK7,13.1,0
LEN,RO,,L-PCX342,175,75,90.139,BK7,10.4,0
LEN,RO,,L-PCX343,180,75,94.144,B270,9,0
LEN,RO,,L-PCX344,185,75,95.96,BK7,10.6,0
LEN,RO,,L-PCX345,50,40,25.936,BK7,11.3,0
LEN,RO,,L-PCX346,200,75,103.705,BK7,10.6,0
LEN,RO,,L-PCX347,250,75,129.631,BK7,9,0
LEN,RO,,L-PCX348,380,200,198.768,B270,30,0
LEN,RO,,L-PCX349,350,75,181.483,BK7,7.4,0
LEN,RO,,L-PCX350,500,75,259.261,BK7,6.2,0
LEN,RO,,L-PCX351,750,75,388.892,BK7,5.3,0
LEN,RO,,L-PCX352,127,76.2,65.876,BK7,15,0
LEN,RO,,L-PCX353,150,76.2,77.441,BK7,13,0
LEN,RO,,L-PCX354,175,76.2,90.139,BK7,10.4,0
LEN,RO,,L-PCX355,200,76.2,103.359,BK7,10.27,0
LEN,RO,,L-PCX356,250,76.2,128.766,BK7,7.7,0
LEN,RO,,L-PCX357,300,76.2,155.039,BK7,7.75,0
LEN,RO,,L-PCX358,500,76.2,257.533,BK7,6,0
LEN,RO,,L-PCX359,750,76.2,386.25,BK7,6,0
LEN,RO,,L-PCX360,1000,76.2,516.262,BK7,4.4,0
LEN,RO,,L-PCX361,140,77,72.622,BK7,13.9,0
LEN,RO,,L-PCX362,200,77,103.745,BK7,10.3,0
LEN,RO,,L-PCX363,100,80,51.873,BK7,21.6,0
LEN,RO,,L-PCX364,120,80,62.247,BK7,17.4,0
LEN,RO,,L-PCX365,130,80,67.435,BK7,16,0
LEN,RO,,L-PCX366,150,80,77.808,BK7,14,0
LEN,RO,,L-PCX367,1000,80,518.672,BK7,4.5,0
LEN,RO,,L-PCX368,150,88.9,77.262,BK7,15.5,0
LEN,RO,,L-PCX369,250,88.9,128.766,BK7,9.8,0
LEN,RO,,L-PCX370,120,90,62.763,B270,22,0
LEN,RO,,L-PCX371,200,90,103.745,BK7,13.2,0
LEN,RO,,L-PCX372,300,90,156.912,B270,9.1,0
LEN,RO,,L-PCX373,400,90,209.205,B270,7.4,0
LEN,RO,,L-PCX374,500,90,261.506,B270,6.2,0
LEN,RO,,L-PCX375,130,95,67.435,BK7,22.3,0
LEN,RO,,L-PCX376,300,95,155.618,BK7,10.4,0
LEN,RO,,L-PCX377,600,95,311.236,BK7,6.6,0
LEN,RO,,L-PCX378,450,250,235.35,B270,40.9,0
LEN,RO,,L-PCX379,120.8,100,62.247,BK7,28.8,0
LEN,RO,,L-PCX380,125,100,64.815,BK7,28.8,0
LEN,RO,,L-PCX381,150,100,77.778,BK7,23.2,0
LEN,RO,,L-PCX382,180,100,94.144,B270,17.4,0
LEN,RO,,L-PCX383,200,100,103.705,BK7,18,0
LEN,RO,,L-PCX384,250,100,129.631,BK7,15,0
LEN,RO,,L-PCX385,350,100,181.483,BK7,12.1,0
LEN,RO,,L-PCX386,500,100,259.261,BK7,9.9,0
LEN,RO,,L-PCX387,750,100,388.892,BK7,8.2,0
LEN,RO,,L-PCX388,1000,100,518.522,BK7,7.4,0
LEN,RO,,L-PCX389,150,101.6,77.262,BK7,20.8,0
LEN,RO,,L-PCX390,250,101.6,128.766,BK7,12.3,0
LEN,RO,,L-PCX391,254,101.6,131.752,BK7,14.1,0
LEN,RO,,L-PCX392,700,25,363.108,BK7,2.2,0
LEN,RO,,L-PCX394,300,200,156.912,B270,40,0
LEN,RO,,L-PCX395,125,12.5,64.815,BK7,1.8,0
LEN,RO,,L-PCX397,63.5,25,32.71,BK7,4.5,0
LEN,RO,,L-PCX398,76.2,25,39.25,BK7,4.1,0
LEN,RO,,L-PCX399,100,25,51.852,BK7,3,0
LEN,RO,,L-PCX400,105,25,54.466,BK7,3.4,0
LEN,RO,,L-PCX401,125,25,64.815,BK7,2.7,0
LEN,RO,,L-PCX402,250,150,130.753,B270,28,0
LEN,RO,,L-PCX403,120,150.5,62.728,B270,1.6,0
LEN,RO,,L-PCX404,140,25,70.607,B270,3.1,0
LEN,RO,,L-PCX405,150,25,77.778,BK7,2.5,0
LEN,RO,,L-PCX406,250,25,129.631,BK7,2.1,0
LEN,RO,,L-PCX407,400,25,207.469,BK7,2.4,0
LEN,RO,,L-PCX408,500,25,259.336,BK7,2.3,0
LEN,RO,,L-PCX409,38,25.4,19.57,BK7,5.6,0
LEN,RO,,L-PCX410,200,130,103.745,BK7,26.6,0
LEN,RO,,L-PCX411,62.9,25.4,32.51,BK7,5.58,0
LEN,RO,,L-PCX412,280,180,146.456,B270,35,0
LEN,RO,,L-PCX413,127,50.8,65.876,BK7,8,0
LEN,RO,,L-PCX426,50.2,12.7,25.94,BK7,3.78,0
LEN,RO,,L-PCX439,135,25,70.028,BK7,3.1,0
LEN,RO,,L-PCX505,40,6.6,20.741,BK7,1.8,0
LEN,RO,,L-PCX526,75.6,12.7,39.07,BK7,3.5,0
LEN,RO,,L-PCX537,42,20,21.778,BK7,4.2,0
LEN,RO,,L-PCX539,60,25,31.01,BK7,4.7,0
LEN,RO,,L-PCX541,50.8,25.4,26.351,BK7,5.2,0
LEN,RO,,L-PCX544,38.1,30,19.763,BK7,8.8,0
LEN,RO,,L-PCX545,90,40,46.685,BK7,6.5,0
LEN,RO,,L-PCX626,150,12.7,77.441,BK7,3.2,0
LEN,RO,,L-PCX643,125,25.4,64.6,BK7,4.26,0
LEN,RO,,L-PCX645,160,47.5,82.964,BK7,6,0
LEN,RO,,L-PCX743,175,25.4,90.269,BK7,3.89,0
LEN,RO,,L-PCX826,250,12.7,129.199,BK7,3.1,0
LEN,RO,,L-PCX843,250,25.4,129.199,BK7,3.62,0
LEN,RO,,L-PCX845,62.9,50.8,32.51,BK7,15.22,0
LEN,RO,,L-QPX003,15,7.5,6.901,SILICA,3.1,0
LEN,RO,,L-QPX009,25,15,11.502,SILICA,4.8,0
LEN,RO,,L-QPX012,50,25,23.004,SILICA,5.7,0
LEN,RO,,L-QPX015,75,25,34.507,SILICA,4.4,0
LEN,RO,,L-QPX018,100,25,46.009,SILICA,3.7,0
LEN,RO,,L-QPX021,150,25,69.012,SILICA,3.1,0
LEN,RO,,L-QPX024,200,25,92.013,SILICA,2.9,0
LEN,RO,,L-QPX027,250,25,115.022,SILICA,2.7,0
LEN,RO,,L-QPX030,75,50,34.507,SILICA,13.8,0
